order_id,user_id,order_ts,status,payment_method,coupon_code,discount_amount,total_amount
50001,1002,2025-03-15 20:49:59,completed,naverpay,,0,329000
50002,1002,2025-05-29 18:52:43,completed,card,SUMMER20,11300,45000
50003,1005,2025-01-27 17:49:48,completed,kakaopay,,0,32500
50004,1005,2025-02-03 22:51:20,completed,card,,0,72100
50005,1008,2025-01-23 22:49:05,completed,card,,0,16000
50006,1012,2025-01-31 14:08:52,completed,kakaopay,,0,97500
50007,1017,2025-01-02 16:39:17,refunded,naverpay,,0,206700
50008,1026,2025-01-14 19:56:25,completed,kakaopay,,0,210300
50009,1026,2025-02-16 23:29:48,completed,naverpay,,0,46600
50010,1026,2025-06-24 17:13:32,cancelled,card,,0,99600
50011,1029,2025-01-03 22:34:45,completed,kakaopay,WELCOME10,14200,127500
50012,1030,2025-01-29 19:49:18,cancelled,card,SPRING15,7900,44900
50013,1031,2025-02-16 22:09:42,completed,bank_transfer,,0,289400
50014,1032,2025-01-29 23:33:13,completed,kakaopay,,0,84500
50015,1033,2025-04-08 18:20:27,completed,kakaopay,WELCOME10,9800,87700
50016,1036,2025-10-08 19:20:59,completed,card,,0,40300
50017,1038,2025-06-12 19:04:21,completed,card,,0,68800
50018,1039,2025-01-13 23:17:13,completed,kakaopay,WELCOME10,8500,76800
50019,1042,2025-01-04 18:22:06,completed,naverpay,,0,236400
50020,1043,2025-01-31 20:26:44,cancelled,naverpay,,0,269000
50021,1043,2025-05-23 15:42:44,completed,naverpay,,0,26000
50022,1045,2025-01-04 20:25:16,completed,card,WELCOME10,1200,11200
50023,1045,2025-01-11 20:43:47,completed,kakaopay,,0,200900
50024,1046,2025-01-04 20:13:25,completed,naverpay,,0,306600
50025,1046,2025-02-15 23:43:42,refunded,card,,0,65000
50026,1052,2025-02-22 10:38:33,completed,naverpay,WELCOME10,8400,76000
50027,1053,2025-01-12 14:47:09,completed,card,,0,699700
50028,1059,2025-01-24 21:59:59,completed,card,,0,479600
50029,1059,2025-03-11 22:42:24,completed,card,,0,144200
50030,1063,2025-10-11 20:43:02,completed,naverpay,,0,889600
50031,1064,2025-02-12 19:28:00,completed,naverpay,SPRING15,19200,109000
50032,1065,2025-07-13 23:48:19,completed,kakaopay,,0,381800
50033,1072,2025-01-19 23:48:16,completed,kakaopay,,0,402800
50034,1072,2025-02-08 18:25:38,completed,bank_transfer,,0,126300
50035,1075,2025-01-30 19:46:24,completed,card,,0,144200
50036,1079,2025-01-15 23:59:17,completed,card,,0,718000
50037,1079,2025-02-22 17:53:09,completed,kakaopay,,0,33800
50038,1081,2025-05-21 23:38:29,completed,kakaopay,,0,316900
50039,1090,2025-01-09 22:55:52,refunded,card,WELCOME10,7200,64900
50040,1090,2025-01-11 17:07:50,completed,card,,0,58900
50041,1091,2025-03-30 17:20:48,completed,card,,0,649700
50042,1091,2025-06-27 22:35:52,completed,naverpay,,0,402800
50043,1091,2025-08-29 23:40:25,completed,naverpay,,0,400400
50044,1095,2025-01-10 21:51:11,completed,card,WELCOME10,49300,443500
50045,1097,2025-02-12 00:04:58,completed,card,,0,544400
50046,1099,2025-01-20 23:56:47,completed,card,WELCOME10,3200,29300
50047,1099,2025-09-12 18:03:50,completed,naverpay,FALL10,10600,95200
50048,1102,2025-01-13 19:11:23,completed,naverpay,WELCOME10,14400,129600
50049,1104,2025-01-25 17:17:54,refunded,naverpay,SPRING15,16700,94900
50050,1106,2025-07-15 13:33:17,cancelled,card,,0,26100
50051,1112,2025-01-19 19:52:57,completed,kakaopay,WELCOME10,40300,362500
50052,1112,2025-02-17 23:19:50,completed,kakaopay,,0,434800
50053,1114,2025-01-12 18:49:21,completed,card,,0,65900
50054,1114,2025-06-29 00:03:27,completed,card,SUMMER20,23200,93000
50055,1117,2025-02-10 18:25:58,completed,card,,0,266800
50056,1117,2025-03-22 23:01:17,cancelled,naverpay,SPRING15,31500,178800
50057,1117,2025-04-03 18:05:53,completed,naverpay,,0,72000
50058,1117,2025-04-21 13:18:28,cancelled,naverpay,,0,368100
50059,1120,2025-04-15 15:59:26,completed,kakaopay,SUMMER20,21900,87800
50060,1122,2025-01-29 20:38:08,completed,card,,0,94500
50061,1122,2025-02-22 23:58:26,completed,naverpay,,0,96400
50062,1123,2025-05-09 19:13:54,completed,card,WELCOME10,5900,53300
50063,1126,2025-02-03 16:07:02,completed,kakaopay,,0,118200
50064,1126,2025-02-24 20:21:53,completed,kakaopay,,0,65000
50065,1128,2025-01-14 19:33:04,completed,naverpay,SPRING15,5000,28100
50066,1128,2025-06-14 17:21:55,completed,kakaopay,,0,39400
50067,1129,2025-03-25 20:35:37,completed,naverpay,,0,32000
50068,1132,2025-01-14 19:40:56,refunded,card,,0,35600
50069,1137,2025-02-10 23:35:36,completed,kakaopay,WELCOME10,22100,198800
50070,1137,2025-04-01 23:29:09,completed,card,SUMMER20,110800,443000
50071,1142,2025-02-21 22:53:37,completed,bank_transfer,WELCOME10,35200,317100
50072,1142,2025-03-13 19:32:14,completed,naverpay,SPRING15,19700,111900
50073,1143,2025-01-15 17:20:17,completed,kakaopay,,0,225400
50074,1143,2025-03-01 13:57:55,completed,kakaopay,,0,113900
50075,1144,2025-08-05 19:35:55,completed,kakaopay,WELCOME10,15500,139200
50076,1150,2025-01-21 23:26:42,completed,kakaopay,WELCOME10,79800,718700
50077,1151,2025-05-17 21:18:03,completed,card,WELCOME10,7200,64900
50078,1152,2025-01-28 16:45:55,completed,card,,0,692500
50079,1155,2025-02-16 17:10:00,completed,card,WELCOME10,52900,475700
50080,1155,2025-03-23 23:24:22,completed,kakaopay,SPRING15,8700,49000
50081,1155,2025-04-08 23:44:45,completed,kakaopay,,0,57800
50082,1156,2025-02-15 22:42:42,completed,card,WELCOME10,8400,76100
50083,1158,2025-01-31 22:03:37,completed,kakaopay,,0,104500
50084,1158,2025-06-02 21:35:10,completed,card,,0,193200
50085,1162,2025-03-07 23:46:52,completed,card,,0,32500
50086,1163,2025-02-01 21:19:45,completed,naverpay,,0,211500
50087,1163,2025-06-25 17:23:02,cancelled,card,,0,74500
50088,1164,2025-02-08 20:56:36,completed,card,WELCOME10,26800,240900
50089,1164,2025-04-11 20:28:54,completed,card,,0,160700
50090,1164,2025-07-13 21:07:55,completed,card,,0,49200
50091,1165,2025-01-18 00:01:36,completed,kakaopay,,0,243300
50092,1166,2025-02-02 23:13:45,completed,card,,0,125100
50093,1166,2025-03-19 16:34:59,completed,naverpay,,0,141700
50094,1166,2025-07-19 16:58:41,completed,naverpay,,0,19500
50095,1168,2025-03-16 22:31:14,completed,card,WELCOME10,48700,438600
50096,1170,2025-01-18 21:53:22,completed,card,,0,59200
50097,1175,2025-01-18 18:31:16,cancelled,bank_transfer,,0,16400
50098,1176,2025-01-18 23:53:02,completed,naverpay,WELCOME10,20600,185000
50099,1177,2025-02-11 18:35:21,completed,card,WELCOME10,12500,112600
50100,1178,2025-01-19 17:29:29,completed,kakaopay,WELCOME10,39700,356900
50101,1178,2025-03-21 21:35:43,completed,kakaopay,,0,86400
50102,1179,2025-01-18 23:47:28,completed,naverpay,WELCOME10,22900,206500
50103,1179,2025-02-26 19:58:15,completed,card,SPRING15,4900,27600
50104,1180,2025-02-25 21:38:22,completed,bank_transfer,,0,317600
50105,1180,2025-03-24 00:08:15,completed,card,,0,324700
50106,1184,2025-02-05 21:28:22,completed,naverpay,,0,17200
50107,1184,2025-06-04 18:04:42,cancelled,card,,0,168500
50108,1188,2025-01-19 17:51:33,completed,kakaopay,WELCOME10,58200,523400
50109,1188,2025-04-29 18:40:33,completed,kakaopay,,0,232100
50110,1194,2025-02-18 20:14:57,completed,naverpay,,0,109700
50111,1194,2025-03-16 15:13:29,completed,card,SPRING15,16500,93200
50112,1196,2025-01-23 20:43:35,completed,card,WELCOME10,3200,29300
50113,1197,2025-02-03 23:36:10,refunded,naverpay,,0,126300
50114,1201,2025-01-20 17:23:30,completed,naverpay,,0,84800
50115,1202,2025-01-27 23:10:33,completed,kakaopay,WELCOME10,4700,42700
50116,1202,2025-02-11 17:30:32,completed,naverpay,SPRING15,69600,394100
50117,1202,2025-05-12 22:50:19,completed,naverpay,,0,104600
50118,1207,2025-04-12 15:11:58,completed,card,,0,185000
50119,1208,2025-01-22 18:32:30,completed,card,WELCOME10,18000,162000
50120,1208,2025-05-12 21:13:13,completed,card,,0,295500
50121,1209,2025-01-21 23:45:14,completed,bank_transfer,,0,70800
50122,1212,2025-05-03 16:47:43,completed,bank_transfer,,0,446300
50123,1214,2025-01-30 18:23:52,completed,card,WELCOME10,58900,530400
50124,1214,2025-02-04 16:17:24,completed,card,,0,438700
50125,1214,2025-07-10 16:11:54,completed,naverpay,,0,97500
50126,1215,2025-02-11 23:34:21,completed,card,,0,665100
50127,1218,2025-02-04 16:47:49,completed,card,,0,375700
50128,1221,2025-03-13 16:20:27,completed,kakaopay,,0,6900
50129,1222,2025-01-26 18:08:31,completed,kakaopay,,0,70400
50130,1222,2025-02-03 15:41:03,completed,card,,0,126300
50131,1222,2025-02-19 15:17:41,completed,card,,0,170400
50132,1228,2025-01-26 14:01:43,completed,card,,0,224200
50133,1229,2025-03-23 13:46:57,completed,kakaopay,WELCOME10,34500,310300
50134,1230,2025-02-02 17:53:02,completed,card,WELCOME10,2600,23200
50135,1231,2025-02-19 22:59:58,completed,naverpay,,0,546800
50136,1232,2025-01-22 23:49:08,completed,kakaopay,,0,53000
50137,1235,2025-01-23 21:42:30,completed,card,SPRING15,38500,218400
50138,1235,2025-04-04 17:28:53,completed,kakaopay,,0,218800
50139,1236,2025-02-12 20:29:39,completed,kakaopay,,0,132500
50140,1240,2025-05-26 15:46:57,completed,kakaopay,WELCOME10,111900,1006800
50141,1241,2025-04-26 18:06:24,cancelled,kakaopay,,0,72000
50142,1242,2025-06-11 17:34:12,completed,card,WELCOME10,1800,16000
50143,1244,2025-01-23 16:56:42,completed,card,,0,70400
50144,1245,2025-01-28 15:39:29,completed,card,WELCOME10,22600,203400
50145,1245,2025-01-29 20:02:06,completed,card,SPRING15,72800,412700
50146,1247,2025-02-17 18:35:10,completed,kakaopay,,0,153000
50147,1247,2025-02-18 23:29:55,completed,card,,0,6900
50148,1247,2025-04-19 18:39:00,completed,card,,0,135800
50149,1254,2025-05-02 14:30:29,completed,naverpay,,0,474900
50150,1258,2025-03-16 14:06:02,completed,naverpay,WELCOME10,10500,94100
50151,1262,2025-01-25 18:03:34,completed,card,,0,105000
50152,1264,2025-02-05 19:15:04,completed,kakaopay,WELCOME10,20600,185200
50153,1271,2025-02-14 22:17:09,completed,card,WELCOME10,14700,132500
50154,1271,2025-03-26 23:40:30,completed,card,SPRING15,32800,186200
50155,1272,2025-03-06 21:59:05,completed,card,,0,74800
50156,1273,2025-03-03 15:06:37,completed,card,WELCOME10,51400,462400
50157,1273,2025-04-07 20:20:50,completed,card,,0,77900
50158,1273,2025-11-06 23:24:25,completed,card,,0,288100
50159,1274,2025-03-24 19:08:17,completed,card,,0,325400
50160,1274,2025-03-25 23:17:28,cancelled,naverpay,,0,125700
50161,1274,2025-08-26 17:48:43,cancelled,kakaopay,,0,46600
50162,1278,2025-05-20 20:47:12,completed,card,,0,307800
50163,1280,2025-02-01 19:20:31,completed,naverpay,,0,74800
50164,1282,2025-02-18 18:14:11,completed,card,,0,107800
50165,1282,2025-05-11 12:42:03,completed,kakaopay,SUMMER20,17300,69100
50166,1282,2025-07-16 20:42:03,completed,kakaopay,,0,167400
50167,1284,2025-01-27 00:15:57,completed,naverpay,SPRING15,13800,77900
50168,1284,2025-02-23 22:39:57,completed,naverpay,SPRING15,27400,155300
50169,1285,2025-04-19 19:22:05,completed,kakaopay,,0,728200
50170,1286,2025-02-06 23:19:42,completed,card,WELCOME10,3100,27700
50171,1287,2025-01-26 17:58:44,completed,naverpay,,0,182000
50172,1289,2025-02-02 23:41:22,completed,kakaopay,WELCOME10,28200,253800
50173,1289,2025-02-06 20:54:04,completed,kakaopay,,0,98900
50174,1289,2025-02-20 21:27:49,completed,naverpay,,0,414700
50175,1289,2025-03-01 22:13:55,completed,card,,0,52500
50176,1289,2025-03-18 23:38:51,completed,card,,0,105600
50177,1289,2025-04-17 21:32:39,completed,card,,0,369100
50178,1289,2025-04-20 11:17:43,completed,bank_transfer,,0,205600
50179,1291,2025-03-20 17:40:31,completed,kakaopay,,0,144200
50180,1291,2025-09-03 23:33:33,completed,card,,0,181300
50181,1293,2025-01-27 17:34:47,refunded,card,SPRING15,27400,155300
50182,1293,2025-03-05 19:31:32,completed,card,,0,277600
50183,1294,2025-01-27 18:50:06,completed,card,WELCOME10,7100,63700
50184,1294,2025-03-22 13:09:09,refunded,kakaopay,,0,178400
50185,1296,2025-02-27 20:05:51,completed,card,,0,310400
50186,1297,2025-02-06 21:09:04,completed,bank_transfer,,0,420600
50187,1299,2025-02-15 18:59:35,completed,card,,0,32500
50188,1305,2025-01-28 18:10:39,completed,bank_transfer,,0,122000
50189,1305,2025-04-06 13:15:19,completed,kakaopay,,0,21200
50190,1305,2025-06-28 21:21:59,completed,card,,0,552600
50191,1307,2025-03-01 14:40:24,completed,card,,0,313100
50192,1307,2025-12-24 21:19:03,completed,naverpay,,0,289400
50193,1308,2025-02-03 18:21:48,completed,bank_transfer,WELCOME10,12400,111800
50194,1310,2025-04-01 23:26:17,completed,naverpay,,0,17800
50195,1311,2025-04-30 20:38:15,completed,kakaopay,WELCOME10,13200,119200
50196,1312,2025-03-08 14:48:05,completed,kakaopay,WELCOME10,9900,89400
50197,1314,2025-03-25 22:11:52,cancelled,card,,0,90100
50198,1317,2025-12-15 16:50:16,completed,card,,0,174200
50199,1318,2025-12-28 14:40:40,completed,card,,0,427400
50200,1321,2025-03-10 21:38:12,completed,card,WELCOME10,25500,229700
50201,1323,2025-01-29 17:19:04,cancelled,card,,0,372600
50202,1325,2025-03-21 23:34:09,completed,card,WELCOME10,37300,335800
50203,1329,2025-08-23 20:23:41,completed,kakaopay,WELCOME10,5900,53300
50204,1330,2025-01-31 00:02:34,cancelled,naverpay,WELCOME10,14800,133600
50205,1330,2025-08-09 20:14:54,completed,card,,0,57700
50206,1331,2025-02-23 19:26:31,completed,card,WELCOME10,6400,57600
50207,1332,2025-04-02 16:56:18,completed,kakaopay,WELCOME10,12600,113700
50208,1333,2025-04-22 19:28:43,completed,naverpay,,0,311400
50209,1334,2025-02-03 16:59:47,completed,card,WELCOME10,42100,378500
50210,1334,2025-03-10 23:16:37,completed,card,,0,105700
50211,1336,2025-02-04 23:44:33,completed,card,SPRING15,14000,79500
50212,1342,2025-02-12 21:12:36,completed,naverpay,SPRING15,8400,47400
50213,1346,2025-02-01 17:18:07,completed,card,WELCOME10,41100,370100
50214,1350,2025-02-21 19:59:45,completed,card,WELCOME10,7200,64900
50215,1351,2025-02-01 13:41:18,completed,kakaopay,,0,70400
50216,1354,2025-02-01 14:13:10,completed,card,,0,366600
50217,1356,2025-02-08 13:26:37,completed,naverpay,,0,317600
50218,1356,2025-03-11 16:55:06,completed,naverpay,,0,97500
50219,1359,2025-02-01 23:49:31,completed,naverpay,,0,23500
50220,1359,2025-02-23 23:55:20,completed,card,,0,68200
50221,1360,2025-02-02 15:19:48,completed,naverpay,WELCOME10,40000,360000
50222,1363,2025-02-17 14:41:49,completed,naverpay,,0,220600
50223,1365,2025-02-19 21:58:28,completed,naverpay,,0,6900
50224,1365,2025-03-13 17:21:59,completed,kakaopay,,0,57800
50225,1370,2025-03-31 23:13:18,completed,bank_transfer,WELCOME10,41900,377300
50226,1372,2025-03-02 20:52:16,completed,naverpay,,0,25900
50227,1374,2025-02-03 18:52:22,completed,card,SPRING15,9800,55200
50228,1374,2025-03-09 19:05:52,completed,card,SPRING15,49100,278200
50229,1376,2025-03-20 20:56:39,completed,card,WELCOME10,5800,51900
50230,1376,2025-05-11 15:14:12,completed,card,,0,70800
50231,1379,2025-02-03 13:36:38,completed,card,,0,98200
50232,1384,2025-02-11 20:49:31,completed,card,WELCOME10,9400,84100
50233,1385,2025-03-13 23:21:55,completed,card,WELCOME10,3300,29800
50234,1390,2025-03-26 18:24:46,completed,card,,0,521700
50235,1394,2025-02-04 21:29:26,completed,naverpay,WELCOME10,31100,280300
50236,1394,2025-04-25 19:00:39,completed,card,,0,127800
50237,1396,2025-05-16 16:56:31,completed,naverpay,,0,552400
50238,1397,2025-04-03 15:28:19,completed,card,,0,141000
50239,1401,2025-03-22 13:40:55,completed,card,WELCOME10,6500,58500
50240,1402,2025-03-01 20:04:23,completed,naverpay,WELCOME10,7200,64800
50241,1403,2025-04-04 17:02:23,completed,naverpay,,0,216600
50242,1404,2025-02-05 22:42:58,completed,naverpay,SPRING15,37900,214700
50243,1405,2025-02-06 20:18:57,completed,card,,0,109700
50244,1405,2025-06-06 18:39:16,completed,naverpay,,0,411200
50245,1412,2025-03-22 00:10:26,completed,card,,0,21200
50246,1412,2025-03-28 12:30:08,completed,card,,0,90300
50247,1418,2025-02-14 16:25:17,completed,kakaopay,WELCOME10,10000,89600
50248,1421,2025-03-04 23:49:40,completed,card,WELCOME10,9800,87700
50249,1422,2025-02-09 17:18:47,completed,card,WELCOME10,12500,112500
50250,1423,2025-03-13 15:18:43,completed,card,WELCOME10,21600,194400
50251,1424,2025-03-22 14:44:53,cancelled,card,,0,189200
50252,1424,2025-04-19 13:41:47,completed,card,,0,75400
50253,1429,2025-02-07 22:32:07,completed,kakaopay,,0,128200
50254,1429,2025-03-29 21:05:41,completed,kakaopay,,0,55800
50255,1433,2025-02-26 17:34:47,completed,kakaopay,,0,55800
50256,1433,2025-02-28 18:57:38,completed,bank_transfer,,0,182100
50257,1435,2025-02-25 23:47:39,completed,kakaopay,,0,117500
50258,1435,2025-04-27 21:49:44,completed,card,SUMMER20,4700,19000
50259,1435,2025-04-30 15:48:21,completed,naverpay,,0,134200
50260,1438,2025-02-08 17:31:06,completed,card,,0,125200
50261,1438,2025-02-20 21:40:25,completed,kakaopay,,0,59200
50262,1441,2025-02-27 23:28:21,cancelled,card,,0,72100
50263,1441,2025-04-10 15:32:57,completed,card,,0,32500
50264,1445,2025-04-12 21:03:45,completed,naverpay,WELCOME10,3200,29300
50265,1446,2025-02-27 18:11:44,completed,bank_transfer,WELCOME10,31900,286900
50266,1447,2025-02-08 22:05:28,completed,card,,0,97500
50267,1448,2025-02-08 15:19:08,cancelled,kakaopay,,0,402800
50268,1449,2025-03-28 14:55:58,refunded,kakaopay,WELCOME10,6500,58500
50269,1452,2025-02-10 17:42:35,completed,bank_transfer,,0,57700
50270,1458,2025-02-10 00:08:36,completed,card,WELCOME10,21500,193600
50271,1464,2025-02-10 23:50:25,completed,card,,0,104600
50272,1465,2025-02-10 19:01:46,completed,naverpay,,0,238900
50273,1466,2025-03-11 23:05:32,completed,kakaopay,,0,59200
50274,1467,2025-03-04 13:17:19,completed,card,WELCOME10,58100,523100
50275,1471,2025-02-21 10:13:14,completed,naverpay,,0,402800
50276,1471,2025-03-04 21:08:41,completed,kakaopay,SPRING15,66000,373700
50277,1475,2025-02-11 23:53:36,completed,card,SPRING15,14500,82300
50278,1477,2025-03-18 15:11:42,completed,card,,0,6900
50279,1478,2025-03-29 16:22:00,completed,card,WELCOME10,7200,64800
50280,1478,2025-06-15 18:58:50,completed,bank_transfer,SUMMER20,30600,122500
50281,1480,2025-02-12 00:10:43,refunded,kakaopay,WELCOME10,16100,144900
50282,1480,2025-03-17 20:15:42,completed,card,,0,267700
50283,1481,2025-03-17 10:00:19,completed,card,,0,109700
50284,1482,2025-02-12 17:59:54,completed,bank_transfer,WELCOME10,31100,280300
50285,1482,2025-04-23 22:11:09,cancelled,kakaopay,,0,571000
50286,1482,2025-04-28 23:29:31,completed,naverpay,,0,214800
50287,1486,2025-02-18 00:07:38,completed,kakaopay,,0,100400
50288,1490,2025-03-17 00:01:22,completed,kakaopay,,0,87100
50289,1492,2025-02-13 15:53:32,completed,naverpay,,0,909300
50290,1493,2025-03-04 17:39:16,completed,kakaopay,WELCOME10,1700,15500
50291,1495,2025-02-13 23:01:40,completed,kakaopay,,0,126300
50292,1496,2025-02-14 00:01:50,completed,naverpay,WELCOME10,12800,115000
50293,1498,2025-03-01 19:10:00,completed,card,,0,252600
50294,1499,2025-03-15 21:45:33,completed,bank_transfer,,0,304800
50295,1502,2025-03-11 14:19:13,completed,card,,0,122500
50296,1502,2025-07-11 21:57:40,completed,card,,0,72100
50297,1502,2025-11-03 19:57:11,completed,naverpay,,0,172400
50298,1504,2025-06-10 16:16:02,completed,card,WELCOME10,4700,41900
50299,1504,2025-07-02 13:20:36,completed,naverpay,,0,252600
50300,1505,2025-02-15 18:49:54,completed,card,,0,509000
50301,1505,2025-02-24 14:33:20,completed,card,,0,130000
50302,1505,2025-03-04 16:53:29,completed,card,,0,92400
50303,1505,2025-03-05 16:50:44,completed,naverpay,SPRING15,12700,71800
50304,1509,2025-05-04 00:08:36,completed,naverpay,SUMMER20,13000,52000
50305,1510,2025-02-15 13:16:57,completed,kakaopay,,0,183300
50306,1514,2025-05-27 22:00:39,completed,card,WELCOME10,12600,113700
50307,1518,2025-02-26 10:57:40,refunded,naverpay,WELCOME10,123600,1112900
50308,1518,2025-03-06 15:09:01,completed,bank_transfer,,0,6900
50309,1519,2025-05-02 22:00:58,completed,card,,0,59200
50310,1520,2025-02-19 22:23:44,completed,card,,0,622800
50311,1521,2025-02-16 20:13:39,cancelled,naverpay,,0,155200
50312,1521,2025-04-01 22:23:39,cancelled,card,,0,117300
50313,1521,2025-04-09 20:47:21,completed,card,,0,136900
50314,1522,2025-04-29 22:05:03,completed,kakaopay,WELCOME10,10400,93500
50315,1523,2025-03-25 19:40:24,completed,naverpay,WELCOME10,6200,55900
50316,1523,2025-04-12 17:31:55,completed,card,SUMMER20,50500,202100
50317,1526,2025-02-16 20:07:00,completed,kakaopay,WELCOME10,66700,600300
50318,1526,2025-02-21 20:49:36,refunded,kakaopay,,0,52200
50319,1526,2025-03-20 17:11:21,completed,card,,0,537700
50320,1526,2025-06-06 17:31:17,cancelled,card,,0,313200
50321,1526,2025-09-13 19:24:32,completed,card,,0,84800
50322,1527,2025-03-08 23:37:32,cancelled,kakaopay,SPRING15,36900,209400
50323,1527,2025-03-16 14:22:43,completed,card,SPRING15,17500,99400
50324,1528,2025-03-14 21:32:07,completed,kakaopay,,0,234600
50325,1533,2025-03-23 23:57:28,completed,card,,0,295900
50326,1533,2025-03-28 21:56:25,completed,card,SPRING15,31500,178800
50327,1534,2025-06-21 18:10:47,completed,kakaopay,,0,962100
50328,1535,2025-02-17 16:04:38,completed,kakaopay,WELCOME10,20900,188100
50329,1536,2025-03-02 00:07:00,completed,kakaopay,WELCOME10,25700,231200
50330,1536,2025-03-21 13:11:56,completed,card,,0,202700
50331,1536,2025-04-23 20:39:56,completed,bank_transfer,SUMMER20,19600,78200
50332,1537,2025-03-02 22:31:52,completed,card,WELCOME10,25700,231200
50333,1540,2025-03-05 16:39:25,completed,card,,0,217100
50334,1543,2025-05-11 23:48:23,completed,kakaopay,WELCOME10,12100,108700
50335,1543,2025-06-10 19:32:56,cancelled,card,SUMMER20,43300,173000
50336,1544,2025-06-08 23:57:55,completed,card,,0,435300
50337,1545,2025-03-05 23:26:59,completed,kakaopay,,0,267700
50338,1545,2025-04-04 23:38:54,completed,naverpay,,0,66500
50339,1545,2025-05-14 18:02:38,completed,kakaopay,,0,79100
50340,1547,2025-03-19 23:44:03,completed,kakaopay,,0,103300
50341,1548,2025-03-16 17:07:04,completed,naverpay,,0,433600
50342,1548,2025-06-16 20:12:28,completed,card,,0,411200
50343,1548,2025-07-31 19:31:00,completed,kakaopay,FALL10,33700,303300
50344,1549,2025-02-21 19:03:48,completed,card,WELCOME10,14200,127400
50345,1549,2025-04-06 23:09:51,completed,bank_transfer,,0,229400
50346,1553,2025-03-02 20:40:32,completed,naverpay,WELCOME10,82200,739900
50347,1555,2025-03-14 23:51:33,completed,kakaopay,,0,280500
50348,1556,2025-03-29 18:33:57,completed,naverpay,,0,57800
50349,1556,2025-04-05 20:59:52,completed,card,,0,66200
50350,1556,2025-10-09 20:04:57,completed,naverpay,,0,151100
50351,1557,2025-05-05 23:09:03,completed,naverpay,,0,70000
50352,1558,2025-05-06 22:26:51,completed,naverpay,WELCOME10,71400,642800
50353,1559,2025-02-22 17:35:35,completed,kakaopay,,0,159600
50354,1559,2025-02-28 21:45:43,completed,card,SPRING15,4900,27600
50355,1562,2025-02-26 20:36:55,completed,kakaopay,WELCOME10,21300,191800
50356,1566,2025-04-14 16:17:05,completed,kakaopay,,0,65000
50357,1567,2025-04-14 14:14:01,completed,card,WELCOME10,5800,52000
50358,1574,2025-03-02 23:39:39,completed,card,,0,85900
50359,1576,2025-04-02 22:47:28,completed,card,,0,432200
50360,1576,2025-07-14 00:03:46,completed,card,,0,209100
50361,1577,2025-03-19 22:31:34,completed,card,,0,80500
50362,1577,2025-03-26 16:08:05,completed,kakaopay,SPRING15,8400,47400
50363,1577,2025-05-15 17:32:34,completed,bank_transfer,SUMMER20,36100,144400
50364,1577,2025-05-20 20:09:50,cancelled,card,SUMMER20,9300,37300
50365,1578,2025-02-23 22:22:56,completed,kakaopay,WELCOME10,5800,51900
50366,1578,2025-03-16 23:48:28,completed,card,SPRING15,94600,536300
50367,1579,2025-04-14 18:38:12,completed,naverpay,,0,411400
50368,1581,2025-04-17 22:11:22,completed,bank_transfer,WELCOME10,11200,100400
50369,1582,2025-03-09 21:25:39,completed,card,SPRING15,18900,107400
50370,1583,2025-04-03 00:04:06,completed,card,,0,47400
50371,1583,2025-05-04 16:25:18,completed,kakaopay,,0,931900
50372,1583,2025-06-23 23:56:17,completed,card,,0,25400
50373,1584,2025-04-25 19:44:11,completed,card,WELCOME10,9400,84100
50374,1587,2025-05-07 19:48:02,completed,card,,0,168200
50375,1588,2025-07-15 23:57:03,completed,card,,0,51000
50376,1591,2025-05-07 23:03:51,completed,naverpay,WELCOME10,12300,110900
50377,1591,2025-05-20 20:27:03,completed,kakaopay,,0,16400
50378,1596,2025-03-11 23:43:00,completed,kakaopay,,0,115400
50379,1598,2025-07-20 22:12:44,completed,card,WELCOME10,84800,762800
50380,1601,2025-02-22 12:41:43,completed,kakaopay,WELCOME10,22400,202100
50381,1606,2025-04-17 19:17:32,completed,naverpay,,0,14600
50382,1609,2025-04-10 22:54:53,cancelled,card,WELCOME10,2800,24700
50383,1611,2025-02-27 16:33:39,completed,card,WELCOME10,8600,77200
50384,1611,2025-03-25 17:55:03,completed,card,,0,6900
50385,1613,2025-02-23 18:30:10,completed,card,SPRING15,34400,195000
50386,1613,2025-07-16 23:55:12,cancelled,card,,0,298600
50387,1614,2025-03-23 19:07:47,completed,card,,0,19900
50388,1615,2025-04-18 16:23:18,completed,card,,0,126300
50389,1616,2025-04-29 15:34:27,completed,kakaopay,,0,42000
50390,1618,2025-04-04 21:56:44,completed,naverpay,SUMMER20,20100,80300
50391,1618,2025-04-05 22:35:18,completed,bank_transfer,,0,182100
50392,1625,2025-02-24 23:43:15,completed,card,WELCOME10,31800,285800
50393,1627,2025-02-24 11:04:11,completed,card,SPRING15,54700,310100
50394,1628,2025-02-25 19:59:26,completed,naverpay,,0,26000
50395,1631,2025-05-11 16:47:22,completed,card,WELCOME10,12600,113700
50396,1631,2025-05-18 17:33:41,completed,kakaopay,,0,16500
50397,1631,2025-12-02 15:15:32,completed,card,,0,430700
50398,1635,2025-03-15 17:40:02,cancelled,kakaopay,,0,119600
50399,1636,2025-04-08 17:56:57,completed,kakaopay,WELCOME10,4700,41900
50400,1637,2025-02-25 22:28:40,completed,kakaopay,,0,118700
50401,1640,2025-02-25 13:59:08,completed,naverpay,,0,210300
50402,1642,2025-06-01 21:09:09,completed,card,,0,48900
50403,1643,2025-05-18 16:40:06,completed,bank_transfer,,0,92500
50404,1647,2025-03-02 23:22:48,completed,naverpay,,0,341000
50405,1649,2025-02-25 21:18:30,completed,card,,0,28400
50406,1650,2025-03-11 19:08:48,completed,card,WELCOME10,8600,77600
50407,1650,2025-03-30 13:55:09,completed,card,,0,210300
50408,1652,2025-03-01 23:21:43,completed,kakaopay,,0,81400
50409,1654,2025-04-25 16:06:54,completed,card,,0,251100
50410,1656,2025-03-13 23:15:52,completed,naverpay,WELCOME10,6100,54800
50411,1656,2025-03-15 17:40:51,completed,card,,0,126300
50412,1658,2025-02-26 19:06:32,completed,card,WELCOME10,9400,84100
50413,1658,2025-05-17 13:03:54,completed,card,,0,374000
50414,1659,2025-03-31 00:14:13,completed,naverpay,WELCOME10,9100,81700
50415,1660,2025-03-03 23:30:53,completed,kakaopay,,0,32900
50416,1660,2025-03-20 16:39:12,completed,card,,0,146800
50417,1662,2025-05-17 18:21:17,cancelled,kakaopay,,0,366200
50418,1664,2025-03-04 16:31:22,completed,naverpay,,0,65000
50419,1671,2025-08-04 23:27:44,completed,kakaopay,,0,227400
50420,1675,2025-03-16 22:10:44,completed,card,WELCOME10,700,6200
50421,1675,2025-06-14 19:13:49,completed,naverpay,,0,552100
50422,1675,2025-07-29 23:52:37,completed,card,,0,196700
50423,1676,2025-03-24 22:34:02,completed,card,,0,343100
50424,1676,2025-04-28 17:11:19,completed,naverpay,SUMMER20,18800,75300
50425,1676,2025-06-25 13:30:14,completed,card,SUMMER20,41100,164500
50426,1680,2025-04-06 23:52:25,completed,card,,0,238100
50427,1687,2025-03-02 23:15:39,completed,kakaopay,WELCOME10,11100,100200
50428,1687,2025-03-15 23:19:50,completed,bank_transfer,,0,55800
50429,1687,2025-03-16 21:55:39,completed,naverpay,,0,557800
50430,1691,2025-04-27 19:36:35,cancelled,kakaopay,,0,356800
50431,1693,2025-03-09 15:35:43,refunded,bank_transfer,WELCOME10,5100,46100
50432,1693,2025-04-17 14:34:45,completed,kakaopay,,0,329100
50433,1694,2025-05-13 17:02:15,completed,kakaopay,SUMMER20,25300,101000
50434,1694,2025-08-25 18:36:40,completed,card,,0,173100
50435,1695,2025-03-01 16:47:49,completed,naverpay,SPRING15,9900,56300
50436,1695,2025-03-22 23:31:46,completed,kakaopay,SPRING15,39600,224200
50437,1695,2025-06-20 16:52:02,completed,kakaopay,,0,144600
50438,1696,2025-04-07 00:06:40,completed,kakaopay,WELCOME10,24300,218900
50439,1699,2025-08-09 20:00:15,cancelled,bank_transfer,,0,210100
50440,1700,2025-03-02 20:01:11,completed,naverpay,,0,82200
50441,1701,2025-04-12 19:21:55,completed,card,SUMMER20,153400,613600
50442,1701,2025-09-13 17:56:25,completed,card,FALL10,20000,179800
50443,1702,2025-03-02 20:59:27,completed,card,WELCOME10,6400,57300
50444,1702,2025-03-18 14:55:13,completed,kakaopay,SPRING15,17400,98800
50445,1703,2025-05-18 18:24:28,completed,card,,0,220200
50446,1703,2025-07-22 23:12:27,completed,card,,0,138200
50447,1704,2025-03-02 17:08:15,completed,kakaopay,,0,254100
50448,1704,2025-03-07 19:39:35,refunded,kakaopay,,0,137100
50449,1706,2025-03-02 23:31:26,completed,card,WELCOME10,9900,89400
50450,1715,2025-03-05 21:46:40,completed,card,,0,74800
50451,1715,2025-03-23 00:01:28,completed,card,,0,6900
50452,1715,2025-05-07 20:28:28,completed,kakaopay,,0,6900
50453,1717,2025-03-29 12:06:09,refunded,naverpay,WELCOME10,15800,142300
50454,1719,2025-03-15 15:51:15,completed,naverpay,,0,19900
50455,1720,2025-07-26 21:32:48,completed,naverpay,,0,97500
50456,1721,2025-03-20 17:53:13,completed,card,,0,32500
50457,1722,2025-03-04 18:25:44,completed,card,WELCOME10,3200,29300
50458,1722,2025-05-26 15:47:37,completed,kakaopay,,0,92800
50459,1723,2025-03-06 23:26:29,completed,kakaopay,,0,133500
50460,1724,2025-04-16 21:04:51,completed,kakaopay,WELCOME10,7200,64900
50461,1726,2025-03-15 20:28:49,completed,card,,0,72000
50462,1729,2025-03-06 20:31:51,completed,card,WELCOME10,6200,55900
50463,1730,2025-03-07 23:28:40,completed,card,,0,109700
50464,1732,2025-03-04 22:35:50,completed,card,,0,252600
50465,1735,2025-05-07 12:38:12,refunded,naverpay,,0,592900
50466,1735,2025-05-19 22:31:02,completed,card,,0,99300
50467,1740,2025-03-28 13:51:23,completed,card,WELCOME10,28000,252300
50468,1740,2025-04-18 13:01:04,completed,card,,0,61600
50469,1741,2025-03-29 18:34:57,completed,card,,0,29100
50470,1741,2025-07-16 16:25:57,completed,kakaopay,FALL10,5200,46800
50471,1743,2025-03-06 00:00:24,completed,card,SPRING15,11500,65400
50472,1744,2025-03-15 00:06:49,completed,bank_transfer,,0,23900
50473,1744,2025-06-10 20:21:16,completed,card,,0,169600
50474,1747,2025-03-08 15:26:49,completed,kakaopay,WELCOME10,3200,28800
50475,1747,2025-03-10 23:53:10,completed,naverpay,,0,97800
50476,1747,2025-03-24 19:56:58,refunded,kakaopay,,0,40800
50477,1747,2025-04-29 00:01:31,completed,card,,0,14300
50478,1747,2025-05-18 18:11:33,completed,bank_transfer,,0,70800
50479,1747,2025-08-03 18:16:55,completed,naverpay,,0,32500
50480,1748,2025-03-11 16:58:31,completed,card,WELCOME10,10400,93700
50481,1749,2025-07-26 17:05:17,completed,card,,0,13800
50482,1755,2025-03-06 23:37:48,completed,kakaopay,,0,215100
50483,1757,2025-03-06 16:43:56,cancelled,naverpay,WELCOME10,47300,425900
50484,1759,2025-04-06 16:39:52,completed,card,WELCOME10,82000,737600
50485,1759,2025-04-18 20:57:23,completed,card,,0,487600
50486,1759,2025-05-11 00:08:08,refunded,kakaopay,,0,66200
50487,1760,2025-05-23 22:14:38,completed,card,,0,70400
50488,1760,2025-11-29 14:22:31,completed,card,,0,32500
50489,1761,2025-03-07 19:03:17,completed,naverpay,SPRING15,9800,55200
50490,1761,2025-03-12 14:35:45,cancelled,card,,0,126400
50491,1764,2025-03-14 16:22:21,completed,bank_transfer,WELCOME10,40300,362500
50492,1764,2025-04-13 23:53:31,completed,kakaopay,,0,210300
50493,1764,2025-05-20 19:37:42,refunded,card,,0,248600
50494,1764,2025-06-12 14:05:21,completed,card,,0,371400
50495,1765,2025-07-09 14:42:18,completed,bank_transfer,,0,65000
50496,1765,2025-12-08 18:15:38,completed,card,XMAS25,6500,19500
50497,1768,2025-04-14 15:56:35,completed,kakaopay,WELCOME10,1600,14400
50498,1774,2025-03-11 13:55:55,completed,card,WELCOME10,15800,142300
50499,1775,2025-03-15 23:51:59,completed,card,WELCOME10,20200,181800
50500,1776,2025-04-11 18:45:33,completed,card,,0,377200
50501,1782,2025-04-03 17:56:40,completed,card,,0,147700
50502,1782,2025-05-27 13:42:26,completed,card,,0,176100
50503,1784,2025-03-25 18:46:30,completed,card,,0,251900
50504,1784,2025-05-28 15:42:04,cancelled,card,,0,126300
50505,1785,2025-03-08 23:26:38,cancelled,card,SPRING15,18800,106800
50506,1785,2025-04-01 20:39:10,completed,card,,0,232500
50507,1792,2025-05-17 23:17:34,completed,kakaopay,WELCOME10,60800,546800
50508,1793,2025-03-18 20:46:36,completed,kakaopay,WELCOME10,11800,106700
50509,1793,2025-06-28 16:21:48,completed,kakaopay,,0,115400
50510,1795,2025-05-02 23:20:38,completed,naverpay,,0,1017600
50511,1797,2025-04-20 21:50:45,completed,bank_transfer,,0,70000
50512,1803,2025-03-25 16:21:34,completed,card,,0,168000
50513,1807,2025-04-19 11:28:02,completed,kakaopay,,0,413700
50514,1807,2025-04-25 00:14:22,completed,kakaopay,,0,66200
50515,1808,2025-05-04 23:46:39,completed,card,,0,205600
50516,1812,2025-06-15 00:10:59,cancelled,kakaopay,,0,11700
50517,1815,2025-03-17 23:51:43,completed,card,SPRING15,49200,278700
50518,1818,2025-03-11 09:13:33,completed,bank_transfer,,0,55800
50519,1820,2025-03-19 18:33:51,completed,kakaopay,,0,110400
50520,1823,2025-03-24 18:46:49,completed,kakaopay,WELCOME10,12000,108000
50521,1824,2025-05-20 18:50:09,completed,bank_transfer,WELCOME10,21000,189300
50522,1835,2025-03-13 22:55:11,completed,naverpay,,0,126200
50523,1838,2025-03-13 23:51:43,completed,card,WELCOME10,8400,76000
50524,1838,2025-04-27 17:58:01,completed,naverpay,,0,510500
50525,1838,2025-05-06 17:52:15,completed,kakaopay,,0,40800
50526,1838,2025-08-25 17:57:59,completed,bank_transfer,,0,111600
50527,1840,2025-03-22 23:12:51,completed,naverpay,WELCOME10,13000,117000
50528,1848,2025-12-09 17:05:45,completed,kakaopay,WELCOME10,9900,88800
50529,1851,2025-03-29 15:45:47,completed,naverpay,SPRING15,5000,28100
50530,1853,2025-03-14 20:51:49,completed,naverpay,WELCOME10,80600,725000
50531,1858,2025-07-29 00:08:43,completed,naverpay,,0,93500
50532,1861,2025-03-14 17:51:27,completed,naverpay,WELCOME10,13300,119300
50533,1862,2025-03-25 22:09:53,cancelled,card,WELCOME10,10000,89500
50534,1864,2025-03-14 15:34:01,completed,card,,0,108900
50535,1865,2025-05-04 23:22:28,completed,kakaopay,,0,70800
50536,1866,2025-05-03 23:16:32,refunded,kakaopay,SUMMER20,6500,26000
50537,1866,2025-07-19 23:43:11,completed,kakaopay,FALL10,5600,50200
50538,1868,2025-04-22 22:38:10,cancelled,kakaopay,WELCOME10,4400,39900
50539,1868,2025-04-29 23:29:30,refunded,naverpay,,0,283000
50540,1868,2025-05-11 23:34:06,completed,naverpay,,0,205600
50541,1873,2025-05-27 23:30:21,completed,card,,0,128200
50542,1873,2025-07-22 10:14:22,completed,kakaopay,,0,335700
50543,1878,2025-04-05 12:59:36,completed,card,WELCOME10,6500,58500
50544,1881,2025-06-22 23:20:42,completed,card,,0,156200
50545,1882,2025-03-16 20:28:53,completed,bank_transfer,SPRING15,9700,55000
50546,1883,2025-06-18 17:46:16,completed,card,WELCOME10,11000,99300
50547,1886,2025-03-29 20:19:59,completed,kakaopay,,0,1279200
50548,1887,2025-03-17 00:05:51,completed,kakaopay,,0,65000
50549,1887,2025-04-20 22:43:21,refunded,card,,0,105400
50550,1887,2025-05-20 19:11:52,completed,card,,0,65000
50551,1887,2025-08-29 20:40:07,completed,card,FALL10,3500,31500
50552,1889,2025-03-17 22:00:16,completed,card,,0,272700
50553,1889,2025-03-28 12:09:10,completed,kakaopay,,0,192300
50554,1890,2025-03-20 18:58:02,completed,card,WELCOME10,16900,152400
50555,1890,2025-05-08 14:28:00,completed,naverpay,SUMMER20,30900,123500
50556,1891,2025-03-19 19:48:55,completed,card,WELCOME10,7700,69600
50557,1893,2025-05-30 16:29:58,completed,kakaopay,WELCOME10,1800,16000
50558,1894,2025-03-23 15:06:40,refunded,naverpay,WELCOME10,59900,538900
50559,1894,2025-03-24 19:26:57,completed,naverpay,,0,57700
50560,1894,2025-05-28 23:23:12,completed,card,,0,66200
50561,1895,2025-03-17 17:06:53,completed,card,,0,32500
50562,1896,2025-04-09 23:17:18,completed,card,,0,210300
50563,1897,2025-03-17 18:00:14,completed,card,,0,104400
50564,1898,2025-03-17 21:10:22,completed,card,WELCOME10,6500,58500
50565,1899,2025-03-17 19:23:18,completed,naverpay,WELCOME10,16700,150100
50566,1899,2025-07-07 00:12:17,completed,kakaopay,,0,276500
50567,1900,2025-04-24 00:13:07,completed,kakaopay,,0,313300
50568,1902,2025-04-14 20:44:20,refunded,card,,0,86800
50569,1902,2025-04-25 20:33:40,completed,kakaopay,SUMMER20,210200,841000
50570,1902,2025-04-30 22:41:22,completed,card,,0,145800
50571,1903,2025-03-23 23:34:14,completed,kakaopay,,0,120700
50572,1903,2025-03-24 20:40:09,completed,bank_transfer,,0,210300
50573,1904,2025-03-21 23:56:55,cancelled,naverpay,SPRING15,10200,58000
50574,1904,2025-05-01 00:08:22,completed,kakaopay,,0,241600
50575,1905,2025-04-22 10:11:41,completed,card,WELCOME10,1400,12800
50576,1906,2025-04-03 19:53:30,completed,naverpay,,0,39000
50577,1908,2025-05-12 18:43:57,completed,card,,0,39400
50578,1909,2025-04-04 16:45:45,completed,card,,0,251000
50579,1911,2025-03-18 23:41:49,refunded,card,,0,72100
50580,1911,2025-04-29 20:05:28,completed,naverpay,SUMMER20,49300,197100
50581,1911,2025-05-25 13:12:24,completed,kakaopay,,0,632300
50582,1917,2025-04-04 22:22:53,completed,kakaopay,WELCOME10,7200,64900
50583,1917,2025-10-22 21:55:23,completed,card,,0,79000
50584,1919,2025-03-20 00:00:43,completed,bank_transfer,SPRING15,5200,29800
50585,1919,2025-04-01 16:44:11,completed,card,,0,57800
50586,1922,2025-04-01 13:37:42,completed,card,SUMMER20,28100,112300
50587,1926,2025-07-27 16:58:23,completed,bank_transfer,,0,223000
50588,1930,2025-04-05 17:29:20,completed,bank_transfer,WELCOME10,3200,28800
50589,1933,2025-03-26 23:31:32,cancelled,card,,0,63300
50590,1933,2025-04-03 14:08:49,completed,kakaopay,,0,241900
50591,1934,2025-03-21 18:12:46,completed,card,WELCOME10,13200,119200
50592,1934,2025-04-09 23:30:11,completed,kakaopay,,0,65000
50593,1936,2025-03-20 23:50:53,completed,naverpay,,0,323400
50594,1936,2025-03-31 19:16:38,completed,card,,0,255600
50595,1939,2025-03-21 22:39:21,completed,naverpay,WELCOME10,3200,29300
50596,1939,2025-03-29 00:02:53,completed,naverpay,,0,1023300
50597,1939,2025-05-08 19:12:09,completed,kakaopay,,0,72100
50598,1939,2025-05-31 14:34:47,completed,naverpay,,0,200800
50599,1939,2025-07-30 23:34:24,completed,card,,0,259900
50600,1940,2025-03-20 22:27:54,completed,card,,0,65000
50601,1940,2025-04-24 20:21:22,completed,card,,0,62500
50602,1942,2025-03-20 16:04:36,completed,card,,0,564700
50603,1944,2025-03-20 23:22:39,completed,kakaopay,,0,104900
50604,1944,2025-06-07 19:59:26,completed,card,,0,70900
50605,1944,2025-06-07 23:27:24,completed,card,SUMMER20,121900,487700
50606,1945,2025-03-22 23:59:17,cancelled,kakaopay,,0,126300
50607,1945,2025-06-22 20:00:09,completed,card,,0,72000
50608,1946,2025-07-15 23:14:18,completed,kakaopay,,0,271800
50609,1946,2025-10-14 17:35:47,completed,card,,0,153300
50610,1950,2025-03-20 14:25:36,completed,kakaopay,SPRING15,18900,107400
50611,1950,2025-03-24 23:22:56,completed,kakaopay,,0,6900
50612,1951,2025-05-13 21:36:38,completed,card,,0,12500
50613,1954,2025-04-05 20:27:10,completed,kakaopay,WELCOME10,6500,58500
50614,1954,2025-05-22 16:13:07,completed,card,SUMMER20,20100,80300
50615,1955,2025-03-21 22:25:59,completed,naverpay,,0,40500
50616,1956,2025-03-31 12:31:49,completed,kakaopay,WELCOME10,12600,113700
50617,1958,2025-06-06 23:44:13,completed,kakaopay,WELCOME10,37400,337100
50618,1958,2025-07-22 15:23:25,completed,kakaopay,FALL10,27100,243500
50619,1961,2025-04-26 23:43:14,refunded,naverpay,WELCOME10,32600,293600
50620,1962,2025-04-29 20:44:07,completed,kakaopay,,0,274700
50621,1962,2025-05-09 21:26:37,completed,kakaopay,,0,62500
50622,1962,2025-05-26 22:31:14,completed,kakaopay,,0,126300
50623,1964,2025-04-13 18:40:00,completed,naverpay,SUMMER20,80100,320300
50624,1966,2025-03-21 13:23:37,completed,card,SPRING15,5400,30700
50625,1967,2025-04-06 23:09:38,completed,card,,0,169500
50626,1967,2025-06-20 23:45:02,completed,kakaopay,SUMMER20,91700,366900
50627,1967,2025-07-10 21:30:56,completed,bank_transfer,,0,311300
50628,1969,2025-03-28 16:19:05,cancelled,card,,0,73700
50629,1972,2025-05-22 15:46:42,completed,card,SUMMER20,1400,5500
50630,1973,2025-05-13 23:21:15,completed,card,,0,805600
50631,1974,2025-06-15 18:10:54,completed,kakaopay,,0,100400
50632,1976,2025-03-29 23:49:11,completed,kakaopay,WELCOME10,17200,155200
50633,1981,2025-04-17 00:04:18,completed,kakaopay,,0,507900
50634,1982,2025-04-16 23:28:41,completed,card,WELCOME10,38800,348900
50635,1983,2025-07-03 13:15:37,completed,kakaopay,,0,502000
50636,1988,2025-04-19 23:54:42,cancelled,naverpay,SUMMER20,11600,46200
50637,1989,2025-04-22 18:22:15,completed,card,,0,311400
50638,1990,2025-04-04 19:58:41,completed,bank_transfer,WELCOME10,35300,317700
50639,1990,2025-04-14 16:00:03,completed,card,,0,46600
50640,1992,2025-05-05 16:28:08,completed,card,WELCOME10,8900,79700
50641,1993,2025-03-23 13:55:39,completed,kakaopay,WELCOME10,24000,215900
50642,1997,2025-04-07 23:16:27,completed,kakaopay,WELCOME10,25300,227300
50643,2002,2025-05-07 17:41:56,completed,card,SUMMER20,11200,44600
50644,2008,2025-03-31 18:14:22,completed,card,,0,135800
50645,2008,2025-07-02 16:27:27,completed,card,,0,233100
50646,2016,2025-03-25 23:38:09,completed,naverpay,SPRING15,30700,173800
50647,2017,2025-04-17 16:25:02,cancelled,kakaopay,WELCOME10,5800,51900
50648,2017,2025-05-27 23:47:04,completed,card,SUMMER20,74300,297300
50649,2022,2025-03-26 00:00:55,completed,card,,0,126600
50650,2022,2025-09-24 00:00:10,refunded,card,,0,852200
50651,2023,2025-06-03 22:49:59,completed,kakaopay,,0,154500
50652,2025,2025-04-05 20:12:10,completed,card,,0,17800
50653,2027,2025-04-24 00:00:40,completed,kakaopay,,0,455900
50654,2027,2025-09-03 18:32:42,completed,card,,0,289400
50655,2027,2025-09-07 18:47:06,completed,kakaopay,,0,144200
50656,2028,2025-04-01 22:15:22,completed,card,WELCOME10,19000,171200
50657,2028,2025-06-28 13:22:18,completed,kakaopay,,0,109700
50658,2029,2025-04-16 00:03:05,refunded,card,WELCOME10,15500,139700
50659,2035,2025-05-18 13:30:00,completed,naverpay,SUMMER20,8700,34700
50660,2037,2025-03-30 23:01:12,completed,kakaopay,,0,256900
50661,2037,2025-04-16 21:35:16,completed,card,,0,258500
50662,2037,2025-08-19 18:43:43,completed,card,,0,86900
50663,2038,2025-03-29 23:11:56,completed,card,,0,32500
50664,2040,2025-03-27 21:17:59,completed,naverpay,,0,182100
50665,2042,2025-03-27 19:59:24,completed,card,WELCOME10,10500,94500
50666,2043,2025-05-15 20:54:30,refunded,kakaopay,,0,243200
50667,2046,2025-03-29 23:20:55,completed,card,,0,72000
50668,2047,2025-04-25 21:07:42,completed,bank_transfer,,0,490800
50669,2047,2025-05-04 23:42:24,completed,kakaopay,SUMMER20,14400,57700
50670,2050,2025-03-28 18:41:29,completed,kakaopay,SPRING15,17800,100600
50671,2053,2025-04-07 23:02:08,completed,card,,0,32500
50672,2059,2025-04-12 20:30:55,completed,kakaopay,WELCOME10,15400,138600
50673,2060,2025-07-03 00:08:29,refunded,card,WELCOME10,12600,113700
50674,2062,2025-04-14 08:11:57,completed,bank_transfer,,0,438900
50675,2063,2025-05-27 18:23:25,completed,kakaopay,WELCOME10,2800,24700
50676,2064,2025-04-03 21:48:54,completed,kakaopay,WELCOME10,4900,44500
50677,2068,2025-04-14 17:31:29,completed,kakaopay,,0,200800
50678,2068,2025-05-10 21:47:24,cancelled,kakaopay,,0,46600
50679,2069,2025-04-24 19:14:00,completed,card,,0,6900
50680,2069,2025-07-26 16:43:05,cancelled,kakaopay,,0,492700
50681,2077,2025-03-30 12:10:40,completed,card,,0,70400
50682,2080,2025-04-06 23:03:59,completed,card,SUMMER20,8400,33500
50683,2084,2025-04-03 14:53:00,completed,kakaopay,,0,110300
50684,2087,2025-04-08 17:29:55,completed,card,,0,77500
50685,2087,2025-06-02 00:03:10,refunded,card,,0,70400
50686,2088,2025-05-15 23:56:46,completed,kakaopay,,0,252600
50687,2088,2025-05-30 23:58:18,completed,bank_transfer,,0,229800
50688,2094,2025-06-15 14:13:18,completed,card,SUMMER20,24400,97400
50689,2095,2025-10-31 16:18:07,completed,card,WELCOME10,10000,90400
50690,2097,2025-03-31 15:35:48,cancelled,naverpay,,0,61600
50691,2097,2025-04-16 23:30:16,completed,card,,0,115400
50692,2099,2025-03-31 21:50:31,completed,kakaopay,,0,135000
50693,2100,2025-04-21 16:15:54,completed,card,WELCOME10,5600,50200
50694,2101,2025-04-24 23:23:00,completed,kakaopay,,0,70800
50695,2104,2025-04-08 23:03:07,refunded,card,,0,931900
50696,2107,2025-04-03 22:05:19,cancelled,kakaopay,SUMMER20,131600,526600
50697,2108,2025-04-30 23:45:58,completed,kakaopay,WELCOME10,3300,29800
50698,2109,2025-03-31 17:07:27,completed,card,,0,256900
50699,2110,2025-10-10 00:12:11,cancelled,card,,0,126300
50700,2111,2025-03-31 21:56:37,completed,card,WELCOME10,42100,378500
50701,2115,2025-08-10 19:32:24,completed,kakaopay,FALL10,2100,18600
50702,2115,2025-08-18 19:14:40,completed,naverpay,,0,237400
50703,2118,2025-05-28 12:00:08,completed,kakaopay,,0,187200
50704,2118,2025-06-10 23:53:50,completed,kakaopay,,0,220000
50705,2121,2025-06-02 20:36:42,completed,card,,0,174700
50706,2122,2025-05-08 20:11:19,completed,naverpay,,0,205600
50707,2123,2025-05-17 18:07:23,completed,card,WELCOME10,28400,256000
50708,2123,2025-08-03 15:16:17,completed,card,,0,344800
50709,2124,2025-05-01 23:10:15,completed,card,,0,481700
50710,2124,2025-05-22 17:17:14,completed,bank_transfer,,0,38600
50711,2131,2025-06-20 23:56:29,completed,kakaopay,,0,23700
50712,2132,2025-04-02 23:45:47,completed,bank_transfer,,0,215300
50713,2133,2025-04-03 19:17:00,completed,naverpay,,0,241700
50714,2135,2025-04-19 17:01:52,completed,naverpay,,0,708700
50715,2138,2025-05-01 19:38:06,completed,kakaopay,WELCOME10,12800,115400
50716,2139,2025-04-03 23:24:29,refunded,kakaopay,,0,211900
50717,2142,2025-04-25 19:10:47,completed,card,,0,80200
50718,2143,2025-10-09 16:25:30,completed,card,XMAS25,12300,37000
50719,2144,2025-04-03 19:58:21,completed,naverpay,WELCOME10,13700,123500
50720,2147,2025-04-04 14:36:51,completed,naverpay,,0,281900
50721,2147,2025-12-03 19:02:30,completed,kakaopay,,0,90800
50722,2148,2025-05-10 22:33:03,completed,naverpay,,0,425000
50723,2149,2025-04-15 20:47:21,completed,kakaopay,,0,131100
50724,2149,2025-04-18 20:54:35,completed,card,,0,65000
50725,2158,2025-06-24 21:30:24,completed,kakaopay,WELCOME10,700,6200
50726,2159,2025-04-17 00:13:32,completed,card,,0,101200
50727,2160,2025-04-04 20:53:11,completed,naverpay,WELCOME10,31100,280300
50728,2160,2025-04-16 21:07:21,completed,naverpay,,0,310800
50729,2160,2025-05-09 18:36:57,completed,kakaopay,,0,128500
50730,2160,2025-08-26 23:38:22,completed,kakaopay,,0,259800
50731,2164,2025-04-20 20:45:55,completed,naverpay,SUMMER20,70600,282400
50732,2164,2025-04-26 18:24:55,completed,kakaopay,,0,16900
50733,2164,2025-05-28 23:26:03,completed,kakaopay,,0,40800
50734,2166,2025-04-06 23:29:09,cancelled,bank_transfer,,0,265000
50735,2166,2025-05-01 22:27:49,completed,bank_transfer,,0,402800
50736,2168,2025-08-13 21:28:56,completed,naverpay,WELCOME10,84500,760100
50737,2169,2025-04-05 20:30:43,completed,card,WELCOME10,17200,155200
50738,2171,2025-07-01 18:22:18,completed,kakaopay,WELCOME10,3300,29800
50739,2171,2025-09-27 23:30:33,completed,bank_transfer,,0,185500
50740,2175,2025-05-07 20:15:46,completed,card,,0,210300
50741,2176,2025-04-12 20:58:17,completed,card,,0,175500
50742,2176,2025-04-15 18:43:26,completed,card,,0,52400
50743,2176,2025-04-20 17:36:29,completed,card,,0,210300
50744,2176,2025-06-20 23:13:43,completed,card,,0,513800
50745,2176,2025-12-04 23:33:57,completed,card,,0,70400
50746,2177,2025-04-05 19:42:51,completed,kakaopay,,0,144200
50747,2178,2025-07-16 22:54:27,completed,kakaopay,WELCOME10,32100,289300
50748,2179,2025-04-12 12:23:01,completed,card,,0,6900
50749,2179,2025-06-15 22:21:35,completed,naverpay,,0,24400
50750,2182,2025-04-20 16:02:13,completed,kakaopay,WELCOME10,58800,529000
50751,2184,2025-04-16 23:25:31,completed,naverpay,,0,303900
50752,2185,2025-04-06 13:17:19,completed,kakaopay,WELCOME10,37200,335100
50753,2186,2025-04-26 22:57:04,cancelled,card,WELCOME10,2800,24700
50754,2187,2025-04-06 20:20:33,completed,card,SUMMER20,11200,44600
50755,2187,2025-04-26 23:47:55,refunded,card,,0,32500
50756,2188,2025-04-06 23:42:27,completed,kakaopay,,0,113200
50757,2190,2025-04-06 23:18:07,completed,card,,0,72100
50758,2194,2025-04-12 16:24:25,completed,card,,0,13800
50759,2195,2025-06-11 23:15:26,completed,kakaopay,WELCOME10,54200,487400
50760,2196,2025-04-07 23:38:27,cancelled,card,WELCOME10,93400,840600
50761,2197,2025-04-11 23:14:48,completed,card,WELCOME10,5600,50700
50762,2201,2025-06-20 21:29:36,completed,naverpay,WELCOME10,57700,519000
50763,2202,2025-04-25 19:33:18,cancelled,naverpay,WELCOME10,45800,412000
50764,2202,2025-05-12 15:13:06,completed,naverpay,,0,32500
50765,2202,2025-08-21 17:49:56,completed,card,,0,65000
50766,2204,2025-04-07 23:31:54,completed,kakaopay,WELCOME10,125000,1124900
50767,2207,2025-04-08 00:05:40,completed,naverpay,WELCOME10,1700,15200
50768,2208,2025-06-11 18:21:28,completed,card,,0,56000
50769,2208,2025-07-29 16:52:55,refunded,kakaopay,FALL10,7200,65000
50770,2209,2025-04-07 21:41:04,refunded,card,WELCOME10,26100,235300
50771,2210,2025-04-07 19:18:11,completed,card,,0,104400
50772,2210,2025-04-22 19:09:11,completed,card,,0,51000
50773,2213,2025-06-01 15:23:59,completed,card,SUMMER20,39600,158400
50774,2217,2025-04-13 17:52:45,completed,kakaopay,,0,35600
50775,2219,2025-05-24 19:38:30,refunded,card,,0,161100
50776,2225,2025-05-19 15:17:18,completed,bank_transfer,WELCOME10,21600,194500
50777,2226,2025-05-26 10:38:36,completed,card,,0,110700
50778,2230,2025-04-09 23:22:25,completed,card,,0,72000
50779,2232,2025-04-09 23:24:32,completed,card,WELCOME10,21000,189200
50780,2232,2025-04-11 20:51:48,refunded,card,,0,253200
50781,2232,2025-04-24 18:58:41,completed,card,,0,130000
50782,2232,2025-06-23 23:13:19,completed,card,,0,57800
50783,2234,2025-04-16 23:54:40,completed,kakaopay,,0,16400
50784,2235,2025-05-15 22:10:39,completed,kakaopay,,0,72000
50785,2235,2025-05-22 17:44:02,completed,naverpay,,0,16400
50786,2236,2025-04-19 19:26:47,cancelled,naverpay,WELCOME10,53800,484700
50787,2238,2025-04-29 23:49:56,completed,naverpay,WELCOME10,16900,152100
50788,2238,2025-06-12 16:35:23,cancelled,card,,0,266100
50789,2239,2025-04-18 18:59:01,cancelled,kakaopay,WELCOME10,14200,128200
50790,2239,2025-06-09 11:12:19,completed,card,,0,199600
50791,2240,2025-04-09 23:33:14,completed,card,,0,57800
50792,2240,2025-05-05 13:49:52,completed,card,SUMMER20,150300,601100
50793,2241,2025-12-18 21:11:16,completed,kakaopay,WELCOME10,6200,55400
50794,2242,2025-04-09 21:48:44,completed,kakaopay,,0,205600
50795,2242,2025-04-13 21:49:18,completed,card,,0,285100
50796,2242,2025-07-05 22:11:31,completed,kakaopay,,0,16500
50797,2243,2025-04-26 20:56:52,completed,kakaopay,SUMMER20,14500,57800
50798,2246,2025-04-10 21:22:58,completed,card,,0,110200
50799,2246,2025-08-16 00:06:54,completed,card,,0,282900
50800,2247,2025-05-13 17:24:03,completed,card,,0,92900
50801,2248,2025-05-14 21:27:30,completed,kakaopay,,0,67900
50802,2248,2025-05-25 19:58:01,completed,card,SUMMER20,3400,13500
50803,2255,2025-06-07 22:33:09,completed,naverpay,,0,33000
50804,2255,2025-09-05 16:10:37,completed,card,FALL10,15000,134600
50805,2256,2025-04-13 00:02:43,refunded,kakaopay,,0,220500
50806,2256,2025-05-16 22:33:37,completed,kakaopay,,0,30300
50807,2262,2025-12-05 23:11:32,completed,card,WELCOME10,11000,98700
50808,2263,2025-04-14 12:57:33,completed,kakaopay,WELCOME10,2800,24700
50809,2264,2025-04-19 23:13:04,completed,kakaopay,WELCOME10,11800,105700
50810,2264,2025-06-08 23:50:55,completed,card,,0,103700
50811,2264,2025-06-23 20:23:00,completed,kakaopay,,0,278800
50812,2268,2025-04-11 22:58:44,completed,naverpay,,0,108300
50813,2274,2025-07-05 20:58:03,completed,card,,0,16400
50814,2278,2025-04-12 23:50:43,completed,bank_transfer,,0,62500
50815,2282,2025-04-23 20:29:12,completed,naverpay,WELCOME10,7100,63700
50816,2282,2025-06-12 15:24:33,completed,bank_transfer,,0,64500
50817,2283,2025-04-12 10:56:19,completed,kakaopay,,0,213700
50818,2283,2025-07-19 18:00:41,completed,naverpay,FALL10,11500,103900
50819,2287,2025-04-12 18:20:30,completed,card,SUMMER20,2800,11400
50820,2290,2025-05-03 22:37:04,completed,card,,0,655000
50821,2290,2025-05-25 23:03:00,completed,naverpay,,0,184100
50822,2290,2025-08-31 17:55:15,completed,card,,0,70400
50823,2293,2025-06-25 19:01:39,completed,kakaopay,,0,458600
50824,2293,2025-08-22 16:58:09,completed,naverpay,FALL10,10000,90400
50825,2294,2025-04-29 18:34:39,completed,kakaopay,,0,65000
50826,2294,2025-05-24 19:07:55,completed,kakaopay,,0,158700
50827,2301,2025-05-12 22:17:00,completed,naverpay,WELCOME10,107800,970600
50828,2302,2025-04-14 21:30:10,completed,kakaopay,WELCOME10,43800,393700
50829,2302,2025-04-21 22:10:34,completed,card,,0,134800
50830,2305,2025-05-04 14:47:03,completed,kakaopay,,0,65000
50831,2305,2025-07-02 15:45:00,completed,card,,0,55800
50832,2307,2025-06-30 22:30:48,completed,card,WELCOME10,8200,73600
50833,2308,2025-04-14 22:27:05,completed,naverpay,SUMMER20,13000,52000
50834,2311,2025-06-16 13:45:21,completed,card,WELCOME10,27500,247100
50835,2311,2025-08-15 19:48:11,cancelled,card,,0,87100
50836,2312,2025-12-24 20:39:56,refunded,bank_transfer,,0,43000
50837,2317,2025-04-30 23:58:16,completed,kakaopay,,0,42000
50838,2317,2025-05-15 15:25:44,completed,naverpay,,0,306500
50839,2318,2025-07-03 23:17:53,completed,naverpay,WELCOME10,9100,81700
50840,2318,2025-07-30 00:19:34,completed,naverpay,,0,32500
50841,2319,2025-09-20 20:18:29,completed,card,WELCOME10,3200,29300
50842,2320,2025-10-29 20:31:00,completed,card,,0,313200
50843,2321,2025-05-11 21:28:04,completed,kakaopay,,0,27500
50844,2324,2025-04-23 17:38:02,completed,card,,0,150100
50845,2325,2025-05-06 12:54:07,completed,card,WELCOME10,83800,754700
50846,2326,2025-04-16 20:17:43,completed,naverpay,WELCOME10,6600,59000
50847,2326,2025-05-05 21:00:25,completed,card,,0,126700
50848,2326,2025-09-06 18:10:02,completed,naverpay,,0,201900
50849,2329,2025-04-16 23:48:16,completed,card,WELCOME10,6100,54800
50850,2331,2025-04-24 16:54:17,completed,naverpay,WELCOME10,6600,59600
50851,2332,2025-04-25 20:00:11,completed,naverpay,,0,65000
50852,2334,2025-05-04 19:09:27,completed,kakaopay,,0,219500
50853,2334,2025-07-01 23:07:00,completed,kakaopay,,0,473200
50854,2337,2025-06-18 17:34:49,completed,kakaopay,SUMMER20,15900,63400
50855,2337,2025-09-13 21:33:07,completed,naverpay,,0,193200
50856,2338,2025-05-14 18:59:51,completed,naverpay,,0,75400
50857,2338,2025-06-26 23:00:49,completed,naverpay,,0,33100
50858,2338,2025-11-22 21:03:25,completed,kakaopay,,0,402800
50859,2339,2025-04-26 15:45:53,completed,card,WELCOME10,29100,262000
50860,2339,2025-06-10 20:43:44,completed,kakaopay,,0,154100
50861,2340,2025-05-03 22:20:56,completed,card,,0,10600
50862,2340,2025-07-05 19:40:46,completed,card,FALL10,6500,58500
50863,2346,2025-04-17 18:03:08,completed,kakaopay,WELCOME10,4100,37300
50864,2350,2025-11-27 20:03:09,completed,kakaopay,,0,282300
50865,2352,2025-05-07 00:10:57,completed,card,,0,100400
50866,2352,2025-05-19 23:43:37,completed,card,SUMMER20,102800,411000
50867,2352,2025-05-22 23:52:30,completed,kakaopay,,0,33100
50868,2361,2025-05-18 18:54:08,completed,card,,0,47600
50869,2363,2025-05-07 18:37:50,completed,card,,0,201700
50870,2364,2025-04-27 19:50:47,completed,kakaopay,,0,123200
50871,2367,2025-05-23 20:35:33,completed,bank_transfer,,0,70800
50872,2367,2025-08-13 21:18:44,completed,card,,0,65000
50873,2372,2025-04-24 18:03:23,completed,card,,0,10600
50874,2373,2025-05-15 17:44:16,completed,card,,0,39800
50875,2375,2025-06-21 19:25:49,completed,card,,0,70800
50876,2376,2025-04-19 23:04:03,cancelled,card,WELCOME10,11200,100400
50877,2377,2025-04-19 23:20:38,completed,naverpay,,0,52800
50878,2378,2025-07-19 20:13:19,cancelled,card,,0,144700
50879,2379,2025-04-20 17:21:44,completed,card,,0,32500
50880,2384,2025-04-20 20:34:20,completed,card,,0,138800
50881,2387,2025-05-09 23:59:50,completed,kakaopay,WELCOME10,58400,525800
50882,2388,2025-04-20 21:09:26,completed,naverpay,WELCOME10,5900,53300
50883,2390,2025-05-11 18:02:48,completed,naverpay,WELCOME10,3500,31500
50884,2390,2025-08-02 21:06:27,completed,card,,0,50700
50885,2391,2025-08-16 18:46:01,completed,bank_transfer,,0,223800
50886,2391,2025-08-24 23:24:55,completed,bank_transfer,,0,496300
50887,2392,2025-04-20 15:21:16,completed,kakaopay,WELCOME10,40300,362500
50888,2400,2025-04-21 22:32:05,completed,card,WELCOME10,7000,63400
50889,2400,2025-05-07 18:52:00,completed,card,,0,131700
50890,2403,2025-05-28 23:29:27,refunded,kakaopay,SUMMER20,47700,191000
50891,2403,2025-06-07 19:25:43,cancelled,card,SUMMER20,7000,28000
50892,2403,2025-09-24 22:02:25,completed,bank_transfer,FALL10,52800,475700
50893,2404,2025-11-02 19:24:53,completed,naverpay,,0,62500
50894,2411,2025-06-13 18:08:25,completed,card,,0,32500
50895,2417,2025-05-23 15:46:07,completed,naverpay,SUMMER20,13000,52000
50896,2418,2025-06-14 19:12:07,completed,card,,0,70400
50897,2419,2025-10-30 00:08:08,completed,card,,0,29600
50898,2421,2025-05-18 17:22:57,completed,card,WELCOME10,13200,118400
50899,2421,2025-05-24 20:09:40,completed,naverpay,,0,99400
50900,2421,2025-06-01 00:02:22,completed,kakaopay,,0,126300
50901,2421,2025-06-18 14:43:52,completed,kakaopay,,0,106400
50902,2421,2025-06-30 23:21:27,cancelled,card,,0,61600
50903,2422,2025-05-03 17:41:44,completed,kakaopay,,0,126300
50904,2423,2025-06-13 17:54:33,completed,naverpay,,0,143800
50905,2423,2025-08-14 17:16:51,completed,kakaopay,,0,65000
50906,2424,2025-07-20 21:41:12,completed,naverpay,,0,20100
50907,2425,2025-06-02 20:20:25,completed,card,,0,208800
50908,2425,2025-06-18 18:53:03,completed,kakaopay,,0,35600
50909,2425,2025-07-14 23:45:24,completed,kakaopay,,0,115400
50910,2426,2025-04-24 16:50:01,refunded,card,SUMMER20,5500,22000
50911,2429,2025-05-03 23:14:33,completed,card,,0,210300
50912,2431,2025-10-10 12:31:05,completed,card,,0,72100
50913,2432,2025-07-27 20:49:43,refunded,bank_transfer,,0,311400
50914,2438,2025-04-25 13:58:33,completed,card,,0,145300
50915,2438,2025-05-29 21:55:14,completed,card,,0,411400
50916,2439,2025-12-28 17:19:23,completed,card,XMAS25,52600,157700
50917,2442,2025-05-13 20:05:19,completed,kakaopay,WELCOME10,13300,120100
50918,2442,2025-07-07 23:37:53,completed,card,,0,925000
50919,2443,2025-06-28 17:38:00,completed,kakaopay,,0,1026400
50920,2443,2025-06-28 14:03:20,refunded,naverpay,SUMMER20,18500,74100
50921,2444,2025-04-25 20:47:35,completed,naverpay,,0,173300
50922,2449,2025-05-13 13:20:44,completed,kakaopay,,0,62700
50923,2451,2025-05-10 19:14:58,completed,bank_transfer,WELCOME10,50800,456900
50924,2452,2025-05-11 00:04:39,completed,bank_transfer,,0,32800
50925,2452,2025-07-04 19:10:40,refunded,kakaopay,,0,112200
50926,2452,2025-08-11 23:52:23,completed,card,,0,289400
50927,2453,2025-04-26 18:46:06,cancelled,card,,0,108300
50928,2453,2025-04-28 23:58:39,completed,bank_transfer,,0,6900
50929,2454,2025-07-25 22:33:22,completed,card,FALL10,37000,333000
50930,2454,2025-08-06 00:05:35,cancelled,bank_transfer,,0,188300
50931,2461,2025-07-20 22:18:27,completed,card,WELCOME10,2700,24500
50932,2461,2025-08-19 23:57:06,completed,card,FALL10,8100,72500
50933,2462,2025-12-28 15:22:29,completed,card,,0,356100
50934,2465,2025-04-28 20:02:51,completed,kakaopay,SUMMER20,41000,164100
50935,2470,2025-08-21 23:22:20,completed,kakaopay,WELCOME10,3200,28600
50936,2471,2025-05-01 19:20:43,refunded,kakaopay,SUMMER20,42100,168200
50937,2471,2025-06-11 00:00:04,completed,card,,0,49200
50938,2472,2025-04-27 18:14:07,completed,kakaopay,WELCOME10,4700,41900
50939,2472,2025-08-08 12:21:01,completed,naverpay,,0,65000
50940,2472,2025-09-20 23:36:49,cancelled,kakaopay,FALL10,5600,50200
50941,2474,2025-09-04 20:31:03,completed,kakaopay,,0,162500
50942,2477,2025-05-08 13:53:56,completed,naverpay,,0,84500
50943,2478,2025-05-12 23:51:23,completed,bank_transfer,,0,178200
50944,2484,2025-06-03 14:29:14,completed,card,,0,75700
50945,2489,2025-04-28 22:40:08,completed,naverpay,,0,32500
50946,2493,2025-07-02 23:27:54,completed,naverpay,,0,212700
50947,2494,2025-06-24 22:07:16,completed,kakaopay,WELCOME10,7200,64900
50948,2495,2025-05-20 14:09:47,completed,kakaopay,WELCOME10,5800,52000
50949,2496,2025-05-13 19:38:29,completed,card,,0,184100
50950,2499,2025-05-17 19:44:40,completed,bank_transfer,WELCOME10,26800,241500
50951,2500,2025-04-30 00:15:01,completed,card,WELCOME10,1700,15200
50952,2500,2025-05-18 23:43:02,completed,naverpay,,0,377000
50953,2500,2025-05-21 23:58:49,completed,card,,0,130600
50954,2500,2025-06-08 19:42:41,completed,bank_transfer,SUMMER20,32100,128300
50955,2501,2025-04-29 17:53:18,completed,card,,0,411400
50956,2501,2025-05-04 14:22:13,completed,bank_transfer,,0,126300
50957,2502,2025-06-24 16:57:54,completed,card,,0,150100
50958,2505,2025-06-01 23:32:01,refunded,card,WELCOME10,50000,450300
50959,2505,2025-08-15 20:00:15,completed,kakaopay,,0,136500
50960,2506,2025-06-01 22:26:22,completed,card,SUMMER20,1400,5500
50961,2506,2025-06-14 20:36:53,completed,card,,0,52800
50962,2507,2025-07-21 15:53:53,completed,card,FALL10,14400,129800
50963,2508,2025-04-29 23:34:14,completed,naverpay,WELCOME10,3000,27100
50964,2514,2025-04-30 21:34:00,cancelled,naverpay,,0,60000
50965,2515,2025-04-30 23:28:46,completed,bank_transfer,,0,336600
50966,2517,2025-05-20 17:25:14,completed,card,WELCOME10,15400,139100
50967,2517,2025-05-27 23:52:24,completed,card,,0,65000
50968,2517,2025-06-10 17:26:04,completed,naverpay,SUMMER20,40500,162200
50969,2517,2025-07-20 20:33:04,completed,card,,0,443100
50970,2517,2025-09-10 21:48:26,completed,naverpay,FALL10,10000,90400
50971,2521,2025-04-30 15:37:18,completed,card,,0,111600
50972,2521,2025-05-24 23:35:08,completed,card,SUMMER20,31800,127000
50973,2531,2025-06-18 17:18:18,completed,bank_transfer,WELCOME10,11000,98700
50974,2531,2025-06-19 14:57:31,refunded,bank_transfer,,0,33800
50975,2532,2025-10-10 18:18:59,completed,card,,0,435300
50976,2539,2025-05-08 16:29:38,completed,kakaopay,,0,23800
50977,2544,2025-06-12 20:57:51,completed,card,WELCOME10,17400,157000
50978,2544,2025-12-01 15:29:44,completed,card,XMAS25,53800,161500
50979,2545,2025-05-31 21:43:37,completed,naverpay,WELCOME10,36200,326100
50980,2546,2025-05-01 19:15:33,completed,kakaopay,WELCOME10,1800,16000
50981,2546,2025-05-24 20:36:32,completed,naverpay,SUMMER20,6600,26500
50982,2547,2025-05-01 15:10:03,completed,card,WELCOME10,2800,24700
50983,2548,2025-06-04 23:31:28,completed,naverpay,,0,521300
50984,2550,2025-05-04 20:20:50,completed,kakaopay,,0,308800
50985,2550,2025-06-26 20:11:23,completed,naverpay,,0,577400
50986,2550,2025-07-07 20:26:16,completed,naverpay,,0,157600
50987,2550,2025-08-08 18:26:07,completed,kakaopay,,0,10600
50988,2550,2025-11-02 19:02:04,completed,kakaopay,,0,63600
50989,2553,2025-05-03 19:48:52,completed,kakaopay,WELCOME10,13600,122200
50990,2553,2025-06-30 19:11:40,completed,kakaopay,,0,35000
50991,2553,2025-11-29 20:11:52,cancelled,card,,0,65000
50992,2554,2025-11-17 23:30:48,completed,card,WELCOME10,86200,775400
50993,2555,2025-05-18 23:35:08,completed,card,,0,97500
50994,2556,2025-05-12 21:37:01,completed,bank_transfer,WELCOME10,4500,40900
50995,2557,2025-05-10 21:42:48,completed,card,SUMMER20,67200,269000
50996,2561,2025-05-20 23:56:12,completed,card,SUMMER20,13000,52000
50997,2561,2025-07-28 21:13:44,completed,kakaopay,,0,161400
50998,2562,2025-05-02 18:15:53,completed,bank_transfer,,0,57800
50999,2563,2025-06-14 19:36:18,completed,card,,0,281100
51000,2563,2025-11-03 19:12:37,cancelled,card,XMAS25,18000,54100
51001,2564,2025-05-03 23:30:37,completed,card,WELCOME10,3500,31500
51002,2565,2025-07-12 20:52:31,completed,card,FALL10,9900,89400
51003,2565,2025-08-30 21:58:49,completed,bank_transfer,FALL10,11800,106600
51004,2568,2025-05-03 15:29:25,completed,kakaopay,,0,109000
51005,2569,2025-05-03 23:46:38,completed,card,WELCOME10,4200,38000
51006,2570,2025-05-03 21:52:58,completed,card,,0,103200
51007,2570,2025-09-05 23:39:38,completed,naverpay,FALL10,7100,63700
51008,2572,2025-05-18 16:53:47,completed,kakaopay,WELCOME10,17200,155200
51009,2572,2025-07-19 23:35:55,completed,card,,0,45400
51010,2575,2025-05-11 19:59:57,completed,bank_transfer,,0,104500
51011,2575,2025-05-22 17:01:57,completed,card,SUMMER20,34200,137000
51012,2579,2025-08-09 12:39:08,completed,naverpay,WELCOME10,4700,41900
51013,2579,2025-10-17 17:07:21,completed,naverpay,,0,100400
51014,2587,2025-05-22 16:24:59,completed,card,,0,180500
51015,2590,2025-05-04 17:28:09,completed,kakaopay,WELCOME10,21900,197200
51016,2593,2025-07-30 23:19:02,completed,card,,0,170400
51017,2593,2025-09-18 20:43:47,completed,kakaopay,,0,46600
51018,2601,2025-05-09 18:58:09,refunded,card,SUMMER20,16400,65700
51019,2601,2025-08-25 00:01:40,completed,kakaopay,,0,210300
51020,2602,2025-07-03 18:07:12,completed,kakaopay,,0,242300
51021,2602,2025-08-21 15:02:23,completed,naverpay,,0,46600
51022,2603,2025-07-02 18:02:01,completed,card,,0,402800
51023,2603,2025-08-04 23:37:58,completed,card,,0,402800
51024,2607,2025-08-07 20:15:22,completed,card,,0,171700
51025,2607,2025-08-21 19:35:17,refunded,card,,0,790000
51026,2609,2025-05-12 23:06:04,completed,kakaopay,,0,403100
51027,2609,2025-06-13 23:27:49,completed,card,,0,117400
51028,2609,2025-08-17 22:15:45,completed,card,FALL10,5800,52000
51029,2616,2025-08-19 13:13:36,completed,card,WELCOME10,19600,176300
51030,2617,2025-05-18 22:17:15,completed,kakaopay,WELCOME10,7100,63700
51031,2621,2025-05-23 13:20:30,completed,naverpay,WELCOME10,8300,74800
51032,2621,2025-06-01 21:28:11,completed,kakaopay,,0,205600
51033,2621,2025-07-06 11:11:25,completed,naverpay,,0,19900
51034,2625,2025-05-11 15:28:41,completed,bank_transfer,,0,267900
51035,2627,2025-05-20 23:05:14,completed,card,,0,32500
51036,2627,2025-06-27 18:11:24,completed,kakaopay,,0,187200
51037,2628,2025-05-12 18:44:56,completed,card,,0,171400
51038,2629,2025-07-08 00:14:06,completed,bank_transfer,,0,277700
51039,2631,2025-05-09 23:31:17,completed,card,,0,101700
51040,2634,2025-06-06 19:03:36,completed,kakaopay,,0,60000
51041,2635,2025-05-28 19:52:03,completed,kakaopay,,0,66200
51042,2635,2025-12-12 20:04:18,completed,kakaopay,,0,148600
51043,2636,2025-07-11 21:38:47,completed,naverpay,WELCOME10,12700,114200
51044,2636,2025-09-29 22:52:58,refunded,kakaopay,,0,65000
51045,2637,2025-06-29 18:14:38,completed,card,,0,30800
51046,2639,2025-06-17 21:18:04,completed,bank_transfer,,0,74800
51047,2642,2025-06-11 19:24:55,completed,kakaopay,,0,134400
51048,2643,2025-06-22 23:53:20,cancelled,card,,0,292600
51049,2645,2025-05-12 17:57:24,completed,kakaopay,,0,421100
51050,2646,2025-05-10 17:08:46,completed,kakaopay,SUMMER20,186400,745500
51051,2647,2025-05-18 23:02:58,completed,kakaopay,WELCOME10,7000,63000
51052,2647,2025-05-26 14:43:34,completed,naverpay,,0,35000
51053,2647,2025-05-30 19:55:17,completed,kakaopay,,0,188600
51054,2647,2025-07-17 20:58:41,completed,card,,0,172500
51055,2647,2025-07-18 23:14:41,completed,kakaopay,,0,70400
51056,2648,2025-05-09 19:25:10,completed,naverpay,,0,156700
51057,2648,2025-08-14 21:18:44,completed,card,,0,6900
51058,2649,2025-05-09 11:12:19,completed,kakaopay,WELCOME10,45600,410000
51059,2649,2025-10-07 23:35:58,completed,card,,0,111500
51060,2649,2025-11-10 20:29:05,completed,kakaopay,,0,61800
51061,2651,2025-05-19 21:18:47,completed,kakaopay,SUMMER20,41000,163900
51062,2651,2025-06-16 18:34:50,completed,bank_transfer,,0,697300
51063,2651,2025-06-21 18:36:43,completed,kakaopay,SUMMER20,25300,101000
51064,2651,2025-09-29 23:40:34,completed,kakaopay,,0,65000
51065,2652,2025-07-06 16:27:59,completed,bank_transfer,,0,70400
51066,2652,2025-09-20 20:34:14,completed,kakaopay,,0,694800
51067,2653,2025-05-09 16:52:54,completed,kakaopay,,0,88900
51068,2654,2025-09-26 23:48:19,completed,card,,0,402800
51069,2655,2025-07-30 20:03:11,completed,kakaopay,,0,16000
51070,2656,2025-08-14 22:37:12,completed,card,,0,401900
51071,2658,2025-05-24 23:33:44,completed,kakaopay,,0,378900
51072,2659,2025-05-10 23:47:58,completed,bank_transfer,,0,57700
51073,2659,2025-05-31 22:35:31,completed,card,,0,26000
51074,2659,2025-07-08 18:56:17,completed,kakaopay,,0,157200
51075,2660,2025-05-11 00:15:38,completed,kakaopay,WELCOME10,55200,496300
51076,2660,2025-05-26 00:04:42,cancelled,naverpay,,0,57700
51077,2660,2025-05-31 17:41:02,completed,card,,0,190200
51078,2665,2025-12-18 15:14:57,completed,card,WELCOME10,43700,393300
51079,2667,2025-06-01 23:17:26,completed,card,WELCOME10,6500,58900
51080,2669,2025-10-14 19:06:07,completed,card,,0,40500
51081,2672,2025-05-28 23:15:30,refunded,card,,0,256900
51082,2672,2025-11-07 20:18:04,completed,kakaopay,,0,92800
51083,2674,2025-05-11 21:17:38,cancelled,card,,0,86800
51084,2674,2025-09-03 20:52:50,completed,naverpay,,0,283600
51085,2675,2025-05-11 15:13:53,completed,naverpay,,0,79700
51086,2675,2025-08-01 18:22:47,completed,card,,0,115800
51087,2676,2025-06-02 19:28:38,completed,card,,0,66200
51088,2679,2025-05-11 14:18:54,completed,card,,0,134600
51089,2679,2025-06-03 19:25:49,completed,naverpay,,0,57800
51090,2680,2025-05-11 20:01:25,completed,card,,0,168800
51091,2681,2025-06-29 11:50:36,completed,card,WELCOME10,25100,226200
51092,2681,2025-11-24 20:59:33,completed,naverpay,,0,202300
51093,2682,2025-05-29 21:00:22,cancelled,card,,0,65000
51094,2684,2025-05-11 10:55:14,completed,kakaopay,,0,65000
51095,2686,2025-05-20 23:38:42,completed,kakaopay,,0,805600
51096,2686,2025-05-24 21:10:16,completed,kakaopay,,0,72000
51097,2686,2025-06-26 20:52:45,completed,bank_transfer,,0,358400
51098,2686,2025-07-10 17:54:30,cancelled,card,,0,756600
51099,2686,2025-08-12 18:47:55,cancelled,card,,0,16400
51100,2686,2025-08-16 20:01:00,completed,card,FALL10,3300,29800
51101,2686,2025-10-07 21:57:24,completed,kakaopay,,0,90200
51102,2692,2025-05-28 18:52:29,completed,bank_transfer,WELCOME10,1600,14900
51103,2693,2025-05-30 23:43:33,completed,naverpay,,0,32800
51104,2693,2025-06-14 23:44:39,completed,card,,0,326700
51105,2693,2025-08-05 16:55:17,completed,bank_transfer,,0,35000
51106,2697,2025-05-12 21:14:58,completed,card,WELCOME10,46100,414500
51107,2697,2025-05-14 12:42:55,cancelled,bank_transfer,,0,200300
51108,2697,2025-06-03 23:49:26,completed,card,,0,32500
51109,2699,2025-06-14 16:23:00,completed,kakaopay,,0,43800
51110,2703,2025-06-16 16:44:53,completed,kakaopay,,0,70400
51111,2703,2025-12-21 11:36:46,completed,naverpay,,0,52800
51112,2705,2025-05-16 19:59:38,completed,card,,0,321500
51113,2705,2025-05-28 23:43:23,completed,card,,0,70800
51114,2706,2025-05-16 11:07:20,completed,bank_transfer,SUMMER20,31300,125400
51115,2708,2025-05-20 21:36:16,completed,naverpay,WELCOME10,14400,129800
51116,2713,2025-06-22 20:36:58,completed,kakaopay,,0,64600
51117,2713,2025-06-28 14:56:35,completed,naverpay,,0,126300
51118,2713,2025-06-30 22:59:05,completed,kakaopay,SUMMER20,11600,46200
51119,2713,2025-11-11 15:28:52,completed,card,,0,558000
51120,2714,2025-06-05 22:22:50,completed,kakaopay,SUMMER20,39700,158700
51121,2715,2025-06-07 20:14:57,completed,naverpay,WELCOME10,700,6200
51122,2718,2025-12-06 15:59:06,completed,card,WELCOME10,7000,63000
51123,2719,2025-06-11 18:08:05,completed,card,,0,248300
51124,2719,2025-06-15 21:10:06,completed,card,,0,411200
51125,2722,2025-05-14 20:19:30,completed,card,,0,111600
51126,2722,2025-05-16 15:35:13,completed,kakaopay,,0,64600
51127,2722,2025-06-08 19:01:37,completed,card,,0,37300
51128,2722,2025-08-10 00:05:48,refunded,card,,0,6900
51129,2726,2025-11-24 23:15:30,cancelled,card,,0,74600
51130,2727,2025-11-16 23:37:52,completed,naverpay,,0,408600
51131,2728,2025-06-15 22:08:36,completed,bank_transfer,WELCOME10,21900,197500
51132,2729,2025-05-16 15:21:01,completed,card,WELCOME10,40500,364900
51133,2729,2025-07-15 14:26:23,completed,kakaopay,,0,125200
51134,2731,2025-06-28 16:29:32,completed,naverpay,,0,72200
51135,2731,2025-08-20 20:05:56,cancelled,naverpay,,0,216300
51136,2732,2025-05-14 15:45:41,completed,kakaopay,,0,35000
51137,2733,2025-06-24 20:45:57,completed,kakaopay,,0,62500
51138,2733,2025-07-04 23:37:56,refunded,card,FALL10,15000,135500
51139,2737,2025-08-06 16:39:23,completed,kakaopay,WELCOME10,22400,201700
51140,2738,2025-10-05 17:27:17,completed,naverpay,WELCOME10,80600,725000
51141,2739,2025-06-11 23:52:34,cancelled,card,,0,27500
51142,2741,2025-06-21 22:18:33,completed,card,,0,157900
51143,2742,2025-05-17 19:14:45,completed,kakaopay,WELCOME10,3100,27700
51144,2742,2025-06-20 19:53:09,refunded,card,,0,26100
51145,2743,2025-05-16 19:55:40,completed,card,SUMMER20,5500,22000
51146,2745,2025-05-16 18:10:50,completed,card,,0,334400
51147,2745,2025-06-11 23:33:42,completed,kakaopay,SUMMER20,21900,87800
51148,2746,2025-07-14 23:49:48,completed,kakaopay,,0,136800
51149,2747,2025-06-07 18:39:29,completed,naverpay,SUMMER20,36100,144400
51150,2755,2025-07-11 20:45:25,completed,kakaopay,WELCOME10,188300,1694600
51151,2756,2025-07-09 23:33:25,completed,kakaopay,FALL10,13400,120900
51152,2757,2025-05-16 21:16:19,completed,naverpay,WELCOME10,40300,362500
51153,2758,2025-06-24 23:05:18,completed,kakaopay,WELCOME10,3300,29800
51154,2758,2025-06-25 16:49:39,completed,naverpay,SUMMER20,1500,6200
51155,2760,2025-05-18 14:36:20,completed,kakaopay,,0,130400
51156,2760,2025-05-25 23:13:31,completed,card,,0,126300
51157,2760,2025-06-04 00:06:01,completed,kakaopay,,0,390900
51158,2760,2025-07-25 20:32:20,completed,card,,0,169500
51159,2760,2025-08-29 21:52:01,completed,kakaopay,,0,32900
51160,2760,2025-10-04 20:48:24,completed,kakaopay,,0,19300
51161,2761,2025-05-29 20:58:31,completed,naverpay,WELCOME10,98000,881500
51162,2761,2025-06-15 20:25:02,completed,naverpay,,0,72100
51163,2762,2025-05-17 00:05:33,completed,naverpay,,0,367200
51164,2764,2025-05-16 23:04:46,completed,kakaopay,,0,126300
51165,2765,2025-06-21 19:16:08,completed,card,SUMMER20,22300,89200
51166,2767,2025-06-19 23:49:42,refunded,kakaopay,,0,151100
51167,2769,2025-05-18 00:07:49,completed,kakaopay,,0,148100
51168,2777,2025-05-17 19:54:46,completed,card,,0,184400
51169,2777,2025-06-28 15:23:31,completed,card,SUMMER20,2100,8500
51170,2778,2025-05-17 12:42:52,completed,card,,0,55800
51171,2779,2025-06-07 00:09:02,refunded,kakaopay,WELCOME10,65000,585300
51172,2780,2025-08-21 14:47:30,refunded,naverpay,,0,113800
51173,2780,2025-10-02 19:47:33,completed,kakaopay,,0,184000
51174,2780,2025-10-04 14:22:06,completed,card,,0,256900
51175,2780,2025-11-09 23:06:47,completed,card,,0,79000
51176,2781,2025-05-18 23:57:28,completed,card,,0,622800
51177,2785,2025-05-19 00:00:10,completed,card,,0,295900
51178,2786,2025-07-17 21:27:31,completed,kakaopay,FALL10,7100,63700
51179,2791,2025-05-27 23:41:34,completed,bank_transfer,,0,420600
51180,2791,2025-06-15 21:34:27,cancelled,kakaopay,SUMMER20,41100,164500
51181,2799,2025-05-27 23:52:14,completed,card,WELCOME10,700,6200
51182,2801,2025-05-18 20:15:18,completed,kakaopay,SUMMER20,53800,215300
51183,2801,2025-05-18 22:05:29,completed,card,,0,134400
51184,2802,2025-07-06 14:16:41,completed,card,,0,109700
51185,2803,2025-08-06 00:13:39,completed,bank_transfer,,0,262500
51186,2804,2025-06-17 23:58:58,completed,card,,0,45400
51187,2804,2025-09-25 21:06:09,completed,card,FALL10,1800,16000
51188,2810,2025-11-22 16:07:42,completed,kakaopay,WELCOME10,2800,24700
51189,2815,2025-05-24 15:35:13,completed,card,WELCOME10,32800,294900
51190,2815,2025-12-15 20:35:07,completed,card,,0,116200
51191,2816,2025-06-06 17:05:15,completed,card,,0,82300
51192,2818,2025-06-05 00:14:40,completed,card,,0,6900
51193,2821,2025-05-20 16:39:02,completed,card,,0,252600
51194,2821,2025-05-28 16:28:21,completed,card,SUMMER20,41400,165500
51195,2822,2025-05-20 23:39:16,cancelled,kakaopay,,0,70400
51196,2822,2025-06-24 20:02:55,completed,card,,0,616800
51197,2825,2025-06-04 21:11:39,completed,card,,0,88600
51198,2828,2025-07-14 23:28:30,refunded,naverpay,WELCOME10,24400,219400
51199,2828,2025-07-26 18:38:18,refunded,card,,0,15400
51200,2828,2025-09-05 23:27:08,completed,card,,0,35000
51201,2828,2025-10-24 23:34:41,completed,naverpay,XMAS25,51200,153500
51202,2828,2025-11-01 22:31:11,completed,card,,0,104400
51203,2829,2025-07-05 23:30:25,completed,card,WELCOME10,71600,643900
51204,2831,2025-05-21 23:21:05,refunded,kakaopay,,0,66200
51205,2832,2025-07-04 19:48:55,completed,naverpay,,0,199900
51206,2832,2025-07-30 23:51:55,completed,card,FALL10,6100,54800
51207,2836,2025-06-01 22:54:11,completed,card,SUMMER20,16900,67600
51208,2837,2025-07-03 20:10:59,completed,card,,0,55800
51209,2843,2025-06-09 23:51:09,completed,kakaopay,,0,111600
51210,2843,2025-06-16 20:21:59,refunded,card,,0,74800
51211,2847,2025-05-22 18:44:43,completed,card,SUMMER20,46600,186400
51212,2853,2025-06-22 12:26:22,completed,card,WELCOME10,6500,58500
51213,2857,2025-06-04 23:32:46,completed,naverpay,WELCOME10,107200,965000
51214,2861,2025-05-23 15:10:54,completed,kakaopay,,0,30300
51215,2862,2025-07-14 15:17:38,completed,kakaopay,,0,57700
51216,2863,2025-06-01 21:25:36,completed,card,WELCOME10,17700,159200
51217,2863,2025-06-24 22:13:18,completed,card,,0,445000
51218,2864,2025-09-05 00:10:20,refunded,kakaopay,,0,92500
51219,2864,2025-09-05 20:50:56,completed,card,,0,157800
51220,2864,2025-12-24 18:42:44,completed,kakaopay,,0,525500
51221,2866,2025-05-25 23:16:35,completed,bank_transfer,,0,344200
51222,2866,2025-09-07 11:13:58,completed,card,,0,150000
51223,2869,2025-07-24 23:50:34,completed,bank_transfer,,0,218900
51224,2869,2025-12-29 18:36:20,completed,card,,0,210300
51225,2871,2025-07-27 23:24:26,completed,naverpay,WELCOME10,12600,113700
51226,2873,2025-06-05 19:29:52,completed,card,WELCOME10,20600,185000
51227,2873,2025-07-31 23:38:16,completed,kakaopay,FALL10,1700,15500
51228,2873,2025-08-06 23:24:30,completed,card,,0,32500
51229,2876,2025-06-14 18:05:55,completed,card,,0,382000
51230,2879,2025-05-24 16:15:26,completed,card,,0,82500
51231,2883,2025-10-08 17:01:50,completed,card,WELCOME10,5000,44700
51232,2884,2025-09-21 23:37:09,completed,card,,0,164200
51233,2884,2025-11-27 00:08:46,cancelled,kakaopay,XMAS25,31600,94700
51234,2885,2025-07-25 18:10:30,completed,naverpay,,0,622800
51235,2892,2025-05-25 22:13:51,completed,kakaopay,WELCOME10,4500,40900
51236,2894,2025-08-25 15:23:54,completed,naverpay,,0,16500
51237,2895,2025-06-04 23:40:57,completed,bank_transfer,WELCOME10,4000,35700
51238,2896,2025-05-25 21:33:58,completed,kakaopay,,0,125700
51239,2897,2025-05-27 19:09:10,completed,naverpay,WELCOME10,7200,65000
51240,2897,2025-07-25 18:41:21,completed,card,,0,165200
51241,2897,2025-09-08 20:13:27,completed,bank_transfer,,0,141600
51242,2898,2025-06-10 22:01:10,completed,bank_transfer,,0,622800
51243,2900,2025-05-28 16:04:00,completed,bank_transfer,WELCOME10,14800,133600
51244,2900,2025-07-30 19:18:01,completed,naverpay,,0,167500
51245,2901,2025-09-25 17:53:39,completed,kakaopay,WELCOME10,25900,232700
51246,2903,2025-05-26 20:58:31,completed,naverpay,,0,70400
51247,2903,2025-09-04 23:44:06,completed,kakaopay,,0,32500
51248,2904,2025-12-25 16:42:48,completed,card,XMAS25,36000,108200
51249,2905,2025-05-26 15:47:28,completed,card,WELCOME10,9400,84500
51250,2905,2025-07-19 20:00:27,cancelled,card,FALL10,16800,150700
51251,2906,2025-11-22 22:07:12,cancelled,naverpay,,0,118200
51252,2907,2025-05-31 00:05:43,cancelled,card,,0,40500
51253,2907,2025-06-25 22:11:33,completed,card,,0,198300
51254,2911,2025-08-27 17:11:40,cancelled,naverpay,WELCOME10,5800,51900
51255,2912,2025-06-15 16:03:00,completed,card,,0,302100
51256,2912,2025-06-19 00:00:29,completed,naverpay,,0,65000
51257,2912,2025-07-19 16:42:26,cancelled,kakaopay,,0,411800
51258,2914,2025-06-26 17:14:30,completed,kakaopay,,0,126300
51259,2915,2025-06-10 23:19:57,cancelled,naverpay,,0,803100
51260,2916,2025-05-27 23:06:53,completed,kakaopay,WELCOME10,27400,246600
51261,2917,2025-07-27 19:35:37,completed,card,,0,57100
51262,2919,2025-07-01 14:36:40,completed,naverpay,,0,55800
51263,2920,2025-07-16 11:11:39,completed,card,,0,42000
51264,2920,2025-07-24 13:42:53,completed,naverpay,FALL10,33400,300300
51265,2920,2025-08-04 23:42:12,completed,card,,0,132400
51266,2926,2025-06-12 22:32:13,completed,card,,0,154900
51267,2927,2025-05-27 21:09:54,cancelled,card,,0,60900
51268,2933,2025-08-03 15:41:40,completed,card,,0,32500
51269,2934,2025-07-18 23:58:03,completed,bank_transfer,WELCOME10,8200,74300
51270,2937,2025-07-12 18:24:04,completed,kakaopay,WELCOME10,11000,98700
51271,2938,2025-05-29 18:12:20,completed,card,,0,256900
51272,2938,2025-07-26 22:16:07,cancelled,kakaopay,,0,6900
51273,2939,2025-07-25 17:10:38,completed,naverpay,,0,522800
51274,2940,2025-06-27 23:43:34,completed,kakaopay,SUMMER20,25300,101000
51275,2943,2025-06-18 23:42:31,completed,kakaopay,,0,127900
51276,2945,2025-11-25 20:23:30,completed,kakaopay,,0,223900
51277,2947,2025-05-30 23:34:26,completed,naverpay,WELCOME10,1600,14400
51278,2948,2025-11-28 22:49:21,cancelled,kakaopay,,0,267700
51279,2949,2025-06-26 18:33:39,completed,card,,0,298000
51280,2949,2025-10-18 22:08:19,completed,card,,0,52000
51281,2949,2025-12-08 16:18:32,completed,kakaopay,,0,346600
51282,2950,2025-06-17 17:08:29,completed,kakaopay,WELCOME10,68000,612000
51283,2953,2025-06-13 19:26:44,completed,card,,0,27500
51284,2956,2025-06-07 18:36:41,completed,card,,0,166100
51285,2956,2025-07-01 17:18:53,completed,naverpay,,0,259600
51286,2957,2025-08-21 19:56:20,completed,card,WELCOME10,6600,59200
51287,2957,2025-09-30 16:35:16,completed,kakaopay,FALL10,11900,107000
51288,2959,2025-09-12 17:23:23,refunded,card,WELCOME10,24300,218500
51289,2961,2025-05-30 23:47:21,completed,card,,0,256900
51290,2965,2025-06-02 21:57:47,completed,card,,0,198300
51291,2966,2025-05-31 00:15:31,completed,kakaopay,WELCOME10,33600,302100
51292,2967,2025-06-15 23:09:34,completed,naverpay,SUMMER20,93600,374400
51293,2967,2025-10-27 23:35:54,completed,card,,0,56600
51294,2967,2025-12-09 16:29:58,cancelled,kakaopay,,0,122800
51295,2969,2025-05-30 19:12:46,completed,naverpay,,0,444400
51296,2970,2025-07-08 17:45:13,cancelled,kakaopay,,0,27200
51297,2973,2025-06-01 13:30:59,completed,card,SUMMER20,13000,52000
51298,2975,2025-06-17 23:59:12,completed,card,,0,300600
51299,2976,2025-07-13 20:43:36,completed,naverpay,,0,6900
51300,2977,2025-07-19 16:23:52,completed,card,WELCOME10,1800,16000
51301,2978,2025-06-07 17:06:36,refunded,bank_transfer,,0,144000
51302,2979,2025-08-14 20:26:08,completed,kakaopay,WELCOME10,25300,227300
51303,2981,2025-07-12 23:05:56,completed,kakaopay,,0,205600
51304,2982,2025-10-04 18:30:03,refunded,card,,0,31200
51305,2985,2025-05-31 18:42:10,completed,card,WELCOME10,15800,142000
51306,2990,2025-06-25 21:42:16,completed,naverpay,,0,124100
51307,2991,2025-10-08 21:45:48,completed,naverpay,XMAS25,9800,29600
51308,2992,2025-05-31 22:31:04,completed,naverpay,,0,39800
51309,2994,2025-09-17 20:59:55,completed,bank_transfer,WELCOME10,3900,35500
51310,2998,2025-06-01 23:25:54,completed,card,,0,16500
51311,2998,2025-12-24 17:21:35,completed,card,,0,130000
51312,3001,2025-06-03 12:37:17,completed,kakaopay,,0,412100
51313,3004,2025-10-09 20:03:20,completed,bank_transfer,XMAS25,33400,100300
51314,3009,2025-07-09 19:17:58,completed,bank_transfer,,0,217200
51315,3011,2025-06-07 17:16:32,completed,card,WELCOME10,63200,569200
51316,3013,2025-06-25 12:24:35,completed,kakaopay,WELCOME10,9800,87700
51317,3013,2025-07-07 16:58:53,completed,kakaopay,,0,104000
51318,3014,2025-06-13 23:55:43,completed,card,,0,743400
51319,3017,2025-07-20 17:45:02,completed,card,,0,65000
51320,3018,2025-07-11 23:47:09,completed,card,,0,115100
51321,3018,2025-09-14 20:20:29,completed,naverpay,,0,567600
51322,3019,2025-06-23 17:56:27,completed,kakaopay,,0,689000
51323,3019,2025-07-08 21:57:10,completed,kakaopay,,0,71900
51324,3019,2025-08-17 17:56:37,completed,naverpay,,0,38300
51325,3019,2025-10-26 18:19:25,cancelled,card,,0,126300
51326,3022,2025-06-02 18:21:06,completed,kakaopay,WELCOME10,8100,73000
51327,3022,2025-07-04 20:14:52,completed,bank_transfer,,0,97500
51328,3031,2025-06-03 17:19:51,completed,card,,0,39800
51329,3033,2025-06-17 19:41:42,completed,kakaopay,,0,199600
51330,3034,2025-06-03 23:40:23,completed,naverpay,,0,70400
51331,3035,2025-06-08 23:55:04,completed,card,SUMMER20,27600,110400
51332,3035,2025-06-19 20:47:14,completed,card,,0,33100
51333,3035,2025-09-27 16:57:58,completed,naverpay,,0,150900
51334,3035,2025-12-28 18:07:33,refunded,card,,0,159600
51335,3040,2025-06-03 18:23:04,completed,naverpay,WELCOME10,31900,287200
51336,3040,2025-06-04 23:17:06,completed,naverpay,,0,21500
51337,3041,2025-06-13 15:41:46,completed,card,,0,535400
51338,3042,2025-08-10 22:31:35,completed,card,,0,133200
51339,3043,2025-06-03 18:32:29,completed,card,,0,111600
51340,3051,2025-09-07 23:35:08,completed,card,,0,99300
51341,3052,2025-06-04 19:46:48,completed,kakaopay,WELCOME10,21500,193200
51342,3052,2025-08-16 18:38:37,refunded,card,,0,207800
51343,3053,2025-06-25 17:11:16,completed,card,,0,741600
51344,3054,2025-07-31 23:53:43,completed,kakaopay,,0,182100
51345,3055,2025-06-29 19:23:56,refunded,kakaopay,WELCOME10,58700,528200
51346,3056,2025-06-04 21:07:37,completed,card,WELCOME10,100600,905200
51347,3057,2025-06-04 23:34:35,completed,naverpay,,0,32500
51348,3059,2025-06-04 23:56:55,completed,card,,0,162000
51349,3059,2025-07-20 23:26:03,completed,card,FALL10,15500,139100
51350,3059,2025-07-20 22:19:08,completed,kakaopay,,0,6900
51351,3059,2025-08-05 22:45:45,completed,kakaopay,FALL10,5600,50200
51352,3060,2025-06-11 21:31:28,completed,card,WELCOME10,6500,58500
51353,3061,2025-06-17 23:25:47,cancelled,kakaopay,,0,16900
51354,3061,2025-06-21 21:50:42,refunded,card,,0,21500
51355,3063,2025-06-08 20:07:44,completed,card,,0,184000
51356,3063,2025-06-13 22:11:15,completed,card,SUMMER20,11200,44600
51357,3064,2025-10-31 20:07:52,completed,kakaopay,WELCOME10,9900,89400
51358,3067,2025-06-29 22:08:36,completed,naverpay,,0,165400
51359,3068,2025-09-28 21:52:58,completed,card,WELCOME10,5800,52000
51360,3070,2025-06-29 18:03:19,refunded,card,,0,214400
51361,3070,2025-07-16 14:12:31,completed,kakaopay,,0,150500
51362,3071,2025-06-05 17:11:28,completed,kakaopay,,0,598600
51363,3074,2025-06-10 23:09:18,completed,kakaopay,WELCOME10,44100,396900
51364,3074,2025-06-20 16:53:17,completed,naverpay,,0,135400
51365,3076,2025-06-06 00:02:08,refunded,card,,0,276000
51366,3078,2025-11-02 16:45:00,completed,card,WELCOME10,28000,252100
51367,3079,2025-06-05 16:53:25,cancelled,naverpay,WELCOME10,25300,227300
51368,3080,2025-06-05 23:18:27,completed,card,WELCOME10,3300,29600
51369,3081,2025-07-06 19:09:40,cancelled,kakaopay,,0,64900
51370,3081,2025-09-12 21:40:33,completed,naverpay,,0,82200
51371,3083,2025-06-05 15:12:01,completed,card,,0,49200
51372,3089,2025-08-24 18:55:35,completed,card,,0,107000
51373,3092,2025-06-07 15:20:19,completed,card,,0,131200
51374,3093,2025-09-18 00:02:20,completed,kakaopay,FALL10,40300,362500
51375,3094,2025-06-12 18:13:15,completed,card,WELCOME10,17400,157100
51376,3094,2025-06-24 23:44:01,completed,kakaopay,,0,32500
51377,3094,2025-07-04 19:58:32,completed,card,,0,55800
51378,3095,2025-08-22 22:04:17,completed,kakaopay,,0,84500
51379,3095,2025-10-30 22:18:28,cancelled,card,,0,252600
51380,3097,2025-06-07 16:00:34,cancelled,card,,0,389100
51381,3098,2025-06-28 23:41:44,completed,bank_transfer,,0,65000
51382,3099,2025-07-17 19:42:52,completed,card,WELCOME10,19000,171200
51383,3100,2025-07-13 15:44:26,completed,naverpay,,0,169400
51384,3103,2025-07-27 18:44:52,completed,bank_transfer,FALL10,11600,104600
51385,3109,2025-06-08 14:45:14,completed,card,,0,47200
51386,3112,2025-12-15 00:00:46,refunded,bank_transfer,WELCOME10,13700,123400
51387,3113,2025-07-10 18:23:32,completed,card,FALL10,12600,113700
51388,3115,2025-08-29 18:52:28,completed,kakaopay,,0,301200
51389,3116,2025-06-10 21:45:49,completed,kakaopay,SUMMER20,14000,56000
51390,3116,2025-06-27 20:00:59,refunded,kakaopay,,0,74200
51391,3118,2025-06-25 09:21:49,completed,card,,0,219900
51392,3118,2025-10-21 22:28:05,completed,kakaopay,,0,380100
51393,3119,2025-06-08 21:12:33,completed,kakaopay,,0,443100
51394,3119,2025-07-20 16:15:12,refunded,card,FALL10,3200,29300
51395,3119,2025-08-16 23:13:12,completed,kakaopay,,0,158800
51396,3119,2025-09-30 11:23:59,completed,kakaopay,,0,282500
51397,3121,2025-06-08 20:58:16,completed,card,,0,61300
51398,3121,2025-06-27 23:45:53,completed,kakaopay,,0,211200
51399,3128,2025-09-05 15:52:20,completed,card,WELCOME10,15800,142000
51400,3131,2025-09-03 22:42:32,cancelled,bank_transfer,,0,70800
51401,3134,2025-06-28 21:42:00,cancelled,card,,0,25600
51402,3136,2025-07-02 18:26:08,completed,kakaopay,WELCOME10,15800,142000
51403,3137,2025-07-21 22:22:08,completed,bank_transfer,,0,60900
51404,3137,2025-08-25 23:19:32,completed,kakaopay,,0,473200
51405,3137,2025-12-16 19:15:32,completed,naverpay,,0,32500
51406,3138,2025-06-29 22:00:25,completed,card,WELCOME10,2400,21100
51407,3141,2025-06-27 18:52:39,completed,card,WELCOME10,62300,560500
51408,3142,2025-08-06 23:53:00,completed,card,WELCOME10,2300,20600
51409,3143,2025-10-12 23:34:47,completed,kakaopay,XMAS25,66400,199000
51410,3144,2025-06-10 23:43:35,completed,card,WELCOME10,9800,87700
51411,3144,2025-06-17 14:12:43,completed,card,,0,252600
51412,3145,2025-07-08 14:17:40,completed,card,,0,115400
51413,3150,2025-06-11 00:05:18,completed,naverpay,,0,100400
51414,3150,2025-07-11 16:08:33,completed,card,,0,153300
51415,3151,2025-08-10 00:03:34,cancelled,card,FALL10,41500,373700
51416,3153,2025-08-22 16:22:19,completed,card,,0,37400
51417,3154,2025-06-22 23:24:16,completed,card,,0,310400
51418,3155,2025-06-10 23:59:14,completed,kakaopay,,0,126300
51419,3155,2025-07-06 20:09:03,completed,card,FALL10,13000,117000
51420,3157,2025-08-31 23:04:18,refunded,kakaopay,WELCOME10,1400,12400
51421,3158,2025-08-24 23:19:24,completed,naverpay,,0,73800
51422,3160,2025-07-19 19:24:23,cancelled,naverpay,,0,55800
51423,3161,2025-06-10 13:11:43,completed,card,,0,420600
51424,3161,2025-07-04 21:29:37,completed,card,,0,344200
51425,3161,2025-09-17 17:26:03,completed,card,,0,460600
51426,3162,2025-08-27 19:31:24,refunded,bank_transfer,,0,19300
51427,3169,2025-08-30 13:53:26,completed,kakaopay,FALL10,1400,12800
51428,3173,2025-06-13 17:11:00,completed,card,WELCOME10,3600,32500
51429,3175,2025-06-12 18:59:25,completed,kakaopay,WELCOME10,19700,177700
51430,3175,2025-08-14 22:23:11,completed,naverpay,,0,115400
51431,3176,2025-06-21 00:03:51,completed,card,,0,55800
51432,3176,2025-06-30 19:52:37,completed,card,,0,97800
51433,3178,2025-06-12 19:51:52,completed,kakaopay,SUMMER20,31900,127600
51434,3178,2025-09-21 23:51:05,completed,card,,0,142700
51435,3180,2025-06-29 23:03:24,completed,card,WELCOME10,21900,197300
51436,3181,2025-11-28 17:03:22,refunded,card,WELCOME10,20700,186500
51437,3183,2025-06-29 19:40:43,completed,card,,0,60000
51438,3187,2025-07-17 19:19:46,cancelled,card,,0,34400
51439,3187,2025-07-26 23:12:33,completed,naverpay,,0,72100
51440,3188,2025-07-29 17:29:09,refunded,kakaopay,,0,43000
51441,3188,2025-08-07 16:09:13,completed,kakaopay,,0,118500
51442,3190,2025-08-14 22:01:23,completed,naverpay,FALL10,13000,116900
51443,3190,2025-09-07 19:15:06,completed,card,,0,231500
51444,3190,2025-10-26 22:39:19,completed,naverpay,,0,176200
51445,3190,2025-11-04 20:29:47,refunded,card,,0,569100
51446,3190,2025-11-19 18:30:54,completed,naverpay,,0,170600
51447,3191,2025-06-13 21:39:37,completed,kakaopay,,0,841200
51448,3192,2025-07-31 00:04:50,completed,card,,0,100400
51449,3192,2025-10-01 17:17:43,completed,card,,0,512100
51450,3192,2025-11-24 16:41:15,completed,kakaopay,XMAS25,8900,26700
51451,3193,2025-06-23 23:47:31,completed,card,,0,32500
51452,3193,2025-07-01 21:00:54,completed,card,FALL10,13900,125000
51453,3193,2025-11-07 15:17:11,completed,naverpay,,0,128200
51454,3196,2025-06-13 13:35:18,completed,card,,0,129800
51455,3199,2025-06-14 19:39:28,completed,bank_transfer,SUMMER20,11200,44600
51456,3201,2025-08-30 17:20:42,refunded,kakaopay,WELCOME10,5600,50200
51457,3202,2025-07-03 21:25:47,completed,bank_transfer,,0,118200
51458,3202,2025-07-07 21:27:46,completed,card,,0,402000
51459,3202,2025-10-07 19:09:20,completed,card,XMAS25,8300,24800
51460,3203,2025-06-14 20:26:32,completed,card,,0,300500
51461,3204,2025-08-16 00:11:59,completed,card,,0,394200
51462,3204,2025-08-21 23:54:20,completed,kakaopay,,0,80000
51463,3206,2025-06-20 20:51:56,completed,naverpay,,0,128200
51464,3206,2025-07-14 00:04:33,refunded,card,,0,184100
51465,3208,2025-07-10 23:49:54,completed,card,,0,100400
51466,3210,2025-06-14 16:42:22,completed,naverpay,WELCOME10,10400,93100
51467,3212,2025-06-22 18:11:52,completed,card,WELCOME10,16100,144800
51468,3212,2025-08-06 17:34:30,cancelled,naverpay,,0,70400
51469,3214,2025-06-15 18:07:45,completed,card,,0,158300
51470,3214,2025-08-19 15:38:31,completed,card,,0,184100
51471,3215,2025-06-15 18:42:07,completed,card,,0,420600
51472,3215,2025-10-21 16:03:38,completed,card,XMAS25,17400,52000
51473,3215,2025-11-05 23:03:57,cancelled,kakaopay,XMAS25,24400,73100
51474,3217,2025-06-18 23:38:05,refunded,card,,0,354900
51475,3218,2025-06-24 22:24:25,cancelled,kakaopay,WELCOME10,9300,83500
51476,3220,2025-06-15 20:40:14,completed,kakaopay,WELCOME10,34200,308300
51477,3222,2025-06-16 22:25:37,completed,bank_transfer,,0,126300
51478,3224,2025-06-15 23:37:37,completed,kakaopay,WELCOME10,7100,63700
51479,3224,2025-09-04 14:35:51,cancelled,card,,0,52700
51480,3225,2025-08-10 14:26:23,completed,naverpay,WELCOME10,12700,113900
51481,3229,2025-11-19 15:36:28,completed,naverpay,XMAS25,66000,197900
51482,3231,2025-07-23 17:01:02,completed,card,,0,36100
51483,3232,2025-06-16 22:07:03,completed,naverpay,WELCOME10,33700,302900
51484,3235,2025-06-17 19:35:14,completed,kakaopay,WELCOME10,6500,58500
51485,3235,2025-11-22 14:57:38,completed,card,XMAS25,31400,94200
51486,3240,2025-06-27 22:36:44,completed,kakaopay,,0,190600
51487,3240,2025-08-18 20:55:16,cancelled,card,,0,75700
51488,3244,2025-07-12 21:38:44,refunded,card,,0,805600
51489,3244,2025-07-13 19:56:40,completed,naverpay,,0,877700
51490,3245,2025-06-26 19:23:44,cancelled,card,SUMMER20,31600,126600
51491,3245,2025-07-22 23:24:08,completed,card,FALL10,33100,297700
51492,3245,2025-07-23 21:29:17,completed,kakaopay,,0,93500
51493,3245,2025-08-13 19:22:40,completed,bank_transfer,,0,43000
51494,3245,2025-09-20 19:28:58,completed,kakaopay,FALL10,27300,245700
51495,3245,2025-11-14 23:42:15,completed,naverpay,,0,343900
51496,3247,2025-06-18 23:18:52,completed,naverpay,WELCOME10,16600,149400
51497,3249,2025-07-26 15:05:30,completed,naverpay,,0,173400
51498,3250,2025-08-06 16:57:30,completed,bank_transfer,,0,210300
51499,3252,2025-06-18 20:08:28,completed,card,WELCOME10,32700,294500
51500,3255,2025-06-18 21:52:04,completed,naverpay,WELCOME10,7100,63700
51501,3257,2025-06-19 00:02:51,completed,kakaopay,,0,66200
51502,3258,2025-06-18 15:36:40,cancelled,card,,0,107400
51503,3259,2025-06-18 19:58:26,completed,naverpay,SUMMER20,85800,343000
51504,3260,2025-07-10 21:38:20,completed,card,,0,402800
51505,3263,2025-06-18 19:42:52,completed,naverpay,,0,104400
51506,3263,2025-09-01 00:11:48,completed,naverpay,,0,12400
51507,3263,2025-12-14 18:19:13,refunded,kakaopay,,0,122300
51508,3266,2025-06-19 21:44:27,cancelled,naverpay,SUMMER20,19500,78000
51509,3266,2025-07-27 21:50:13,completed,kakaopay,FALL10,24100,216700
51510,3267,2025-08-24 23:01:49,completed,card,,0,12500
51511,3268,2025-07-16 21:54:11,completed,kakaopay,,0,308900
51512,3269,2025-08-05 20:04:45,completed,card,FALL10,10000,90400
51513,3271,2025-07-16 19:48:02,completed,kakaopay,,0,513800
51514,3275,2025-06-20 00:19:11,completed,bank_transfer,,0,72100
51515,3275,2025-10-24 21:09:38,completed,bank_transfer,XMAS25,1700,5200
51516,3276,2025-07-20 20:55:13,completed,card,FALL10,9800,87700
51517,3279,2025-06-19 12:35:43,completed,card,WELCOME10,700,6200
51518,3283,2025-07-02 15:56:27,completed,card,FALL10,3300,29600
51519,3283,2025-07-21 15:33:02,completed,kakaopay,,0,321900
51520,3283,2025-09-16 20:19:02,completed,kakaopay,FALL10,51000,458500
51521,3287,2025-06-28 23:35:39,completed,naverpay,WELCOME10,15900,143500
51522,3288,2025-06-26 23:22:53,completed,kakaopay,WELCOME10,23800,214300
51523,3288,2025-10-13 14:05:00,completed,naverpay,,0,420600
51524,3289,2025-07-25 20:30:30,completed,card,WELCOME10,16900,151800
51525,3289,2025-08-02 19:59:03,completed,naverpay,,0,91700
51526,3289,2025-08-13 00:00:11,completed,kakaopay,,0,62700
51527,3289,2025-10-08 16:52:18,completed,naverpay,,0,130000
51528,3289,2025-10-11 19:05:57,completed,naverpay,,0,331900
51529,3290,2025-07-09 21:12:11,completed,card,,0,653400
51530,3293,2025-07-21 18:54:33,completed,kakaopay,,0,100700
51531,3294,2025-06-30 21:57:48,completed,kakaopay,WELCOME10,38200,343700
51532,3296,2025-07-21 18:46:59,completed,naverpay,,0,16500
51533,3297,2025-11-06 19:12:58,cancelled,card,,0,89600
51534,3298,2025-07-21 23:40:29,completed,card,,0,46600
51535,3299,2025-09-23 23:34:40,cancelled,bank_transfer,WELCOME10,12100,108700
51536,3300,2025-07-18 22:39:49,completed,naverpay,,0,402800
51537,3301,2025-09-21 14:37:53,completed,card,,0,100400
51538,3302,2025-07-02 18:10:47,completed,kakaopay,,0,140000
51539,3302,2025-07-12 15:34:23,completed,card,,0,35600
51540,3304,2025-08-09 17:26:01,completed,kakaopay,FALL10,1500,13100
51541,3304,2025-10-09 15:01:01,completed,kakaopay,,0,6900
51542,3308,2025-07-26 14:40:47,cancelled,kakaopay,,0,314900
51543,3309,2025-06-22 20:47:50,completed,card,WELCOME10,7200,64800
51544,3312,2025-06-23 00:10:18,completed,card,,0,334300
51545,3312,2025-07-04 23:59:10,completed,card,,0,126300
51546,3312,2025-09-21 20:30:08,completed,bank_transfer,,0,106400
51547,3312,2025-10-13 18:27:03,completed,kakaopay,XMAS25,8100,24400
51548,3314,2025-06-22 22:47:02,completed,card,WELCOME10,3900,34700
51549,3314,2025-07-03 00:07:01,completed,kakaopay,,0,32500
51550,3316,2025-06-23 00:06:18,completed,card,,0,196300
51551,3317,2025-07-26 14:47:58,completed,card,WELCOME10,12800,115400
51552,3318,2025-12-21 17:30:47,completed,card,WELCOME10,7500,67300
51553,3319,2025-06-23 15:41:13,completed,card,,0,528800
51554,3319,2025-07-01 19:03:00,completed,card,FALL10,30900,278200
51555,3321,2025-08-03 00:11:34,completed,naverpay,,0,65000
51556,3323,2025-07-31 23:16:20,completed,bank_transfer,,0,74800
51557,3324,2025-07-16 23:12:56,completed,card,WELCOME10,6500,58500
51558,3324,2025-07-20 20:28:22,completed,card,FALL10,7500,67300
51559,3324,2025-07-27 20:56:36,refunded,card,,0,85000
51560,3324,2025-08-04 23:35:52,completed,card,,0,138200
51561,3325,2025-07-30 21:42:17,completed,naverpay,,0,285300
51562,3334,2025-08-03 23:08:34,completed,card,,0,212200
51563,3336,2025-08-11 19:35:58,completed,card,WELCOME10,1400,12900
51564,3336,2025-08-17 18:57:52,completed,card,FALL10,24800,223000
51565,3336,2025-08-24 16:55:31,completed,naverpay,,0,59200
51566,3338,2025-07-07 19:27:01,cancelled,kakaopay,,0,158000
51567,3338,2025-07-16 19:12:04,completed,naverpay,FALL10,5600,50300
51568,3338,2025-07-22 19:24:53,completed,naverpay,,0,156100
51569,3338,2025-08-14 14:12:56,completed,card,,0,109700
51570,3338,2025-08-16 23:14:41,completed,kakaopay,,0,16400
51571,3338,2025-10-01 13:42:06,completed,kakaopay,,0,502600
51572,3338,2025-11-20 23:55:15,refunded,card,,0,35300
51573,3339,2025-08-01 18:24:12,completed,card,,0,46700
51574,3340,2025-07-22 23:15:04,completed,kakaopay,WELCOME10,4000,36000
51575,3342,2025-06-24 17:44:47,cancelled,kakaopay,,0,124200
51576,3344,2025-07-09 19:49:59,completed,card,WELCOME10,13000,116700
51577,3347,2025-06-25 23:31:42,completed,naverpay,SUMMER20,27500,110200
51578,3348,2025-07-10 16:56:05,completed,kakaopay,WELCOME10,12400,111800
51579,3348,2025-07-15 19:58:24,completed,card,FALL10,5600,50200
51580,3350,2025-07-08 17:21:20,completed,card,,0,513800
51581,3355,2025-06-25 16:57:31,completed,card,WELCOME10,700,6200
51582,3357,2025-06-25 16:06:37,completed,naverpay,,0,219500
51583,3362,2025-06-25 18:46:49,completed,kakaopay,WELCOME10,9400,85100
51584,3365,2025-06-26 20:55:42,completed,kakaopay,WELCOME10,9000,81200
51585,3367,2025-06-26 23:44:25,completed,kakaopay,WELCOME10,46900,422000
51586,3367,2025-07-29 17:49:50,completed,kakaopay,,0,109700
51587,3367,2025-08-03 13:53:43,completed,card,,0,205600
51588,3369,2025-06-27 00:00:32,completed,naverpay,,0,382100
51589,3370,2025-06-26 16:37:02,cancelled,card,WELCOME10,9800,87700
51590,3371,2025-08-31 21:05:26,completed,kakaopay,,0,117400
51591,3374,2025-06-27 23:40:59,completed,bank_transfer,,0,251300
51592,3374,2025-07-03 21:22:15,completed,kakaopay,,0,456600
51593,3377,2025-06-27 15:56:23,cancelled,card,WELCOME10,21000,189300
51594,3377,2025-08-08 23:18:33,completed,card,,0,658300
51595,3377,2025-08-29 14:18:07,completed,card,,0,805600
51596,3378,2025-06-27 18:14:40,completed,card,SUMMER20,35400,141600
51597,3378,2025-09-03 23:11:38,completed,kakaopay,,0,1010900
51598,3378,2025-09-14 15:04:59,completed,kakaopay,,0,250300
51599,3379,2025-06-27 18:57:59,completed,kakaopay,SUMMER20,2800,11000
51600,3379,2025-07-31 17:26:21,completed,kakaopay,,0,243900
51601,3379,2025-08-31 11:57:12,completed,kakaopay,,0,265800
51602,3382,2025-08-16 17:07:53,completed,card,,0,151100
51603,3382,2025-08-16 18:33:53,completed,kakaopay,,0,440600
51604,3387,2025-07-02 00:11:37,completed,naverpay,,0,53700
51605,3387,2025-07-02 18:14:40,cancelled,naverpay,,0,188600
51606,3389,2025-07-13 20:55:37,completed,card,WELCOME10,35700,321100
51607,3390,2025-07-14 21:54:50,completed,naverpay,WELCOME10,62300,560500
51608,3390,2025-08-11 20:28:25,completed,naverpay,,0,32500
51609,3392,2025-07-10 13:20:38,completed,card,,0,104400
51610,3392,2025-10-02 22:30:17,completed,card,,0,53500
51611,3393,2025-07-03 20:16:26,completed,bank_transfer,,0,343900
51612,3393,2025-07-15 23:39:52,completed,naverpay,,0,98100
51613,3393,2025-11-12 23:33:21,completed,card,,0,65000
51614,3395,2025-06-28 17:58:32,completed,card,,0,128200
51615,3397,2025-08-21 21:39:43,completed,naverpay,FALL10,10400,94000
51616,3398,2025-08-22 21:43:25,completed,naverpay,WELCOME10,2600,23000
51617,3399,2025-06-28 21:49:31,completed,card,,0,109700
51618,3399,2025-06-29 16:04:45,completed,card,,0,252600
51619,3400,2025-09-15 23:50:42,completed,bank_transfer,,0,400900
51620,3402,2025-07-16 23:27:13,cancelled,card,,0,205600
51621,3402,2025-10-23 19:34:49,cancelled,kakaopay,,0,609900
51622,3404,2025-06-29 00:00:54,completed,bank_transfer,,0,26100
51623,3405,2025-09-07 16:21:44,cancelled,card,,0,79000
51624,3406,2025-12-04 23:37:55,completed,naverpay,WELCOME10,7200,64900
51625,3410,2025-08-29 19:06:12,completed,card,,0,126300
51626,3412,2025-08-20 23:44:32,completed,card,,0,289800
51627,3414,2025-10-19 22:22:20,completed,card,,0,64500
51628,3416,2025-06-29 18:27:36,cancelled,kakaopay,,0,180300
51629,3416,2025-09-04 20:49:00,completed,card,FALL10,21000,189300
51630,3418,2025-08-04 19:08:32,completed,naverpay,WELCOME10,21000,189300
51631,3420,2025-07-04 13:42:22,completed,card,,0,62500
51632,3422,2025-06-29 22:00:35,completed,card,WELCOME10,16500,148500
51633,3422,2025-08-04 22:23:51,completed,card,,0,117300
51634,3423,2025-12-21 23:19:52,completed,kakaopay,,0,45400
51635,3424,2025-07-07 19:42:33,completed,naverpay,,0,207900
51636,3424,2025-07-11 22:35:44,completed,bank_transfer,FALL10,12500,112500
51637,3424,2025-08-29 21:13:40,completed,naverpay,,0,274200
51638,3424,2025-09-10 00:04:29,completed,kakaopay,,0,57800
51639,3424,2025-12-30 21:42:41,completed,card,XMAS25,50900,152800
51640,3425,2025-06-29 22:23:57,completed,card,,0,72000
51641,3426,2025-07-30 23:42:53,completed,card,,0,33800
51642,3427,2025-07-20 23:22:10,completed,bank_transfer,FALL10,10100,90500
51643,3427,2025-09-03 15:36:34,completed,kakaopay,,0,395700
51644,3428,2025-06-29 17:35:04,completed,kakaopay,WELCOME10,46700,420300
51645,3428,2025-07-17 14:08:36,completed,card,,0,367200
51646,3435,2025-09-09 23:13:26,completed,naverpay,,0,838100
51647,3439,2025-07-17 21:55:31,completed,kakaopay,WELCOME10,61500,553700
51648,3451,2025-07-01 19:30:31,completed,card,,0,56000
51649,3452,2025-07-01 20:58:48,completed,naverpay,WELCOME10,9800,87700
51650,3454,2025-08-27 00:08:05,refunded,card,,0,19900
51651,3454,2025-09-10 23:07:12,completed,card,,0,19900
51652,3456,2025-08-27 00:07:52,completed,naverpay,WELCOME10,24100,216700
51653,3456,2025-10-20 22:38:24,completed,kakaopay,XMAS25,68900,206800
51654,3456,2025-10-22 21:32:34,completed,card,,0,349900
51655,3460,2025-08-10 00:12:39,completed,kakaopay,WELCOME10,4700,41900
51656,3461,2025-07-02 19:51:58,refunded,card,,0,72100
51657,3462,2025-07-02 15:06:11,completed,naverpay,,0,294700
51658,3462,2025-07-11 23:16:53,completed,card,,0,97500
51659,3462,2025-07-24 21:46:09,completed,card,,0,6900
51660,3462,2025-08-05 21:30:52,completed,kakaopay,,0,252600
51661,3464,2025-07-19 23:19:59,completed,bank_transfer,FALL10,8700,78000
51662,3465,2025-07-02 21:56:50,completed,naverpay,WELCOME10,21000,189300
51663,3468,2025-07-28 22:10:36,completed,naverpay,WELCOME10,10700,96600
51664,3468,2025-09-14 21:18:50,completed,naverpay,,0,157900
51665,3468,2025-11-15 18:02:51,completed,card,,0,67200
51666,3468,2025-11-16 19:46:27,completed,card,,0,76600
51667,3469,2025-08-06 18:18:55,completed,kakaopay,WELCOME10,37300,336000
51668,3469,2025-11-22 22:18:30,completed,naverpay,,0,335100
51669,3470,2025-07-27 22:41:44,cancelled,card,WELCOME10,51400,462400
51670,3471,2025-07-11 21:43:32,completed,naverpay,WELCOME10,9200,83300
51671,3471,2025-07-19 23:16:42,completed,kakaopay,,0,23800
51672,3471,2025-12-12 23:09:04,completed,bank_transfer,XMAS25,6900,20600
51673,3473,2025-07-14 21:21:26,completed,card,WELCOME10,20300,182400
51674,3475,2025-09-25 19:17:49,completed,naverpay,WELCOME10,11500,103200
51675,3477,2025-07-14 14:37:08,completed,kakaopay,FALL10,32300,290400
51676,3478,2025-07-27 17:25:06,completed,card,FALL10,5900,53300
51677,3478,2025-09-02 00:09:01,completed,card,FALL10,46100,414500
51678,3479,2025-07-26 21:19:14,completed,card,WELCOME10,6500,58500
51679,3479,2025-08-07 19:50:10,completed,card,FALL10,47800,429700
51680,3482,2025-07-26 18:00:28,completed,card,,0,402800
51681,3485,2025-07-12 18:46:24,completed,card,,0,57800
51682,3485,2025-09-04 20:51:38,completed,naverpay,,0,277700
51683,3490,2025-07-13 23:23:05,completed,card,FALL10,6600,59600
51684,3491,2025-10-09 14:51:49,completed,bank_transfer,,0,70400
51685,3491,2025-11-07 22:57:45,completed,card,,0,122400
51686,3493,2025-08-28 19:08:54,cancelled,naverpay,,0,133000
51687,3495,2025-07-09 21:49:55,completed,card,,0,93500
51688,3495,2025-07-12 19:43:20,completed,card,,0,32500
51689,3495,2025-07-25 19:01:42,completed,card,,0,687700
51690,3495,2025-10-09 22:57:23,completed,naverpay,,0,139300
51691,3500,2025-07-05 23:55:08,completed,bank_transfer,,0,215300
51692,3500,2025-08-27 17:16:43,completed,kakaopay,FALL10,21900,197400
51693,3501,2025-07-13 15:54:33,completed,card,WELCOME10,15800,141700
51694,3501,2025-07-26 21:14:03,completed,card,,0,253000
51695,3502,2025-09-24 16:01:03,completed,card,WELCOME10,17300,155800
51696,3505,2025-07-15 22:21:07,completed,kakaopay,,0,34500
51697,3508,2025-07-05 21:16:39,cancelled,bank_transfer,,0,65000
51698,3510,2025-09-09 13:20:10,completed,kakaopay,WELCOME10,6600,59600
51699,3511,2025-07-05 21:24:34,completed,card,,0,25900
51700,3511,2025-09-23 19:31:31,completed,card,,0,205700
51701,3511,2025-12-26 19:55:32,completed,kakaopay,,0,144100
51702,3512,2025-07-05 23:44:42,completed,card,,0,522800
51703,3512,2025-08-02 16:03:31,completed,kakaopay,,0,72000
51704,3512,2025-09-22 21:55:45,completed,kakaopay,,0,55800
51705,3516,2025-07-08 22:29:54,completed,naverpay,FALL10,20000,179600
51706,3519,2025-07-06 16:19:32,refunded,naverpay,FALL10,14200,127400
51707,3521,2025-08-16 20:26:11,completed,card,FALL10,4700,41900
51708,3522,2025-08-05 16:06:48,completed,kakaopay,,0,573700
51709,3522,2025-08-10 19:28:49,completed,kakaopay,FALL10,11000,98700
51710,3522,2025-12-03 16:43:45,completed,kakaopay,,0,55800
51711,3524,2025-07-23 15:04:10,completed,card,FALL10,21000,189300
51712,3524,2025-07-24 17:53:25,completed,kakaopay,,0,311700
51713,3525,2025-09-30 23:21:08,completed,naverpay,,0,84600
51714,3526,2025-07-06 21:59:43,completed,card,,0,256900
51715,3526,2025-07-17 22:12:46,completed,naverpay,,0,126300
51716,3526,2025-10-07 20:02:33,completed,kakaopay,,0,101200
51717,3527,2025-09-04 10:52:28,completed,naverpay,FALL10,18400,165700
51718,3527,2025-10-11 11:22:53,completed,card,,0,25800
51719,3528,2025-07-06 23:45:12,completed,kakaopay,,0,84300
51720,3529,2025-07-26 23:39:32,completed,card,WELCOME10,17900,160800
51721,3533,2025-11-21 16:42:02,completed,card,,0,43400
51722,3539,2025-07-13 23:18:47,completed,card,WELCOME10,18600,167700
51723,3539,2025-10-05 20:18:51,completed,card,,0,177700
51724,3542,2025-07-11 14:48:34,completed,naverpay,,0,100400
51725,3542,2025-08-07 23:50:41,completed,card,,0,238100
51726,3543,2025-08-14 21:54:03,completed,card,WELCOME10,24500,220600
51727,3544,2025-07-31 20:44:33,completed,card,WELCOME10,2800,24700
51728,3544,2025-11-08 16:45:45,completed,card,,0,114700
51729,3546,2025-07-27 19:28:48,completed,card,,0,201700
51730,3546,2025-08-22 19:44:31,refunded,card,,0,882100
51731,3555,2025-11-17 15:03:50,completed,card,,0,27500
51732,3558,2025-07-14 22:38:20,completed,card,,0,97500
51733,3558,2025-08-20 20:48:48,completed,card,,0,314000
51734,3559,2025-07-12 18:26:56,completed,card,,0,447600
51735,3559,2025-07-24 19:46:02,completed,naverpay,,0,509100
51736,3559,2025-08-10 22:35:33,refunded,card,,0,805600
51737,3559,2025-08-24 16:31:31,completed,naverpay,,0,402800
51738,3562,2025-09-20 15:35:04,completed,naverpay,,0,453900
51739,3563,2025-07-08 20:23:50,refunded,card,,0,43700
51740,3566,2025-08-05 00:20:13,completed,card,FALL10,5500,49100
51741,3566,2025-08-12 18:41:39,completed,card,,0,136900
51742,3566,2025-08-22 21:28:23,completed,card,,0,184100
51743,3567,2025-07-08 23:20:10,completed,card,,0,46600
51744,3570,2025-12-13 15:00:41,completed,card,WELCOME10,6600,59500
51745,3571,2025-07-12 17:58:13,refunded,card,WELCOME10,6500,58500
51746,3571,2025-07-12 19:54:40,completed,card,,0,402800
51747,3572,2025-10-21 18:34:20,completed,kakaopay,WELCOME10,2000,17500
51748,3576,2025-07-25 15:07:55,completed,kakaopay,WELCOME10,700,6200
51749,3577,2025-07-19 18:12:47,completed,kakaopay,FALL10,31200,280600
51750,3577,2025-09-30 00:08:17,completed,card,,0,72200
51751,3579,2025-07-21 16:03:36,completed,kakaopay,,0,57700
51752,3580,2025-07-17 18:50:38,completed,bank_transfer,WELCOME10,26000,233500
51753,3582,2025-07-09 16:24:46,completed,naverpay,FALL10,8300,74500
51754,3582,2025-08-04 17:33:20,completed,card,,0,57700
51755,3584,2025-08-20 21:28:11,completed,card,,0,199600
51756,3584,2025-10-19 13:37:16,refunded,naverpay,,0,114600
51757,3587,2025-07-10 22:05:22,completed,card,,0,146400
51758,3587,2025-07-12 00:02:50,completed,card,,0,13800
51759,3589,2025-08-05 19:56:33,completed,card,,0,65000
51760,3592,2025-08-01 19:01:20,completed,card,WELCOME10,17000,152800
51761,3596,2025-08-21 23:56:56,completed,kakaopay,WELCOME10,700,6200
51762,3597,2025-11-01 17:45:23,completed,card,,0,359000
51763,3600,2025-10-04 23:58:48,refunded,card,,0,109700
51764,3601,2025-07-11 20:12:42,completed,card,FALL10,68600,617400
51765,3601,2025-11-22 14:42:43,completed,kakaopay,,0,199600
51766,3602,2025-09-04 16:16:23,completed,naverpay,,0,126900
51767,3604,2025-08-07 22:21:46,completed,naverpay,WELCOME10,27600,248500
51768,3605,2025-07-11 16:40:09,completed,card,WELCOME10,18500,166500
51769,3605,2025-07-29 13:58:21,completed,kakaopay,FALL10,7200,64900
51770,3612,2025-11-19 21:07:56,completed,bank_transfer,,0,93300
51771,3613,2025-08-08 22:03:43,completed,bank_transfer,FALL10,9200,82500
51772,3615,2025-08-04 18:40:08,completed,card,WELCOME10,39300,353300
51773,3616,2025-07-17 19:27:05,completed,card,,0,431900
51774,3616,2025-08-10 16:03:59,completed,bank_transfer,,0,406900
51775,3618,2025-07-12 19:39:36,completed,card,,0,6900
51776,3619,2025-08-09 20:38:05,completed,card,FALL10,68600,617900
51777,3620,2025-07-12 20:02:47,completed,naverpay,,0,186800
51778,3620,2025-09-30 18:25:32,completed,kakaopay,,0,252600
51779,3622,2025-07-22 20:00:43,cancelled,card,,0,32500
51780,3625,2025-07-12 23:43:29,completed,naverpay,WELCOME10,1400,12900
51781,3626,2025-08-04 23:12:13,completed,naverpay,WELCOME10,6500,58500
51782,3629,2025-07-14 18:28:45,completed,card,,0,180100
51783,3630,2025-07-20 00:13:54,completed,card,,0,375700
51784,3630,2025-07-27 22:09:14,completed,bank_transfer,,0,57700
51785,3630,2025-08-25 21:21:25,completed,card,,0,147300
51786,3630,2025-08-25 20:20:22,completed,kakaopay,,0,347300
51787,3630,2025-09-09 17:44:50,completed,kakaopay,,0,471500
51788,3632,2025-07-12 22:56:17,completed,naverpay,,0,126300
51789,3632,2025-08-10 20:27:23,completed,card,,0,405400
51790,3632,2025-08-10 23:55:52,completed,kakaopay,,0,75700
51791,3632,2025-08-24 23:11:10,completed,bank_transfer,,0,402800
51792,3632,2025-09-18 23:30:55,completed,card,,0,109700
51793,3632,2025-11-21 17:58:00,completed,card,,0,161300
51794,3633,2025-07-13 14:14:25,completed,card,WELCOME10,2500,22500
51795,3633,2025-08-15 17:34:51,cancelled,card,,0,95000
51796,3636,2025-09-06 17:44:06,completed,card,,0,256900
51797,3637,2025-08-23 17:39:21,completed,kakaopay,FALL10,17200,154800
51798,3637,2025-09-15 22:27:09,completed,naverpay,,0,120800
51799,3638,2025-07-13 19:48:04,completed,naverpay,WELCOME10,3300,29600
51800,3638,2025-07-19 17:20:51,completed,card,,0,52800
51801,3638,2025-09-21 22:09:23,completed,card,,0,422500
51802,3638,2025-10-20 22:34:54,completed,card,,0,266300
51803,3640,2025-10-12 22:41:11,completed,kakaopay,,0,70400
51804,3643,2025-08-15 13:31:37,completed,naverpay,,0,23800
51805,3644,2025-10-10 18:40:47,completed,bank_transfer,,0,109700
51806,3645,2025-09-22 00:18:59,completed,card,WELCOME10,13300,119900
51807,3647,2025-07-18 13:54:56,completed,card,,0,141700
51808,3654,2025-10-12 13:27:39,completed,card,XMAS25,156100,468200
51809,3657,2025-07-14 22:44:48,completed,card,WELCOME10,27600,248400
51810,3658,2025-08-31 21:05:17,completed,card,,0,275800
51811,3658,2025-10-01 22:43:49,refunded,card,,0,25400
51812,3661,2025-12-29 14:35:48,completed,naverpay,WELCOME10,14200,128300
51813,3664,2025-07-14 20:04:05,completed,kakaopay,WELCOME10,13700,123500
51814,3664,2025-10-11 23:07:06,cancelled,naverpay,,0,31800
51815,3666,2025-07-23 23:40:53,completed,kakaopay,WELCOME10,10500,94500
51816,3669,2025-10-10 21:12:17,completed,kakaopay,WELCOME10,25700,231200
51817,3670,2025-07-19 20:41:41,cancelled,naverpay,WELCOME10,11400,102100
51818,3673,2025-09-14 23:54:16,completed,card,,0,55800
51819,3674,2025-07-21 13:35:37,completed,naverpay,,0,26000
51820,3677,2025-09-27 08:37:28,completed,bank_transfer,,0,364900
51821,3678,2025-07-15 22:53:34,completed,bank_transfer,WELCOME10,16100,145000
51822,3680,2025-08-27 23:04:12,completed,naverpay,,0,513800
51823,3680,2025-09-20 16:28:33,completed,card,,0,578800
51824,3680,2025-11-17 10:23:13,completed,card,,0,55800
51825,3682,2025-08-26 22:39:21,completed,card,WELCOME10,14700,132300
51826,3682,2025-09-21 20:31:11,completed,naverpay,,0,420600
51827,3685,2025-09-14 17:54:34,completed,card,,0,16900
51828,3685,2025-09-18 13:38:58,completed,naverpay,,0,27500
51829,3685,2025-10-10 23:12:46,completed,card,,0,98900
51830,3685,2025-11-27 18:17:33,refunded,card,,0,6900
51831,3686,2025-08-05 20:20:11,completed,card,FALL10,12600,113700
51832,3687,2025-07-15 16:27:48,completed,kakaopay,,0,273500
51833,3688,2025-07-23 23:37:17,completed,kakaopay,,0,70400
51834,3689,2025-12-27 23:18:00,completed,naverpay,XMAS25,17100,51200
51835,3690,2025-12-16 20:10:39,refunded,naverpay,WELCOME10,13300,119700
51836,3691,2025-07-16 23:43:00,completed,bank_transfer,,0,181600
51837,3696,2025-11-26 21:56:20,completed,bank_transfer,,0,42000
51838,3699,2025-08-16 19:35:00,cancelled,naverpay,WELCOME10,3700,33500
51839,3699,2025-09-03 21:00:01,completed,card,,0,380100
51840,3699,2025-09-08 19:19:33,completed,card,,0,116700
51841,3700,2025-08-04 19:24:55,completed,kakaopay,,0,19900
51842,3702,2025-08-22 23:16:06,cancelled,kakaopay,WELCOME10,3200,29300
51843,3704,2025-07-16 16:26:28,completed,bank_transfer,,0,109700
51844,3705,2025-07-22 19:41:27,completed,kakaopay,WELCOME10,21000,189300
51845,3705,2025-08-25 20:36:23,completed,card,,0,256900
51846,3705,2025-10-10 15:22:01,completed,kakaopay,,0,1163100
51847,3707,2025-07-23 23:03:49,completed,kakaopay,WELCOME10,32100,288900
51848,3708,2025-07-18 00:05:12,completed,card,,0,204900
51849,3708,2025-07-22 20:51:40,refunded,kakaopay,FALL10,29100,262100
51850,3710,2025-08-24 23:26:16,completed,card,,0,77700
51851,3711,2025-07-17 23:05:34,completed,card,,0,144200
51852,3712,2025-09-06 22:14:05,completed,card,,0,229200
51853,3713,2025-07-17 21:28:57,completed,naverpay,WELCOME10,700,6200
51854,3713,2025-08-18 12:12:35,completed,card,,0,6900
51855,3716,2025-08-10 21:57:14,completed,card,WELCOME10,3200,29300
51856,3718,2025-07-21 00:01:18,completed,card,,0,16500
51857,3718,2025-08-25 23:43:19,completed,card,,0,111600
51858,3719,2025-09-06 00:10:26,refunded,kakaopay,,0,223400
51859,3720,2025-07-17 19:16:16,completed,card,FALL10,52300,470900
51860,3720,2025-10-09 19:34:48,completed,kakaopay,,0,868200
51861,3720,2025-11-28 21:43:41,completed,card,XMAS25,8200,24800
51862,3722,2025-08-03 16:43:30,completed,card,,0,32500
51863,3723,2025-07-18 21:03:53,completed,card,WELCOME10,700,6200
51864,3724,2025-08-08 21:15:12,completed,naverpay,,0,803100
51865,3724,2025-08-10 22:56:50,completed,card,,0,370900
51866,3726,2025-10-28 23:56:37,cancelled,kakaopay,,0,691800
51867,3726,2025-12-16 13:25:45,completed,card,,0,200800
51868,3727,2025-08-05 23:36:56,completed,bank_transfer,,0,254900
51869,3729,2025-08-30 17:54:52,completed,kakaopay,WELCOME10,9000,81300
51870,3729,2025-11-06 20:10:33,completed,card,,0,250700
51871,3729,2025-11-20 23:42:14,completed,bank_transfer,,0,140200
51872,3729,2025-12-01 23:07:34,completed,kakaopay,XMAS25,4400,13400
51873,3729,2025-12-28 20:43:16,completed,card,,0,147800
51874,3731,2025-08-25 19:04:10,completed,card,,0,187100
51875,3731,2025-09-05 21:27:59,completed,kakaopay,,0,222800
51876,3731,2025-09-14 18:55:57,completed,kakaopay,,0,147000
51877,3732,2025-10-08 16:43:09,completed,kakaopay,,0,369100
51878,3734,2025-08-11 23:07:48,completed,kakaopay,WELCOME10,15600,140800
51879,3735,2025-07-20 17:58:59,completed,kakaopay,,0,107300
51880,3738,2025-07-27 00:07:13,completed,card,,0,133400
51881,3739,2025-07-18 15:54:48,completed,card,,0,153800
51882,3739,2025-09-16 23:20:39,refunded,card,,0,343200
51883,3741,2025-07-19 00:13:06,completed,card,,0,409700
51884,3743,2025-07-18 19:36:07,completed,kakaopay,WELCOME10,4300,39100
51885,3743,2025-12-26 20:01:14,completed,card,,0,90800
51886,3745,2025-08-30 23:39:00,completed,card,WELCOME10,40400,363900
51887,3746,2025-08-18 20:33:34,completed,card,WELCOME10,20600,185000
51888,3747,2025-08-04 21:50:27,completed,kakaopay,,0,1168300
51889,3747,2025-09-24 19:05:14,completed,kakaopay,,0,79000
51890,3748,2025-08-05 19:44:08,completed,card,,0,126300
51891,3748,2025-08-07 14:43:12,completed,naverpay,,0,216600
51892,3750,2025-07-19 22:55:17,cancelled,naverpay,WELCOME10,3600,32900
51893,3751,2025-08-27 22:51:09,completed,card,,0,329000
51894,3751,2025-10-16 21:53:52,completed,kakaopay,,0,56400
51895,3755,2025-07-19 23:39:24,completed,naverpay,,0,72700
51896,3755,2025-10-13 15:25:11,completed,kakaopay,,0,163000
51897,3759,2025-07-22 23:23:20,completed,kakaopay,,0,72100
51898,3761,2025-07-20 23:48:46,completed,kakaopay,,0,210300
51899,3762,2025-08-17 19:08:10,completed,card,,0,32500
51900,3763,2025-07-27 20:45:52,completed,naverpay,WELCOME10,3100,27700
51901,3769,2025-08-03 12:45:30,completed,kakaopay,,0,17800
51902,3770,2025-07-20 19:24:55,completed,bank_transfer,,0,16000
51903,3773,2025-07-26 17:36:11,refunded,kakaopay,WELCOME10,21500,193800
51904,3773,2025-08-10 17:11:05,completed,kakaopay,,0,296300
51905,3774,2025-08-27 16:04:50,completed,card,,0,444100
51906,3774,2025-09-03 23:41:39,cancelled,kakaopay,,0,115400
51907,3774,2025-09-09 22:07:07,completed,bank_transfer,,0,511000
51908,3776,2025-08-14 00:08:58,refunded,naverpay,WELCOME10,13500,121900
51909,3777,2025-07-20 23:03:35,completed,naverpay,WELCOME10,37600,338800
51910,3778,2025-07-20 18:14:06,completed,card,WELCOME10,11500,103900
51911,3778,2025-08-25 23:17:03,completed,naverpay,,0,61200
51912,3778,2025-09-14 21:38:55,completed,kakaopay,FALL10,1500,13900
51913,3783,2025-07-29 20:26:31,refunded,card,WELCOME10,19900,179500
51914,3783,2025-09-15 23:56:59,completed,kakaopay,,0,238100
51915,3790,2025-08-01 23:53:59,completed,card,,0,520400
51916,3792,2025-09-27 20:39:10,completed,card,WELCOME10,3200,29300
51917,3794,2025-08-09 21:27:32,completed,card,WELCOME10,13700,123400
51918,3794,2025-08-11 22:12:13,completed,card,,0,565500
51919,3794,2025-08-27 21:17:04,completed,kakaopay,,0,243600
51920,3794,2025-10-29 23:41:48,completed,kakaopay,,0,291700
51921,3794,2025-10-31 23:36:06,completed,card,,0,177700
51922,3795,2025-10-07 00:01:55,completed,kakaopay,WELCOME10,20300,182700
51923,3796,2025-09-27 10:07:14,cancelled,kakaopay,WELCOME10,11000,98700
51924,3797,2025-09-28 10:03:24,completed,bank_transfer,FALL10,1600,14800
51925,3798,2025-08-25 16:30:35,refunded,kakaopay,,0,46600
51926,3798,2025-09-06 19:09:41,completed,card,,0,57800
51927,3798,2025-10-21 16:35:20,completed,naverpay,,0,127100
51928,3798,2025-11-04 15:35:36,completed,kakaopay,XMAS25,50000,149800
51929,3803,2025-07-22 12:40:22,completed,kakaopay,,0,50700
51930,3808,2025-07-22 15:18:06,completed,kakaopay,FALL10,5300,47500
51931,3808,2025-09-07 18:31:51,completed,naverpay,FALL10,20600,184900
51932,3811,2025-08-21 20:29:36,completed,naverpay,WELCOME10,7200,64900
51933,3811,2025-09-18 23:27:21,completed,naverpay,,0,254400
51934,3812,2025-08-21 19:23:05,cancelled,kakaopay,WELCOME10,3200,29300
51935,3816,2025-12-31 23:23:14,completed,bank_transfer,,0,45400
51936,3822,2025-11-05 00:05:41,completed,kakaopay,WELCOME10,3200,29300
51937,3824,2025-10-26 20:31:09,completed,kakaopay,WELCOME10,12800,115400
51938,3832,2025-07-24 21:13:32,completed,naverpay,,0,97600
51939,3837,2025-08-13 21:18:28,completed,card,FALL10,29700,267400
51940,3837,2025-10-04 00:09:37,completed,naverpay,,0,375700
51941,3839,2025-08-09 22:18:15,completed,kakaopay,,0,103700
51942,3841,2025-10-12 20:31:08,completed,kakaopay,,0,33100
51943,3841,2025-10-18 16:21:31,completed,card,,0,70400
51944,3842,2025-07-28 16:50:05,completed,card,,0,165700
51945,3842,2025-09-18 22:22:45,completed,kakaopay,,0,122700
51946,3844,2025-08-03 18:36:06,completed,card,,0,100400
51947,3845,2025-08-03 21:05:34,completed,card,,0,400900
51948,3847,2025-08-04 16:05:30,cancelled,card,WELCOME10,9400,84700
51949,3857,2025-08-25 13:14:59,completed,card,,0,115600
51950,3859,2025-10-06 14:50:25,completed,naverpay,WELCOME10,17400,156100
51951,3860,2025-09-28 20:57:53,completed,kakaopay,WELCOME10,15900,142800
51952,3862,2025-08-03 23:13:59,cancelled,naverpay,,0,131800
51953,3862,2025-10-29 15:48:57,cancelled,kakaopay,XMAS25,1700,5200
51954,3864,2025-08-05 23:16:09,completed,card,WELCOME10,5800,51900
51955,3864,2025-10-21 20:24:01,completed,card,,0,104400
51956,3865,2025-07-27 20:25:39,completed,kakaopay,,0,33100
51957,3865,2025-09-08 10:02:52,completed,kakaopay,,0,97500
51958,3866,2025-07-26 22:42:30,completed,naverpay,,0,126300
51959,3870,2025-09-21 13:29:47,cancelled,card,WELCOME10,56000,503800
51960,3870,2025-12-26 14:18:47,cancelled,naverpay,,0,102400
51961,3871,2025-07-26 23:51:47,cancelled,kakaopay,,0,51200
51962,3877,2025-08-10 19:55:17,refunded,kakaopay,WELCOME10,28500,256200
51963,3877,2025-08-26 14:14:50,completed,bank_transfer,,0,55800
51964,3877,2025-10-29 18:09:29,completed,card,,0,469000
51965,3881,2025-07-27 20:57:37,completed,naverpay,FALL10,19200,172500
51966,3881,2025-09-26 21:00:36,completed,kakaopay,,0,147900
51967,3883,2025-07-27 21:29:40,completed,card,,0,111600
51968,3887,2025-07-27 18:17:29,completed,card,,0,566700
51969,3887,2025-12-16 17:23:54,refunded,kakaopay,XMAS25,27400,82000
51970,3889,2025-08-26 00:04:21,completed,kakaopay,WELCOME10,5600,50200
51971,3893,2025-07-27 23:33:55,refunded,card,WELCOME10,29000,261000
51972,3894,2025-09-05 11:36:52,completed,card,,0,182100
51973,3895,2025-08-09 17:54:56,completed,card,,0,140800
51974,3895,2025-09-27 22:14:15,completed,card,,0,366400
51975,3895,2025-11-05 23:36:05,completed,card,,0,391400
51976,3895,2025-11-29 14:24:31,completed,kakaopay,,0,374700
51977,3898,2025-09-21 23:20:18,completed,card,,0,126000
51978,3900,2025-12-02 23:23:52,completed,bank_transfer,WELCOME10,3300,29500
51979,3901,2025-08-09 21:32:04,completed,card,FALL10,29400,264900
51980,3901,2025-10-06 23:32:57,completed,kakaopay,,0,549500
51981,3904,2025-12-20 23:44:56,cancelled,card,XMAS25,22700,68100
51982,3910,2025-08-24 23:40:39,completed,naverpay,,0,70400
51983,3912,2025-07-31 14:33:09,completed,kakaopay,WELCOME10,25400,229100
51984,3912,2025-09-03 22:01:33,completed,card,,0,128300
51985,3912,2025-09-11 21:42:22,completed,card,FALL10,2400,21100
51986,3917,2025-09-14 23:23:14,completed,kakaopay,,0,157800
51987,3918,2025-09-28 15:42:48,completed,card,,0,187200
51988,3921,2025-08-14 16:13:11,completed,bank_transfer,WELCOME10,700,6200
51989,3921,2025-11-16 21:23:35,completed,naverpay,,0,31200
51990,3922,2025-08-12 14:22:02,completed,kakaopay,FALL10,3300,29500
51991,3924,2025-08-17 20:47:52,completed,bank_transfer,FALL10,32000,288000
51992,3928,2025-07-29 22:57:49,completed,kakaopay,,0,216300
51993,3930,2025-08-06 18:54:55,completed,card,,0,288800
51994,3933,2025-08-07 23:13:17,refunded,naverpay,,0,267600
51995,3934,2025-08-28 23:29:52,completed,kakaopay,WELCOME10,5800,51900
51996,3934,2025-10-04 18:27:18,cancelled,card,,0,55800
51997,3935,2025-09-02 19:53:59,refunded,kakaopay,WELCOME10,6500,58500
51998,3939,2025-08-03 21:31:43,completed,card,WELCOME10,8100,73100
51999,3943,2025-11-26 21:45:31,completed,card,WELCOME10,6500,58500
52000,3947,2025-07-30 22:14:18,completed,card,,0,202500
52001,3947,2025-09-01 21:06:34,completed,card,FALL10,6100,54800
52002,3948,2025-07-30 20:07:03,completed,kakaopay,FALL10,24200,218200
52003,3948,2025-09-03 23:23:30,completed,kakaopay,,0,225600
52004,3950,2025-09-09 23:59:14,completed,card,,0,308400
52005,3951,2025-08-11 21:27:36,completed,card,WELCOME10,7000,63400
52006,3952,2025-09-13 17:59:50,completed,card,WELCOME10,16600,149300
52007,3953,2025-08-02 12:14:42,completed,kakaopay,WELCOME10,51400,462400
52008,3953,2025-08-06 16:47:33,completed,kakaopay,,0,194100
52009,3953,2025-11-22 21:42:19,completed,card,,0,270800
52010,3956,2025-08-14 22:03:13,completed,card,WELCOME10,15100,136000
52011,3960,2025-09-01 23:27:01,completed,card,WELCOME10,2400,21400
52012,3961,2025-10-15 19:59:03,completed,card,WELCOME10,3200,29300
52013,3962,2025-08-17 00:13:00,completed,naverpay,,0,622800
52014,3963,2025-08-03 00:07:19,completed,naverpay,,0,21200
52015,3965,2025-09-01 19:06:31,completed,kakaopay,,0,109000
52016,3966,2025-09-16 18:04:20,completed,card,FALL10,33300,299300
52017,3966,2025-10-06 22:49:45,completed,card,,0,70400
52018,3966,2025-10-11 18:13:03,completed,naverpay,,0,65000
52019,3966,2025-11-15 13:21:20,completed,card,,0,211300
52020,3966,2025-11-16 10:13:20,completed,card,,0,38300
52021,3971,2025-08-15 18:11:36,completed,naverpay,,0,32900
52022,3974,2025-09-14 22:12:28,completed,kakaopay,FALL10,13600,122400
52023,3979,2025-08-16 19:53:18,completed,naverpay,,0,147900
52024,3985,2025-10-17 19:58:46,completed,naverpay,,0,6900
52025,3987,2025-08-30 21:27:16,completed,bank_transfer,,0,57100
52026,3992,2025-08-03 21:00:19,completed,kakaopay,WELCOME10,5800,52000
52027,3992,2025-08-05 00:04:14,refunded,naverpay,,0,91700
52028,3995,2025-08-18 23:37:34,refunded,naverpay,WELCOME10,6000,54000
52029,3998,2025-08-03 19:00:26,cancelled,naverpay,,0,66500
52030,3998,2025-08-24 23:55:33,completed,kakaopay,,0,107600
52031,4002,2025-09-08 20:44:49,completed,kakaopay,,0,98700
52032,4005,2025-09-16 15:46:49,completed,naverpay,WELCOME10,12900,115700
52033,4008,2025-08-03 18:24:13,completed,naverpay,,0,123200
52034,4010,2025-08-30 23:48:33,completed,card,,0,65000
52035,4010,2025-09-23 15:18:46,completed,naverpay,,0,254600
52036,4017,2025-11-05 16:36:39,completed,card,,0,61600
52037,4019,2025-09-10 00:09:47,completed,card,FALL10,2900,25700
52038,4019,2025-09-18 23:36:10,cancelled,kakaopay,,0,116900
52039,4019,2025-09-23 18:23:11,completed,card,,0,409700
52040,4020,2025-08-04 23:57:20,completed,card,,0,402800
52041,4020,2025-09-03 21:38:32,completed,card,,0,181600
52042,4024,2025-08-19 22:01:30,completed,kakaopay,,0,97500
52043,4028,2025-08-08 22:34:08,completed,card,,0,65800
52044,4028,2025-09-06 18:26:12,completed,kakaopay,,0,33800
52045,4031,2025-08-20 19:37:37,completed,kakaopay,FALL10,4900,44000
52046,4031,2025-12-11 14:29:56,completed,kakaopay,,0,163200
52047,4033,2025-09-28 15:20:25,completed,kakaopay,WELCOME10,23100,207500
52048,4035,2025-08-05 23:39:08,completed,kakaopay,WELCOME10,60100,541100
52049,4036,2025-08-09 23:18:57,completed,bank_transfer,,0,40300
52050,4038,2025-09-11 23:52:41,cancelled,card,FALL10,2000,17900
52051,4039,2025-08-16 13:24:02,completed,kakaopay,,0,43400
52052,4040,2025-08-10 19:12:51,completed,card,,0,60000
52053,4040,2025-09-11 17:36:24,completed,kakaopay,,0,530300
52054,4040,2025-10-19 21:09:14,completed,card,,0,207400
52055,4040,2025-12-31 23:59:10,completed,naverpay,,0,126000
52056,4043,2025-08-12 20:36:17,cancelled,card,,0,32900
52057,4045,2025-09-27 00:06:49,completed,card,,0,12400
52058,4047,2025-09-07 17:10:07,completed,naverpay,WELCOME10,15700,141400
52059,4049,2025-10-05 16:44:46,completed,kakaopay,,0,314500
52060,4050,2025-09-09 17:22:03,cancelled,card,,0,481300
52061,4050,2025-09-28 22:44:39,completed,kakaopay,FALL10,24800,223700
52062,4051,2025-08-22 21:02:55,completed,kakaopay,FALL10,25700,231200
52063,4051,2025-09-20 19:09:50,completed,card,,0,6900
52064,4054,2025-08-09 19:22:01,completed,kakaopay,,0,66500
52065,4059,2025-09-14 21:29:47,completed,kakaopay,FALL10,19500,175200
52066,4061,2025-08-18 15:21:20,completed,card,WELCOME10,42600,383100
52067,4063,2025-08-12 23:53:05,completed,card,,0,16900
52068,4063,2025-09-10 20:23:49,completed,bank_transfer,,0,197900
52069,4063,2025-10-28 23:25:30,completed,naverpay,,0,32500
52070,4065,2025-08-07 17:25:35,completed,naverpay,FALL10,6100,54800
52071,4069,2025-08-29 23:19:10,completed,bank_transfer,,0,57800
52072,4069,2025-11-08 17:52:52,completed,naverpay,,0,48500
52073,4070,2025-08-17 14:37:57,completed,kakaopay,,0,93500
52074,4070,2025-09-11 12:44:37,completed,card,,0,93500
52075,4070,2025-10-09 15:40:11,cancelled,card,XMAS25,72400,217000
52076,4072,2025-08-07 15:42:37,completed,card,WELCOME10,25300,227300
52077,4072,2025-08-23 17:18:42,completed,naverpay,,0,59200
52078,4074,2025-09-01 23:30:28,completed,kakaopay,FALL10,16700,150700
52079,4075,2025-08-13 00:07:08,completed,kakaopay,,0,140100
52080,4076,2025-10-28 21:09:29,completed,naverpay,,0,70400
52081,4079,2025-08-23 21:09:17,completed,bank_transfer,FALL10,3200,29300
52082,4080,2025-08-08 23:49:59,completed,bank_transfer,,0,422300
52083,4084,2025-08-08 20:44:51,completed,card,,0,105300
52084,4087,2025-10-25 21:01:55,completed,card,XMAS25,193800,581600
52085,4092,2025-08-21 19:05:55,completed,card,,0,133200
52086,4092,2025-11-13 00:07:30,completed,card,,0,210300
52087,4095,2025-09-04 18:28:38,cancelled,kakaopay,WELCOME10,24800,223300
52088,4095,2025-11-09 20:30:45,completed,kakaopay,,0,205600
52089,4096,2025-11-04 18:59:07,completed,kakaopay,,0,202000
52090,4102,2025-08-11 23:20:28,completed,card,,0,35600
52091,4103,2025-10-07 22:59:36,completed,kakaopay,,0,32500
52092,4103,2025-10-31 20:55:19,completed,card,,0,98100
52093,4105,2025-08-22 20:04:34,completed,kakaopay,,0,140700
52094,4109,2025-08-10 19:50:06,completed,naverpay,FALL10,6900,61800
52095,4109,2025-09-05 14:03:32,refunded,naverpay,,0,32500
52096,4109,2025-10-06 23:44:41,completed,naverpay,,0,176900
52097,4109,2025-10-18 23:47:27,completed,kakaopay,,0,478400
52098,4113,2025-09-05 22:13:21,refunded,card,FALL10,700,6200
52099,4115,2025-12-02 20:40:15,completed,naverpay,,0,252600
52100,4120,2025-08-12 22:37:12,completed,kakaopay,,0,27500
52101,4121,2025-10-02 19:38:04,completed,bank_transfer,WELCOME10,4300,39100
52102,4123,2025-08-10 23:28:36,completed,card,,0,33000
52103,4124,2025-08-10 18:02:10,completed,card,WELCOME10,7100,63700
52104,4124,2025-08-10 18:00:27,completed,kakaopay,,0,23900
52105,4124,2025-08-21 17:35:42,completed,bank_transfer,FALL10,21100,189900
52106,4125,2025-09-30 17:10:17,completed,card,,0,185900
52107,4128,2025-08-14 21:33:35,completed,kakaopay,FALL10,3600,32500
52108,4129,2025-08-12 16:26:18,completed,kakaopay,,0,97500
52109,4129,2025-08-17 23:44:43,completed,card,FALL10,23200,208400
52110,4129,2025-09-28 21:26:27,completed,card,,0,256900
52111,4129,2025-11-28 15:19:33,completed,naverpay,,0,52600
52112,4130,2025-10-20 23:45:44,completed,card,,0,131800
52113,4133,2025-12-01 23:13:59,completed,kakaopay,,0,72900
52114,4134,2025-08-13 00:06:24,completed,kakaopay,FALL10,2400,21400
52115,4134,2025-09-15 00:04:46,completed,kakaopay,,0,111600
52116,4135,2025-10-27 00:14:11,completed,naverpay,WELCOME10,29900,269500
52117,4136,2025-08-14 00:03:40,completed,naverpay,,0,97500
52118,4138,2025-10-04 17:23:03,completed,naverpay,,0,123200
52119,4140,2025-08-18 20:05:20,refunded,card,,0,465700
52120,4140,2025-08-25 23:01:24,completed,card,,0,243300
52121,4141,2025-08-15 15:49:35,completed,card,WELCOME10,13900,124900
52122,4141,2025-08-22 23:42:01,cancelled,kakaopay,FALL10,5800,52400
52123,4141,2025-09-07 22:15:58,completed,kakaopay,,0,97600
52124,4141,2025-10-15 23:55:38,completed,naverpay,,0,184200
52125,4142,2025-08-11 18:21:25,completed,card,,0,70400
52126,4142,2025-08-20 23:51:46,completed,card,FALL10,24400,219700
52127,4143,2025-09-04 22:58:21,completed,naverpay,,0,394200
52128,4148,2025-08-14 19:55:19,completed,card,WELCOME10,34200,307900
52129,4151,2025-09-19 20:09:58,completed,kakaopay,WELCOME10,9400,84100
52130,4152,2025-09-03 23:56:10,completed,naverpay,WELCOME10,25100,226100
52131,4153,2025-08-16 18:35:55,completed,card,WELCOME10,40300,362500
52132,4156,2025-09-01 00:00:45,completed,bank_transfer,,0,75600
52133,4157,2025-08-12 17:08:14,completed,card,WELCOME10,17800,160400
52134,4158,2025-08-18 20:36:25,refunded,card,WELCOME10,5500,49500
52135,4159,2025-08-12 19:00:35,completed,naverpay,,0,15400
52136,4159,2025-09-13 22:47:01,completed,kakaopay,,0,47100
52137,4159,2025-09-26 16:41:41,completed,bank_transfer,,0,513800
52138,4159,2025-12-01 00:13:28,completed,card,,0,402800
52139,4162,2025-09-19 22:18:44,completed,kakaopay,WELCOME10,12300,110400
52140,4163,2025-08-21 12:32:30,completed,card,,0,253900
52141,4163,2025-09-06 13:48:46,completed,card,,0,180400
52142,4163,2025-09-28 23:39:02,completed,naverpay,,0,224100
52143,4163,2025-09-29 22:30:37,cancelled,card,,0,130000
52144,4163,2025-10-06 19:32:06,completed,kakaopay,,0,23800
52145,4164,2025-11-13 22:24:03,completed,naverpay,,0,283100
52146,4169,2025-09-23 18:09:24,completed,card,FALL10,5800,51900
52147,4170,2025-08-17 23:32:38,completed,kakaopay,,0,322600
52148,4173,2025-08-29 20:09:52,completed,card,WELCOME10,22600,202900
52149,4173,2025-09-28 21:34:37,completed,kakaopay,,0,209100
52150,4173,2025-11-23 21:30:30,completed,kakaopay,,0,51800
52151,4175,2025-09-17 17:21:47,completed,card,,0,65000
52152,4175,2025-11-09 21:47:48,completed,card,XMAS25,201400,604200
52153,4177,2025-12-04 19:51:39,completed,kakaopay,XMAS25,17500,52500
52154,4179,2025-08-26 18:56:01,completed,card,,0,170800
52155,4179,2025-09-28 19:03:52,completed,card,,0,65000
52156,4181,2025-08-13 10:37:31,completed,bank_transfer,,0,83500
52157,4181,2025-09-04 00:00:10,completed,kakaopay,,0,381000
52158,4181,2025-09-10 18:14:00,completed,card,,0,373800
52159,4182,2025-12-22 20:50:12,completed,kakaopay,WELCOME10,28000,252300
52160,4185,2025-09-21 17:17:03,cancelled,card,WELCOME10,13300,119600
52161,4187,2025-09-28 23:19:08,completed,card,WELCOME10,16200,146300
52162,4188,2025-10-03 17:44:55,completed,naverpay,,0,72100
52163,4189,2025-08-31 00:08:36,completed,kakaopay,FALL10,9000,81200
52164,4190,2025-08-14 23:50:10,completed,kakaopay,WELCOME10,3200,29300
52165,4192,2025-08-27 23:26:01,completed,card,WELCOME10,51200,460800
52166,4192,2025-11-02 18:02:24,completed,card,,0,72100
52167,4195,2025-09-06 22:06:16,completed,kakaopay,,0,227000
52168,4198,2025-10-18 12:28:16,completed,bank_transfer,WELCOME10,2600,23500
52169,4202,2025-08-27 19:59:03,completed,card,,0,88300
52170,4202,2025-11-06 20:40:10,completed,card,XMAS25,64800,194500
52171,4203,2025-08-14 14:27:59,completed,kakaopay,FALL10,29400,264200
52172,4205,2025-08-26 17:38:17,completed,card,WELCOME10,6800,61300
52173,4214,2025-08-15 17:05:35,completed,card,,0,136700
52174,4215,2025-08-15 13:13:30,completed,card,,0,257400
52175,4229,2025-08-23 16:29:11,completed,bank_transfer,,0,55800
52176,4230,2025-09-19 16:00:15,completed,card,,0,60900
52177,4230,2025-11-13 22:55:11,completed,card,,0,70400
52178,4232,2025-10-31 20:00:12,completed,card,WELCOME10,8700,78400
52179,4235,2025-08-18 17:41:50,completed,bank_transfer,WELCOME10,700,6200
52180,4235,2025-10-15 17:07:17,completed,kakaopay,,0,100400
52181,4236,2025-09-04 18:57:18,completed,card,WELCOME10,7100,63700
52182,4237,2025-08-31 16:05:20,completed,card,,0,420600
52183,4239,2025-12-30 13:44:13,completed,card,WELCOME10,18200,163400
52184,4244,2025-09-28 00:11:01,completed,card,,0,65000
52185,4245,2025-09-06 23:50:22,completed,kakaopay,FALL10,20600,185000
52186,4245,2025-10-19 20:22:32,completed,card,,0,75700
52187,4245,2025-11-06 23:58:26,cancelled,card,,0,33100
52188,4246,2025-08-17 11:38:30,completed,bank_transfer,WELCOME10,46600,419300
52189,4246,2025-11-30 16:23:40,completed,kakaopay,,0,99300
52190,4247,2025-09-16 23:14:46,completed,naverpay,,0,70800
52191,4249,2025-09-14 15:54:25,completed,bank_transfer,,0,35200
52192,4249,2025-12-17 18:02:12,completed,bank_transfer,,0,135800
52193,4253,2025-09-18 19:27:40,completed,card,FALL10,9200,83300
52194,4256,2025-08-25 13:15:11,completed,card,WELCOME10,7900,71100
52195,4256,2025-09-10 15:22:19,completed,naverpay,,0,70800
52196,4257,2025-08-17 22:25:43,completed,card,,0,6900
52197,4263,2025-09-18 20:12:34,completed,kakaopay,,0,70400
52198,4263,2025-10-24 15:40:38,completed,kakaopay,,0,342800
52199,4265,2025-09-12 22:11:49,completed,card,WELCOME10,18500,166100
52200,4272,2025-08-28 16:07:48,completed,card,,0,71900
52201,4274,2025-08-24 22:57:38,completed,card,WELCOME10,2700,24100
52202,4283,2025-09-01 17:31:21,refunded,card,,0,165600
52203,4286,2025-12-03 20:21:48,completed,kakaopay,WELCOME10,6000,54000
52204,4288,2025-08-19 17:36:10,completed,card,,0,124000
52205,4291,2025-12-01 20:19:18,completed,card,WELCOME10,9800,87700
52206,4294,2025-09-02 23:43:52,completed,card,FALL10,16800,151500
52207,4294,2025-09-02 16:43:57,completed,naverpay,,0,23700
52208,4297,2025-10-19 17:58:09,completed,bank_transfer,WELCOME10,6000,54000
52209,4299,2025-10-16 19:40:42,completed,card,XMAS25,18000,54100
52210,4300,2025-10-03 23:46:07,cancelled,kakaopay,,0,32800
52211,4304,2025-08-20 20:55:06,completed,card,,0,57700
52212,4304,2025-09-18 17:28:28,completed,naverpay,,0,464100
52213,4304,2025-10-19 22:25:27,completed,card,XMAS25,63200,189400
52214,4304,2025-12-24 14:18:27,cancelled,card,XMAS25,34400,103300
52215,4305,2025-09-05 22:36:58,completed,card,WELCOME10,3900,35500
52216,4307,2025-08-20 22:15:33,completed,bank_transfer,WELCOME10,25300,227300
52217,4308,2025-08-20 19:06:54,completed,kakaopay,WELCOME10,22700,204500
52218,4310,2025-09-29 16:33:57,completed,kakaopay,FALL10,25700,231200
52219,4315,2025-09-09 22:44:44,completed,card,,0,6900
52220,4315,2025-10-17 19:33:34,completed,card,,0,32900
52221,4315,2025-11-08 20:58:13,completed,kakaopay,,0,274000
52222,4316,2025-08-21 21:20:05,completed,card,,0,166200
52223,4318,2025-09-28 18:01:25,completed,kakaopay,,0,157800
52224,4323,2025-08-22 15:16:41,completed,naverpay,FALL10,32200,289700
52225,4323,2025-09-05 19:06:09,refunded,card,,0,100400
52226,4323,2025-11-09 21:28:48,cancelled,card,,0,787900
52227,4325,2025-09-07 00:15:57,completed,card,,0,474800
52228,4326,2025-08-22 23:15:41,completed,bank_transfer,,0,629700
52229,4334,2025-08-23 17:47:42,completed,card,WELCOME10,8800,79500
52230,4335,2025-08-23 18:15:51,completed,kakaopay,,0,210300
52231,4336,2025-08-23 23:49:25,completed,naverpay,,0,65000
52232,4336,2025-10-26 20:04:28,completed,card,,0,154500
52233,4338,2025-10-03 23:43:12,completed,naverpay,,0,655300
52234,4338,2025-10-25 16:55:17,completed,card,,0,32500
52235,4338,2025-12-14 23:14:45,completed,kakaopay,,0,189500
52236,4339,2025-08-25 21:37:46,completed,card,FALL10,5800,52000
52237,4339,2025-11-07 18:33:28,completed,card,,0,878900
52238,4340,2025-09-08 15:00:03,completed,card,WELCOME10,26800,240900
52239,4343,2025-09-28 18:23:06,completed,bank_transfer,WELCOME10,4000,36500
52240,4343,2025-10-01 16:41:09,completed,card,,0,269100
52241,4343,2025-10-05 22:31:42,completed,card,,0,152100
52242,4343,2025-11-03 00:14:50,refunded,card,XMAS25,30800,92500
52243,4343,2025-11-12 16:13:54,completed,kakaopay,,0,27500
52244,4347,2025-10-07 18:59:18,completed,card,,0,43100
52245,4349,2025-12-08 23:18:29,completed,bank_transfer,WELCOME10,21000,189500
52246,4351,2025-12-21 21:45:44,completed,naverpay,,0,69200
52247,4352,2025-12-13 20:56:10,completed,card,,0,40500
52248,4353,2025-08-24 23:52:22,completed,card,,0,100400
52249,4353,2025-11-02 20:19:36,completed,kakaopay,,0,167700
52250,4356,2025-08-24 21:03:56,completed,card,,0,133200
52251,4356,2025-08-26 22:00:15,cancelled,kakaopay,,0,16900
52252,4358,2025-08-30 18:02:46,completed,card,WELCOME10,700,6200
52253,4358,2025-09-10 17:40:42,completed,card,,0,387400
52254,4358,2025-09-16 19:06:08,completed,card,,0,562800
52255,4361,2025-08-24 19:55:34,completed,card,WELCOME10,4700,41900
52256,4363,2025-08-26 14:29:06,completed,naverpay,FALL10,16000,143900
52257,4365,2025-12-12 19:11:37,completed,naverpay,WELCOME10,4000,35700
52258,4366,2025-08-30 23:54:39,completed,card,,0,515100
52259,4366,2025-09-03 15:05:39,completed,card,FALL10,9800,87900
52260,4367,2025-09-10 18:12:07,completed,kakaopay,WELCOME10,5800,52000
52261,4367,2025-09-11 18:53:52,completed,card,,0,194400
52262,4368,2025-09-02 16:57:11,completed,card,,0,622800
52263,4368,2025-11-01 18:58:58,completed,card,,0,115500
52264,4369,2025-08-26 20:41:18,completed,card,WELCOME10,5900,53300
52265,4369,2025-09-30 00:04:38,completed,kakaopay,,0,290600
52266,4369,2025-10-02 20:49:48,cancelled,card,,0,140900
52267,4373,2025-09-06 19:03:48,completed,kakaopay,,0,360700
52268,4374,2025-12-25 16:48:05,completed,card,,0,33000
52269,4375,2025-09-04 23:21:16,completed,card,,0,102900
52270,4375,2025-11-06 23:11:02,completed,card,,0,57700
52271,4377,2025-08-25 16:35:59,cancelled,card,WELCOME10,20100,180800
52272,4377,2025-10-05 21:09:40,refunded,card,,0,256900
52273,4379,2025-11-29 23:30:11,completed,kakaopay,WELCOME10,10500,94200
52274,4382,2025-08-31 22:05:47,completed,card,,0,125200
52275,4387,2025-09-14 23:51:27,cancelled,card,FALL10,13500,121900
52276,4388,2025-09-17 16:17:49,completed,kakaopay,,0,219400
52277,4388,2025-12-07 19:33:29,completed,card,,0,42000
52278,4391,2025-11-16 21:26:28,completed,kakaopay,XMAS25,13400,40100
52279,4395,2025-08-25 22:28:02,completed,kakaopay,,0,72100
52280,4397,2025-09-07 19:47:14,completed,card,,0,177800
52281,4397,2025-09-07 18:26:42,completed,kakaopay,FALL10,35700,320900
52282,4398,2025-08-28 22:27:37,cancelled,card,FALL10,6100,54600
52283,4401,2025-09-12 16:18:37,completed,card,,0,347100
52284,4401,2025-10-07 19:27:21,completed,card,,0,16400
52285,4404,2025-08-31 16:08:32,completed,card,,0,87100
52286,4407,2025-08-26 23:29:38,refunded,card,,0,150300
52287,4408,2025-10-27 23:33:46,cancelled,card,,0,43400
52288,4409,2025-08-28 20:53:19,completed,naverpay,,0,32500
52289,4410,2025-08-27 20:29:28,completed,card,,0,224500
52290,4410,2025-09-28 21:38:43,cancelled,kakaopay,,0,118200
52291,4413,2025-10-12 16:35:43,completed,card,WELCOME10,40300,362500
52292,4415,2025-09-10 16:48:38,completed,naverpay,FALL10,13600,122600
52293,4415,2025-09-21 16:31:56,completed,card,,0,337600
52294,4416,2025-09-05 19:48:57,completed,kakaopay,,0,272900
52295,4416,2025-10-12 00:08:25,completed,card,XMAS25,13200,39600
52296,4418,2025-10-09 20:45:40,completed,kakaopay,WELCOME10,20800,186900
52297,4420,2025-09-29 17:45:38,completed,card,,0,188600
52298,4423,2025-10-20 21:54:25,completed,naverpay,,0,17800
52299,4426,2025-08-28 23:21:24,completed,naverpay,WELCOME10,13700,123200
52300,4430,2025-09-04 16:51:17,completed,kakaopay,WELCOME10,41300,371700
52301,4435,2025-08-29 00:08:13,completed,bank_transfer,,0,152200
52302,4435,2025-09-02 16:29:13,completed,card,,0,210300
52303,4435,2025-09-05 21:50:33,cancelled,card,FALL10,12600,113700
52304,4438,2025-10-29 21:12:35,completed,naverpay,WELCOME10,3200,29300
52305,4438,2025-11-03 17:16:44,completed,card,XMAS25,11600,35000
52306,4439,2025-09-30 19:46:10,completed,kakaopay,,0,30800
52307,4439,2025-12-30 19:08:11,completed,naverpay,XMAS25,16200,48800
52308,4440,2025-08-28 23:36:25,completed,naverpay,WELCOME10,31100,280300
52309,4445,2025-08-28 18:00:13,completed,kakaopay,,0,123300
52310,4445,2025-10-09 16:12:36,completed,kakaopay,,0,122200
52311,4447,2025-08-28 13:31:49,completed,card,,0,6900
52312,4448,2025-08-28 19:21:11,completed,kakaopay,FALL10,20600,185000
52313,4448,2025-09-14 13:57:49,completed,naverpay,,0,126300
52314,4456,2025-10-06 20:31:20,completed,card,WELCOME10,40300,362500
52315,4456,2025-10-08 23:44:37,completed,kakaopay,XMAS25,51600,154600
52316,4457,2025-09-27 17:35:19,completed,kakaopay,WELCOME10,26300,236400
52317,4460,2025-08-30 00:09:23,completed,kakaopay,,0,6900
52318,4462,2025-09-04 15:27:33,completed,card,WELCOME10,31300,281600
52319,4465,2025-10-07 19:37:00,completed,card,,0,126300
52320,4465,2025-11-16 16:05:47,completed,bank_transfer,,0,127800
52321,4468,2025-12-08 22:37:45,completed,naverpay,WELCOME10,7600,68100
52322,4469,2025-08-30 21:13:48,completed,naverpay,FALL10,14100,126700
52323,4477,2025-10-04 23:23:01,completed,kakaopay,WELCOME10,56500,508900
52324,4477,2025-12-05 15:34:08,completed,card,XMAS25,8100,24400
52325,4480,2025-08-30 19:05:40,completed,card,,0,97500
52326,4488,2025-08-31 20:03:12,completed,card,WELCOME10,37000,333200
52327,4490,2025-09-13 21:11:42,completed,card,,0,256900
52328,4490,2025-09-25 19:51:01,completed,naverpay,,0,24800
52329,4490,2025-10-19 19:36:54,completed,bank_transfer,,0,93500
52330,4492,2025-08-31 23:34:24,cancelled,card,WELCOME10,7200,65300
52331,4495,2025-08-31 20:04:14,completed,naverpay,WELCOME10,1600,14800
52332,4497,2025-09-13 00:09:32,completed,card,,0,117900
52333,4498,2025-11-08 17:33:27,completed,card,,0,336600
52334,4499,2025-08-31 15:24:10,completed,card,WELCOME10,11600,104000
52335,4500,2025-10-10 19:01:42,completed,card,,0,473200
52336,4502,2025-09-27 22:28:21,completed,naverpay,,0,126300
52337,4504,2025-09-09 23:03:01,refunded,naverpay,WELCOME10,9800,87700
52338,4506,2025-09-25 19:43:00,completed,card,,0,908800
52339,4508,2025-09-01 20:11:54,completed,card,,0,128000
52340,4509,2025-12-14 23:30:37,completed,card,,0,236000
52341,4514,2025-10-31 23:11:36,completed,card,,0,86100
52342,4514,2025-11-16 19:20:37,completed,card,,0,770700
52343,4517,2025-09-06 21:36:05,completed,card,,0,108200
52344,4517,2025-09-30 23:40:58,completed,bank_transfer,,0,449400
52345,4517,2025-10-21 21:44:02,completed,card,,0,6900
52346,4518,2025-09-05 23:04:00,completed,card,WELCOME10,30600,275100
52347,4520,2025-11-16 15:28:50,completed,naverpay,,0,314300
52348,4528,2025-11-28 14:27:38,cancelled,kakaopay,WELCOME10,8500,76400
52349,4530,2025-09-27 23:26:54,completed,kakaopay,,0,72100
52350,4531,2025-09-16 20:59:46,cancelled,kakaopay,,0,141600
52351,4531,2025-09-18 20:16:55,completed,card,,0,175900
52352,4531,2025-09-19 19:19:25,completed,naverpay,FALL10,700,6200
52353,4531,2025-09-21 23:03:57,completed,card,,0,66500
52354,4531,2025-10-12 23:32:01,completed,kakaopay,,0,37400
52355,4531,2025-10-17 18:17:32,completed,kakaopay,,0,222500
52356,4531,2025-12-11 16:39:12,completed,card,XMAS25,8100,24400
52357,4532,2025-09-20 22:44:21,completed,kakaopay,,0,208200
52358,4533,2025-10-04 23:19:42,completed,card,XMAS25,123400,370100
52359,4539,2025-09-27 13:01:53,completed,kakaopay,,0,335700
52360,4540,2025-09-13 21:10:15,completed,naverpay,WELCOME10,12600,113700
52361,4540,2025-10-08 16:48:48,completed,naverpay,,0,165500
52362,4542,2025-10-08 15:09:53,completed,kakaopay,,0,13600
52363,4543,2025-12-31 23:59:21,completed,card,WELCOME10,12000,108000
52364,4546,2025-09-18 21:58:23,completed,card,,0,249600
52365,4546,2025-10-06 00:09:48,completed,kakaopay,,0,36100
52366,4546,2025-10-12 20:26:42,completed,naverpay,,0,409700
52367,4547,2025-09-13 08:27:08,completed,card,FALL10,13500,121100
52368,4547,2025-11-21 22:40:31,completed,card,,0,41600
52369,4549,2025-09-08 21:14:56,refunded,naverpay,,0,133200
52370,4549,2025-09-15 21:50:15,completed,naverpay,,0,154500
52371,4550,2025-11-13 23:41:43,completed,card,WELCOME10,26500,238300
52372,4550,2025-12-19 16:35:54,cancelled,kakaopay,,0,79600
52373,4553,2025-09-04 22:32:17,completed,card,,0,878100
52374,4554,2025-09-08 21:35:42,completed,kakaopay,,0,43400
52375,4555,2025-09-04 20:15:06,completed,kakaopay,,0,126300
52376,4555,2025-10-05 19:53:38,completed,card,,0,126300
52377,4556,2025-09-20 16:26:38,completed,naverpay,,0,409700
52378,4559,2025-09-19 22:54:53,completed,kakaopay,,0,402800
52379,4559,2025-10-25 17:50:34,cancelled,kakaopay,,0,513800
52380,4560,2025-09-05 15:41:16,refunded,naverpay,FALL10,10900,98100
52381,4564,2025-09-18 16:59:38,completed,naverpay,FALL10,700,6200
52382,4564,2025-12-09 21:25:57,completed,naverpay,,0,126200
52383,4565,2025-09-05 12:13:05,completed,naverpay,,0,70400
52384,4565,2025-12-07 21:50:15,completed,kakaopay,,0,55800
52385,4570,2025-09-11 16:58:11,completed,kakaopay,WELCOME10,1100,9500
52386,4570,2025-12-27 00:03:42,completed,card,XMAS25,28800,86600
52387,4572,2025-12-15 00:09:07,completed,kakaopay,WELCOME10,2800,24700
52388,4573,2025-09-07 23:53:03,completed,kakaopay,,0,13800
52389,4573,2025-09-14 00:06:23,completed,naverpay,,0,70800
52390,4573,2025-09-17 21:58:21,completed,card,,0,205600
52391,4573,2025-09-28 12:46:42,completed,kakaopay,,0,72100
52392,4574,2025-11-05 00:06:43,completed,card,WELCOME10,82200,740200
52393,4575,2025-09-06 16:59:02,completed,card,,0,72100
52394,4576,2025-12-12 22:35:05,completed,kakaopay,WELCOME10,30700,276700
52395,4580,2025-11-20 00:01:43,cancelled,card,WELCOME10,3500,31500
52396,4580,2025-12-17 17:33:00,completed,kakaopay,,0,324700
52397,4582,2025-09-25 18:55:22,cancelled,kakaopay,WELCOME10,24200,217800
52398,4582,2025-11-16 00:07:12,completed,naverpay,,0,329300
52399,4583,2025-10-03 17:05:48,completed,card,,0,115700
52400,4583,2025-11-05 20:51:28,completed,card,,0,32500
52401,4584,2025-09-07 21:08:51,completed,card,,0,103700
52402,4586,2025-09-06 17:36:31,completed,card,FALL10,27100,243600
52403,4586,2025-09-10 20:20:17,completed,kakaopay,FALL10,3600,32000
52404,4586,2025-11-25 00:01:22,completed,naverpay,,0,72100
52405,4591,2025-09-07 00:01:57,completed,card,FALL10,6200,56300
52406,4592,2025-10-17 18:39:03,cancelled,bank_transfer,WELCOME10,45700,411500
52407,4593,2025-09-08 20:40:19,completed,card,,0,14200
52408,4593,2025-11-08 16:50:58,completed,card,,0,6900
52409,4598,2025-09-19 18:19:17,completed,card,WELCOME10,2800,24700
52410,4599,2025-10-25 17:25:08,completed,card,,0,310300
52411,4602,2025-09-12 19:26:42,completed,naverpay,,0,245200
52412,4602,2025-10-05 20:35:41,completed,kakaopay,,0,57700
52413,4604,2025-09-07 15:43:39,completed,card,WELCOME10,6300,56400
52414,4604,2025-09-14 15:41:44,completed,bank_transfer,,0,57700
52415,4604,2025-12-26 18:54:53,completed,bank_transfer,,0,21200
52416,4605,2025-09-07 18:48:59,completed,card,,0,130000
52417,4606,2025-09-07 17:45:24,completed,naverpay,WELCOME10,13700,123000
52418,4609,2025-09-07 23:23:25,completed,card,WELCOME10,12900,116200
52419,4609,2025-10-15 00:06:38,completed,card,XMAS25,17600,52800
52420,4610,2025-11-24 19:22:00,completed,kakaopay,,0,55800
52421,4613,2025-09-08 23:03:33,completed,bank_transfer,FALL10,12600,113700
52422,4615,2025-09-14 20:46:02,completed,kakaopay,,0,65000
52423,4615,2025-11-04 23:56:00,completed,card,,0,402800
52424,4619,2025-09-09 23:49:56,completed,naverpay,,0,638600
52425,4621,2025-09-09 21:55:29,completed,card,WELCOME10,5600,50200
52426,4621,2025-09-11 21:46:37,completed,card,FALL10,6200,55400
52427,4621,2025-12-18 20:22:18,completed,kakaopay,,0,126600
52428,4622,2025-09-19 15:32:29,completed,card,WELCOME10,38600,347000
52429,4622,2025-10-08 00:15:20,completed,card,,0,33800
52430,4622,2025-10-10 17:14:21,completed,bank_transfer,,0,55800
52431,4622,2025-12-07 18:50:54,completed,card,,0,324700
52432,4623,2025-10-23 14:41:14,completed,kakaopay,,0,109000
52433,4631,2025-09-08 12:06:04,completed,card,FALL10,7000,63400
52434,4632,2025-10-11 20:36:18,completed,naverpay,WELCOME10,21200,190700
52435,4633,2025-09-09 16:58:51,completed,kakaopay,WELCOME10,2800,24700
52436,4634,2025-09-19 18:06:06,completed,card,,0,518200
52437,4635,2025-10-11 18:32:11,completed,card,,0,72100
52438,4635,2025-10-28 20:45:23,refunded,bank_transfer,,0,311400
52439,4638,2025-09-16 22:05:39,completed,naverpay,WELCOME10,2800,24700
52440,4638,2025-09-26 19:17:45,completed,naverpay,,0,124000
52441,4638,2025-10-27 22:33:09,completed,naverpay,XMAS25,42400,127300
52442,4639,2025-11-17 19:38:55,completed,card,WELCOME10,5800,51900
52443,4640,2025-09-15 11:14:02,completed,card,,0,162800
52444,4641,2025-09-09 20:50:40,completed,card,,0,57800
52445,4641,2025-09-12 19:17:53,completed,card,,0,6900
52446,4644,2025-10-16 21:24:32,completed,kakaopay,,0,6900
52447,4646,2025-11-15 17:01:16,completed,naverpay,,0,279200
52448,4647,2025-11-23 23:12:05,completed,naverpay,XMAS25,24400,73100
52449,4650,2025-09-19 18:33:28,completed,card,WELCOME10,17900,161500
52450,4651,2025-09-09 19:50:07,completed,naverpay,WELCOME10,3200,29300
52451,4655,2025-09-22 21:58:11,completed,naverpay,WELCOME10,18800,169500
52452,4665,2025-09-16 00:08:05,completed,card,,0,84000
52453,4665,2025-09-22 22:07:40,completed,card,,0,82800
52454,4665,2025-10-07 18:35:54,completed,card,,0,149800
52455,4669,2025-09-10 23:55:24,completed,card,,0,35600
52456,4670,2025-10-02 19:37:14,completed,naverpay,,0,208200
52457,4671,2025-09-12 23:32:53,completed,kakaopay,WELCOME10,11000,98700
52458,4674,2025-12-06 16:16:54,completed,naverpay,WELCOME10,13800,123900
52459,4683,2025-10-07 21:21:38,completed,card,XMAS25,91600,274700
52460,4699,2025-10-13 11:12:58,completed,card,XMAS25,15700,47000
52461,4700,2025-09-14 18:55:43,cancelled,naverpay,,0,267700
52462,4704,2025-09-13 23:00:31,completed,card,WELCOME10,27600,248900
52463,4704,2025-10-27 11:57:18,completed,card,,0,40800
52464,4706,2025-11-28 22:59:56,completed,card,WELCOME10,12600,113700
52465,4707,2025-09-25 20:26:16,completed,card,WELCOME10,45500,409900
52466,4707,2025-12-10 18:58:05,completed,card,,0,265800
52467,4709,2025-09-25 20:41:59,completed,bank_transfer,,0,282100
52468,4709,2025-09-29 16:00:34,completed,naverpay,,0,25400
52469,4709,2025-10-14 13:55:10,cancelled,card,,0,27200
52470,4713,2025-09-15 22:50:00,completed,kakaopay,,0,97500
52471,4713,2025-11-17 16:56:35,completed,card,,0,195400
52472,4715,2025-09-13 23:31:18,completed,card,,0,471100
52473,4715,2025-12-22 16:15:23,completed,card,XMAS25,119000,357200
52474,4718,2025-09-14 00:07:07,cancelled,naverpay,WELCOME10,68900,620400
52475,4719,2025-09-25 22:33:48,completed,kakaopay,,0,245500
52476,4719,2025-10-20 16:43:11,completed,kakaopay,,0,252000
52477,4723,2025-09-17 21:31:41,completed,card,,0,55800
52478,4725,2025-12-24 16:07:04,completed,card,XMAS25,46100,138400
52479,4727,2025-09-14 00:16:59,completed,card,,0,236400
52480,4727,2025-10-30 17:25:58,completed,card,,0,131200
52481,4728,2025-09-14 18:48:59,cancelled,kakaopay,,0,14200
52482,4731,2025-11-05 22:56:34,completed,kakaopay,,0,188100
52483,4731,2025-11-15 20:12:05,completed,naverpay,,0,495500
52484,4733,2025-09-14 17:21:52,cancelled,card,WELCOME10,5800,51900
52485,4734,2025-09-14 18:29:47,completed,bank_transfer,,0,288200
52486,4737,2025-09-14 12:40:51,completed,card,,0,278400
52487,4740,2025-09-21 20:49:54,completed,kakaopay,,0,33100
52488,4742,2025-11-22 23:57:34,completed,kakaopay,WELCOME10,12100,109200
52489,4742,2025-12-21 23:59:38,completed,kakaopay,,0,70800
52490,4743,2025-09-18 19:14:26,completed,card,,0,616800
52491,4743,2025-10-04 20:16:16,completed,kakaopay,,0,61600
52492,4743,2025-12-11 23:11:20,completed,card,,0,65000
52493,4744,2025-09-14 23:15:22,completed,kakaopay,FALL10,22400,201500
52494,4744,2025-09-16 22:43:49,completed,card,,0,32500
52495,4747,2025-11-03 15:27:49,completed,kakaopay,,0,65000
52496,4751,2025-10-02 18:29:21,completed,naverpay,WELCOME10,12600,113700
52497,4751,2025-10-23 19:18:47,completed,card,XMAS25,22200,66400
52498,4753,2025-09-16 20:04:00,completed,naverpay,WELCOME10,13900,125200
52499,4753,2025-12-16 21:45:01,completed,kakaopay,,0,70800
52500,4759,2025-09-19 17:49:38,completed,card,,0,163300
52501,4761,2025-09-15 21:48:55,completed,card,WELCOME10,14400,129800
52502,4761,2025-12-06 23:34:55,completed,kakaopay,,0,82900
52503,4763,2025-12-07 23:24:35,completed,kakaopay,,0,6900
52504,4772,2025-09-16 18:12:01,completed,card,FALL10,5600,50200
52505,4775,2025-10-03 23:40:35,completed,kakaopay,WELCOME10,22900,206000
52506,4775,2025-10-05 16:14:58,completed,card,,0,243200
52507,4775,2025-10-26 21:39:12,completed,card,,0,32500
52508,4775,2025-11-16 23:38:27,completed,kakaopay,,0,104400
52509,4776,2025-09-20 21:58:59,completed,card,WELCOME10,7500,67300
52510,4777,2025-09-26 19:22:03,completed,card,WELCOME10,10400,94000
52511,4777,2025-10-12 23:28:31,completed,kakaopay,,0,13800
52512,4781,2025-10-18 23:48:24,completed,kakaopay,,0,311400
52513,4781,2025-11-17 22:04:29,completed,kakaopay,,0,49800
52514,4784,2025-11-05 22:03:55,refunded,card,,0,563500
52515,4787,2025-10-13 16:26:31,completed,kakaopay,,0,258100
52516,4787,2025-10-17 17:42:02,completed,card,XMAS25,33300,99900
52517,4787,2025-10-18 18:43:36,completed,kakaopay,,0,345700
52518,4787,2025-10-24 22:40:59,completed,kakaopay,XMAS25,32000,96200
52519,4792,2025-09-17 22:06:49,completed,naverpay,,0,137500
52520,4802,2025-11-08 21:20:35,completed,bank_transfer,,0,123900
52521,4802,2025-12-28 23:11:20,completed,naverpay,,0,14300
52522,4809,2025-09-22 00:07:33,completed,naverpay,WELCOME10,4400,39300
52523,4811,2025-12-03 23:27:31,completed,card,WELCOME10,1400,12400
52524,4813,2025-10-03 13:07:33,completed,card,,0,111600
52525,4816,2025-09-18 18:44:56,completed,kakaopay,FALL10,11200,100400
52526,4816,2025-09-23 16:54:11,completed,kakaopay,FALL10,2400,21500
52527,4826,2025-09-27 19:27:25,completed,card,,0,252600
52528,4827,2025-11-05 15:19:34,completed,card,,0,334300
52529,4828,2025-09-19 22:28:45,completed,card,,0,90800
52530,4828,2025-10-27 17:25:05,completed,naverpay,,0,243400
52531,4829,2025-10-07 19:39:02,completed,kakaopay,XMAS25,112400,337000
52532,4836,2025-10-08 22:46:54,completed,card,WELCOME10,12600,113700
52533,4836,2025-10-22 23:14:15,completed,naverpay,,0,404000
52534,4837,2025-10-12 23:56:12,completed,kakaopay,,0,738500
52535,4840,2025-09-20 18:36:13,completed,card,,0,133200
52536,4840,2025-10-10 20:06:49,completed,card,XMAS25,201400,604200
52537,4850,2025-09-22 22:02:01,completed,card,WELCOME10,700,6200
52538,4851,2025-11-20 23:20:22,cancelled,kakaopay,,0,224100
52539,4853,2025-10-04 21:22:41,completed,card,XMAS25,43100,129300
52540,4853,2025-11-07 21:38:45,completed,card,,0,49400
52541,4853,2025-12-15 16:47:02,completed,kakaopay,XMAS25,61200,183800
52542,4855,2025-11-05 19:32:42,completed,card,WELCOME10,17600,158900
52543,4856,2025-09-25 15:48:06,completed,card,FALL10,7900,71100
52544,4856,2025-12-23 22:30:52,completed,kakaopay,,0,23800
52545,4858,2025-09-21 15:21:39,completed,card,WELCOME10,61700,555400
52546,4859,2025-12-16 21:02:05,completed,card,,0,46600
52547,4864,2025-10-14 23:27:03,completed,kakaopay,WELCOME10,13200,119300
52548,4864,2025-12-28 17:19:21,completed,card,,0,23800
52549,4865,2025-09-21 14:32:09,completed,kakaopay,FALL10,87100,783500
52550,4865,2025-10-12 16:11:59,completed,card,,0,622800
52551,4865,2025-12-03 21:38:07,completed,naverpay,,0,72100
52552,4867,2025-11-11 18:09:27,completed,naverpay,WELCOME10,5800,51900
52553,4869,2025-10-29 21:09:10,completed,card,XMAS25,17700,53100
52554,4873,2025-10-23 18:27:38,completed,card,WELCOME10,7900,70900
52555,4875,2025-10-02 17:49:12,completed,card,,0,468200
52556,4879,2025-11-01 21:40:20,completed,card,WELCOME10,15300,137800
52557,4881,2025-10-06 00:03:44,completed,card,WELCOME10,66700,600300
52558,4883,2025-09-25 18:04:50,completed,naverpay,WELCOME10,6400,57600
52559,4884,2025-10-08 22:05:15,completed,card,,0,72100
52560,4884,2025-10-27 23:36:28,completed,card,,0,345400
52561,4887,2025-11-26 16:49:13,completed,card,,0,183800
52562,4889,2025-11-30 10:42:09,refunded,card,,0,118200
52563,4893,2025-09-24 19:55:50,completed,card,FALL10,19800,178500
52564,4895,2025-09-23 23:07:17,completed,card,WELCOME10,40600,365800
52565,4895,2025-09-24 20:01:01,completed,kakaopay,,0,339300
52566,4895,2025-12-08 20:52:38,completed,kakaopay,,0,196800
52567,4895,2025-12-29 22:53:09,completed,card,XMAS25,64400,193000
52568,4896,2025-09-23 21:04:12,completed,kakaopay,,0,52700
52569,4900,2025-11-27 20:36:36,completed,card,WELCOME10,3200,29300
52570,4901,2025-10-05 18:52:21,completed,naverpay,WELCOME10,48900,439800
52571,4901,2025-11-26 16:35:45,completed,kakaopay,,0,65000
52572,4901,2025-12-17 20:38:39,refunded,kakaopay,XMAS25,3600,10600
52573,4902,2025-11-08 21:08:29,completed,card,,0,92800
52574,4903,2025-09-24 19:37:50,completed,card,,0,104600
52575,4904,2025-09-25 20:24:25,completed,naverpay,WELCOME10,40900,367900
52576,4905,2025-09-23 16:39:24,completed,card,WELCOME10,38300,344400
52577,4906,2025-11-05 19:27:03,refunded,card,,0,131400
52578,4906,2025-12-13 23:39:17,completed,card,XMAS25,65600,196600
52579,4907,2025-09-27 17:06:50,completed,kakaopay,FALL10,11000,98700
52580,4907,2025-10-08 18:29:47,completed,kakaopay,XMAS25,56400,169200
52581,4907,2025-10-25 13:20:44,completed,kakaopay,,0,52000
52582,4907,2025-11-15 23:57:07,cancelled,naverpay,XMAS25,26100,78300
52583,4907,2025-11-29 16:16:32,completed,card,,0,286700
52584,4909,2025-11-22 14:33:13,cancelled,card,,0,150700
52585,4910,2025-09-24 15:06:55,completed,card,WELCOME10,12800,114800
52586,4914,2025-09-24 20:26:46,completed,card,FALL10,46700,420500
52587,4915,2025-09-27 22:59:16,refunded,card,,0,366300
52588,4917,2025-10-27 17:46:46,completed,kakaopay,WELCOME10,4000,35800
52589,4917,2025-11-08 18:53:46,completed,card,,0,270400
52590,4917,2025-12-29 23:54:58,completed,kakaopay,,0,113800
52591,4918,2025-09-24 23:36:48,completed,kakaopay,,0,107100
52592,4919,2025-09-28 21:08:25,completed,kakaopay,,0,29600
52593,4919,2025-12-10 16:31:09,completed,card,,0,816400
52594,4920,2025-12-05 17:09:23,completed,card,WELCOME10,14000,126100
52595,4922,2025-10-08 19:56:00,completed,card,WELCOME10,11200,100400
52596,4924,2025-10-01 23:58:24,completed,card,WELCOME10,6400,58000
52597,4924,2025-11-16 22:15:10,cancelled,card,XMAS25,67900,203700
52598,4927,2025-10-03 00:14:35,completed,card,,0,545800
52599,4927,2025-12-27 23:38:54,completed,kakaopay,,0,39800
52600,4928,2025-10-20 18:39:41,completed,card,,0,91900
52601,4931,2025-09-25 22:07:37,completed,kakaopay,WELCOME10,7000,63100
52602,4931,2025-11-09 20:57:35,completed,bank_transfer,,0,65000
52603,4942,2025-10-28 20:19:30,completed,card,,0,14300
52604,4943,2025-10-12 20:12:36,completed,card,,0,165500
52605,4945,2025-09-26 19:40:30,completed,kakaopay,,0,97500
52606,4949,2025-10-30 16:53:27,refunded,card,,0,122000
52607,4951,2025-10-22 23:16:19,refunded,naverpay,WELCOME10,6200,55400
52608,4951,2025-11-15 23:40:06,completed,naverpay,,0,238100
52609,4952,2025-09-29 17:45:56,completed,bank_transfer,,0,210300
52610,4953,2025-11-23 20:36:39,completed,card,,0,205600
52611,4955,2025-09-28 18:12:16,completed,bank_transfer,WELCOME10,1400,12400
52612,4955,2025-11-02 21:42:30,completed,naverpay,XMAS25,4400,13400
52613,4955,2025-11-08 21:23:49,completed,card,,0,198800
52614,4958,2025-12-12 13:31:57,completed,naverpay,WELCOME10,12400,111800
52615,4960,2025-10-22 17:25:12,completed,card,WELCOME10,3200,29300
52616,4960,2025-10-26 19:39:11,completed,card,,0,57700
52617,4961,2025-10-07 00:14:46,completed,naverpay,WELCOME10,13700,122900
52618,4968,2025-12-02 23:22:05,completed,naverpay,,0,70800
52619,4968,2025-12-08 21:45:48,completed,card,,0,6900
52620,4975,2025-09-27 20:52:44,cancelled,card,,0,126300
52621,4976,2025-11-03 15:10:06,completed,card,,0,478900
52622,4976,2025-12-13 23:02:12,completed,card,,0,47000
52623,4981,2025-12-18 20:11:29,completed,card,WELCOME10,700,6200
52624,4983,2025-11-20 18:51:45,completed,card,WELCOME10,7000,63400
52625,4984,2025-10-26 18:18:19,completed,naverpay,WELCOME10,62200,559500
52626,4985,2025-09-27 19:38:51,completed,naverpay,,0,455800
52627,4986,2025-10-12 20:30:45,cancelled,kakaopay,,0,868200
52628,4987,2025-12-15 23:22:15,completed,kakaopay,WELCOME10,24100,217100
52629,4988,2025-10-02 17:20:18,completed,kakaopay,WELCOME10,7200,65000
52630,4989,2025-10-30 23:46:55,cancelled,card,WELCOME10,5000,45300
52631,4992,2025-12-15 19:31:38,completed,card,XMAS25,51400,154200
52632,4994,2025-09-28 17:51:17,completed,kakaopay,WELCOME10,4400,39600
52633,4998,2025-11-03 14:14:30,completed,card,,0,115600
52634,5000,2025-09-29 17:55:09,completed,kakaopay,FALL10,3200,29300
52635,5000,2025-11-23 22:52:13,completed,card,XMAS25,8600,25900
52636,5000,2025-12-05 21:40:06,completed,naverpay,,0,621500
52637,5000,2025-12-14 14:30:00,completed,card,,0,246900
52638,5001,2025-11-08 17:55:24,completed,kakaopay,,0,158200
52639,5002,2025-09-28 21:51:57,refunded,naverpay,,0,131400
52640,5009,2025-09-28 17:59:47,completed,card,WELCOME10,13000,117000
52641,5012,2025-09-28 19:49:16,cancelled,card,,0,92500
52642,5014,2025-12-22 16:24:07,completed,card,WELCOME10,40300,362500
52643,5022,2025-09-29 17:42:35,completed,card,FALL10,21500,193800
52644,5024,2025-12-11 19:49:16,completed,naverpay,WELCOME10,25200,226700
52645,5027,2025-11-01 22:06:01,completed,card,WELCOME10,21000,189300
52646,5028,2025-09-29 17:07:44,completed,card,FALL10,6500,58500
52647,5028,2025-11-08 22:45:03,completed,card,,0,295600
52648,5028,2025-11-16 17:01:00,cancelled,kakaopay,,0,186200
52649,5029,2025-10-22 19:28:33,completed,card,,0,45400
52650,5031,2025-12-06 21:23:17,completed,kakaopay,WELCOME10,2600,23500
52651,5034,2025-10-17 18:24:19,completed,naverpay,WELCOME10,15400,138600
52652,5035,2025-11-04 21:55:58,completed,kakaopay,,0,72100
52653,5039,2025-10-05 00:01:34,completed,kakaopay,WELCOME10,7000,63000
52654,5039,2025-10-24 20:00:44,completed,kakaopay,,0,44200
52655,5044,2025-11-15 16:25:22,completed,kakaopay,WELCOME10,41100,370100
52656,5046,2025-10-22 23:32:48,cancelled,bank_transfer,WELCOME10,74600,671100
52657,5046,2025-11-12 20:54:41,completed,card,,0,26000
52658,5048,2025-11-04 17:56:55,completed,kakaopay,XMAS25,64100,192300
52659,5051,2025-10-01 21:21:41,completed,card,,0,492900
52660,5052,2025-10-01 23:54:11,completed,naverpay,WELCOME10,6200,55300
52661,5052,2025-10-21 19:51:52,completed,card,,0,82700
52662,5054,2025-10-01 20:52:10,completed,card,,0,66200
52663,5056,2025-11-25 23:11:16,completed,bank_transfer,,0,46600
52664,5056,2025-12-26 23:24:29,completed,card,,0,184600
52665,5058,2025-10-26 18:44:27,completed,card,,0,402800
52666,5059,2025-10-12 17:43:13,completed,card,WELCOME10,38400,346100
52667,5059,2025-11-06 20:16:57,cancelled,card,XMAS25,26000,77800
52668,5064,2025-10-02 21:32:42,completed,card,WELCOME10,4500,40900
52669,5064,2025-10-12 19:03:19,completed,naverpay,XMAS25,27400,82300
52670,5065,2025-10-02 17:59:27,completed,card,,0,129800
52671,5065,2025-12-10 23:40:08,completed,card,,0,270300
52672,5072,2025-10-17 16:17:27,completed,card,WELCOME10,40300,362500
52673,5078,2025-10-13 15:49:55,completed,card,,0,130000
52674,5079,2025-10-02 23:43:23,completed,kakaopay,,0,82500
52675,5080,2025-10-29 23:22:55,completed,card,WELCOME10,25200,226900
52676,5085,2025-10-13 16:23:16,completed,card,WELCOME10,10400,93100
52677,5086,2025-10-03 23:43:29,completed,card,WELCOME10,12100,108700
52678,5092,2025-11-19 18:50:33,completed,kakaopay,,0,6900
52679,5093,2025-10-14 00:05:45,completed,kakaopay,,0,59200
52680,5096,2025-11-23 18:46:12,completed,kakaopay,XMAS25,25900,77700
52681,5097,2025-11-24 20:51:46,completed,card,,0,78800
52682,5098,2025-12-26 15:57:36,completed,kakaopay,WELCOME10,15300,137600
52683,5099,2025-11-01 23:51:07,completed,card,,0,126300
52684,5104,2025-10-30 13:46:46,completed,bank_transfer,,0,33100
52685,5105,2025-10-19 22:59:25,completed,kakaopay,XMAS25,84100,252300
52686,5105,2025-11-24 20:48:11,completed,card,XMAS25,1700,5200
52687,5106,2025-10-25 19:38:11,completed,card,WELCOME10,45000,404700
52688,5106,2025-12-08 19:30:14,completed,card,,0,115100
52689,5107,2025-10-04 18:13:35,completed,naverpay,,0,1029700
52690,5108,2025-10-04 23:37:37,completed,kakaopay,XMAS25,30900,92700
52691,5110,2025-11-06 17:29:17,cancelled,naverpay,WELCOME10,4500,40900
52692,5110,2025-12-07 23:33:18,completed,naverpay,XMAS25,20400,61100
52693,5110,2025-12-10 18:09:28,completed,naverpay,XMAS25,30000,90000
52694,5113,2025-10-05 22:11:35,completed,card,,0,123900
52695,5113,2025-11-24 23:45:50,completed,kakaopay,,0,86900
52696,5114,2025-10-10 14:07:08,completed,card,,0,287000
52697,5116,2025-10-08 18:13:40,completed,card,,0,33100
52698,5117,2025-10-08 20:03:53,completed,card,XMAS25,8000,24000
52699,5119,2025-12-31 22:53:43,completed,naverpay,,0,166600
52700,5125,2025-11-10 17:09:48,completed,kakaopay,,0,230300
52701,5125,2025-11-23 23:32:20,completed,kakaopay,,0,571500
52702,5126,2025-10-10 15:30:38,completed,naverpay,,0,111600
52703,5126,2025-10-11 19:39:40,completed,kakaopay,,0,97500
52704,5126,2025-11-06 15:18:18,completed,bank_transfer,,0,205600
52705,5127,2025-12-13 15:54:01,completed,kakaopay,XMAS25,139200,417700
52706,5128,2025-11-16 18:59:47,completed,card,,0,431500
52707,5132,2025-10-06 22:27:27,completed,naverpay,,0,239400
52708,5134,2025-11-02 19:28:53,completed,kakaopay,WELCOME10,14500,130100
52709,5136,2025-11-16 21:13:02,completed,kakaopay,WELCOME10,9000,80900
52710,5139,2025-10-18 21:35:37,completed,bank_transfer,WELCOME10,32600,293300
52711,5139,2025-11-18 23:54:12,refunded,naverpay,,0,428800
52712,5142,2025-11-10 13:48:42,completed,card,WELCOME10,700,6200
52713,5143,2025-10-10 20:07:44,completed,naverpay,WELCOME10,13300,119700
52714,5143,2025-11-27 18:10:45,completed,card,,0,84000
52715,5144,2025-10-30 21:56:09,completed,card,,0,100600
52716,5148,2025-11-04 18:02:12,completed,card,,0,224500
52717,5150,2025-10-08 09:25:57,cancelled,card,,0,372800
52718,5153,2025-10-18 23:11:46,completed,card,WELCOME10,2200,19300
52719,5156,2025-10-10 19:39:51,completed,kakaopay,,0,199600
52720,5160,2025-10-13 16:51:02,completed,card,,0,57700
52721,5160,2025-11-02 23:05:07,cancelled,naverpay,,0,150300
52722,5160,2025-11-09 19:33:13,cancelled,card,,0,88500
52723,5160,2025-11-10 20:51:21,completed,kakaopay,,0,61600
52724,5161,2025-12-12 23:07:51,completed,naverpay,XMAS25,29100,87300
52725,5164,2025-10-07 13:07:19,completed,card,WELCOME10,1700,15500
52726,5165,2025-10-16 23:15:43,completed,kakaopay,,0,224800
52727,5168,2025-11-02 16:03:45,completed,bank_transfer,,0,128700
52728,5169,2025-10-20 14:29:23,completed,kakaopay,WELCOME10,7100,63700
52729,5172,2025-12-21 16:29:11,completed,naverpay,,0,241000
52730,5174,2025-10-25 19:13:39,completed,bank_transfer,WELCOME10,3200,29300
52731,5176,2025-10-12 23:44:45,completed,naverpay,,0,52000
52732,5179,2025-10-10 00:01:54,completed,kakaopay,,0,23800
52733,5179,2025-10-29 19:18:35,completed,kakaopay,,0,101500
52734,5179,2025-11-02 13:06:25,completed,card,,0,120200
52735,5181,2025-10-18 20:33:46,completed,card,,0,210300
52736,5181,2025-10-28 18:13:03,cancelled,card,,0,102900
52737,5181,2025-12-29 20:55:02,completed,card,XMAS25,14400,43400
52738,5182,2025-11-01 22:09:26,completed,card,,0,115600
52739,5182,2025-11-06 22:01:05,completed,bank_transfer,XMAS25,27000,81200
52740,5184,2025-11-23 23:50:09,completed,card,WELCOME10,31100,280300
52741,5185,2025-10-08 13:25:39,completed,kakaopay,,0,317800
52742,5187,2025-11-25 15:24:39,completed,card,,0,182700
52743,5187,2025-11-27 23:19:08,refunded,naverpay,,0,105100
52744,5192,2025-10-09 21:46:30,refunded,card,,0,131100
52745,5192,2025-12-11 23:46:53,completed,naverpay,XMAS25,8100,24400
52746,5193,2025-12-21 10:32:11,cancelled,kakaopay,,0,32500
52747,5194,2025-11-10 21:44:56,completed,kakaopay,,0,146800
52748,5195,2025-11-12 20:00:04,refunded,kakaopay,,0,281600
52749,5197,2025-10-20 23:26:22,cancelled,card,,0,43400
52750,5199,2025-10-13 20:40:37,cancelled,card,XMAS25,112000,335900
52751,5200,2025-10-19 20:39:23,cancelled,kakaopay,WELCOME10,17100,154100
52752,5206,2025-10-29 22:01:10,completed,kakaopay,,0,43000
52753,5206,2025-11-03 23:49:41,completed,naverpay,,0,17800
52754,5208,2025-10-10 15:07:13,completed,card,XMAS25,6900,20600
52755,5212,2025-10-10 23:12:28,completed,kakaopay,,0,118400
52756,5212,2025-10-10 22:31:44,cancelled,card,,0,167900
52757,5215,2025-10-11 19:07:20,completed,card,WELCOME10,5800,51900
52758,5219,2025-10-11 12:48:56,completed,card,WELCOME10,17700,159000
52759,5220,2025-11-11 18:37:08,completed,card,WELCOME10,15800,142400
52760,5221,2025-11-13 00:12:10,completed,card,WELCOME10,5800,52000
52761,5226,2025-10-22 23:02:53,completed,kakaopay,WELCOME10,16600,149600
52762,5233,2025-11-08 22:13:19,completed,bank_transfer,,0,227000
52763,5233,2025-12-15 15:34:45,completed,card,,0,152800
52764,5234,2025-10-12 23:46:07,completed,naverpay,,0,77000
52765,5237,2025-10-12 22:49:26,completed,card,,0,213400
52766,5237,2025-10-13 11:54:54,completed,naverpay,,0,114700
52767,5240,2025-10-12 23:30:06,completed,naverpay,,0,348400
52768,5254,2025-11-23 15:04:45,completed,kakaopay,WELCOME10,6500,58500
52769,5255,2025-11-20 21:29:13,completed,card,,0,126300
52770,5255,2025-11-30 20:56:06,completed,kakaopay,,0,109200
52771,5266,2025-10-26 19:32:44,completed,card,,0,70800
52772,5266,2025-11-11 17:35:40,completed,kakaopay,,0,462900
52773,5268,2025-11-15 11:46:35,completed,card,WELCOME10,55000,494800
52774,5272,2025-11-14 12:20:20,completed,card,WELCOME10,4400,39700
52775,5274,2025-11-12 19:26:38,completed,naverpay,WELCOME10,26400,237600
52776,5277,2025-10-14 20:46:09,completed,kakaopay,WELCOME10,5800,51900
52777,5278,2025-12-22 22:44:49,completed,kakaopay,,0,100400
52778,5280,2025-11-04 22:55:11,completed,card,,0,175700
52779,5280,2025-11-21 21:27:41,completed,naverpay,,0,298800
52780,5280,2025-12-07 20:28:58,completed,naverpay,XMAS25,11800,35600
52781,5280,2025-12-25 21:30:05,completed,card,,0,191300
52782,5282,2025-12-15 23:47:02,completed,card,XMAS25,3400,10400
52783,5285,2025-12-26 23:02:39,completed,naverpay,,0,201900
52784,5286,2025-12-23 20:54:16,cancelled,naverpay,XMAS25,52600,157700
52785,5290,2025-10-15 20:36:55,completed,card,WELCOME10,2200,19300
52786,5290,2025-12-06 21:01:45,completed,card,XMAS25,52400,157400
52787,5293,2025-10-15 21:04:03,completed,naverpay,WELCOME10,20600,185100
52788,5293,2025-11-22 16:49:00,completed,card,,0,207700
52789,5299,2025-10-16 21:56:12,completed,card,WELCOME10,22500,202900
52790,5299,2025-12-19 22:53:25,completed,card,XMAS25,44100,132400
52791,5300,2025-10-22 19:39:34,completed,card,XMAS25,91800,275400
52792,5301,2025-10-30 15:45:49,completed,card,,0,344800
52793,5312,2025-10-16 15:23:47,completed,bank_transfer,,0,32500
52794,5313,2025-12-13 21:00:58,completed,kakaopay,,0,72200
52795,5314,2025-12-13 19:47:13,completed,naverpay,,0,225200
52796,5316,2025-10-31 23:17:15,completed,card,,0,70800
52797,5319,2025-10-28 19:43:07,completed,card,WELCOME10,60800,547600
52798,5322,2025-10-22 23:52:27,completed,card,XMAS25,12200,36700
52799,5323,2025-12-23 23:08:19,completed,naverpay,WELCOME10,89300,803400
52800,5324,2025-12-06 18:18:44,completed,card,,0,72100
52801,5327,2025-11-17 18:28:25,completed,card,WELCOME10,9800,87700
52802,5328,2025-12-04 14:52:59,completed,naverpay,XMAS25,32500,97500
52803,5330,2025-12-02 19:09:29,completed,kakaopay,WELCOME10,6600,59600
52804,5331,2025-12-02 19:18:28,completed,kakaopay,,0,296000
52805,5333,2025-10-18 19:56:57,completed,naverpay,WELCOME10,25300,227300
52806,5335,2025-11-08 19:43:05,completed,card,,0,97500
52807,5336,2025-10-29 15:56:57,completed,card,WELCOME10,31100,280300
52808,5341,2025-12-11 20:40:14,completed,card,,0,121100
52809,5346,2025-12-20 16:41:54,completed,kakaopay,,0,57700
52810,5350,2025-10-19 17:25:01,completed,card,XMAS25,8200,24600
52811,5353,2025-10-19 20:20:35,completed,kakaopay,WELCOME10,40300,362500
52812,5355,2025-11-14 22:09:09,completed,bank_transfer,,0,179400
52813,5356,2025-12-27 14:32:31,completed,card,,0,119500
52814,5360,2025-10-19 23:43:03,completed,bank_transfer,,0,217000
52815,5361,2025-10-19 21:35:58,refunded,card,,0,199600
52816,5363,2025-10-25 21:32:20,refunded,naverpay,WELCOME10,10000,90400
52817,5369,2025-11-09 17:38:27,completed,card,,0,248900
52818,5369,2025-12-27 19:42:53,completed,naverpay,,0,116600
52819,5372,2025-12-26 23:48:33,completed,kakaopay,XMAS25,20100,60300
52820,5373,2025-11-18 19:46:10,completed,kakaopay,,0,66200
52821,5378,2025-10-25 19:14:43,completed,naverpay,WELCOME10,35000,314500
52822,5379,2025-12-21 20:09:27,completed,card,,0,48600
52823,5385,2025-10-25 00:10:56,completed,naverpay,,0,844600
52824,5389,2025-11-09 16:12:24,completed,card,,0,121800
52825,5391,2025-10-21 22:35:12,completed,card,,0,212500
52826,5397,2025-10-21 18:57:55,completed,card,,0,72100
52827,5398,2025-10-21 14:30:20,completed,bank_transfer,,0,64700
52828,5398,2025-10-31 15:58:31,completed,card,,0,33000
52829,5398,2025-11-16 19:57:34,completed,kakaopay,,0,278100
52830,5398,2025-12-13 21:58:40,completed,kakaopay,,0,260400
52831,5399,2025-11-02 16:25:58,completed,card,,0,17800
52832,5402,2025-10-31 19:03:15,completed,kakaopay,XMAS25,65800,197600
52833,5403,2025-11-03 18:03:17,completed,card,XMAS25,108800,326500
52834,5406,2025-12-29 22:37:52,completed,kakaopay,WELCOME10,12200,110000
52835,5407,2025-11-16 23:22:18,completed,card,WELCOME10,3300,29600
52836,5408,2025-11-10 17:42:15,completed,card,WELCOME10,12300,110900
52837,5408,2025-11-26 21:03:13,completed,naverpay,,0,97500
52838,5408,2025-12-05 16:38:05,completed,card,,0,110800
52839,5410,2025-10-24 15:56:02,completed,card,,0,19900
52840,5412,2025-11-17 20:12:18,refunded,card,WELCOME10,700,6200
52841,5412,2025-12-05 18:19:17,completed,naverpay,,0,97700
52842,5412,2025-12-31 18:22:16,refunded,card,,0,210300
52843,5413,2025-10-23 23:56:25,completed,kakaopay,,0,571100
52844,5415,2025-12-31 18:16:00,completed,card,WELCOME10,24000,215800
52845,5416,2025-11-13 16:33:09,completed,card,WELCOME10,27300,246000
52846,5416,2025-11-15 23:52:20,completed,card,,0,485600
52847,5429,2025-12-20 23:58:39,completed,card,WELCOME10,11400,102600
52848,5434,2025-10-23 18:37:40,completed,card,,0,197900
52849,5434,2025-12-29 19:41:45,completed,kakaopay,,0,69200
52850,5435,2025-10-23 19:11:08,completed,card,,0,27500
52851,5435,2025-11-16 16:57:18,completed,kakaopay,,0,363800
52852,5436,2025-10-23 17:20:58,completed,card,,0,39800
52853,5440,2025-10-23 18:35:32,completed,card,WELCOME10,7200,64800
52854,5440,2025-11-25 22:36:04,completed,kakaopay,,0,45400
52855,5442,2025-10-29 23:32:41,completed,kakaopay,,0,151100
52856,5442,2025-11-07 23:53:12,completed,naverpay,XMAS25,12800,38400
52857,5443,2025-10-31 23:58:22,refunded,card,,0,40000
52858,5445,2025-10-23 20:03:26,completed,card,,0,57800
52859,5446,2025-11-20 21:14:09,completed,card,WELCOME10,28100,252800
52860,5446,2025-12-06 18:37:49,completed,card,,0,6900
52861,5447,2025-11-30 16:31:32,completed,card,,0,72500
52862,5450,2025-10-31 18:24:14,completed,kakaopay,WELCOME10,13000,117000
52863,5450,2025-12-07 17:26:24,completed,card,XMAS25,7300,21800
52864,5451,2025-10-24 21:17:37,refunded,naverpay,XMAS25,60700,182100
52865,5451,2025-12-23 23:41:40,completed,kakaopay,,0,805600
52866,5454,2025-11-02 13:49:40,cancelled,kakaopay,,0,252600
52867,5454,2025-11-25 18:12:00,cancelled,card,,0,6900
52868,5455,2025-12-17 23:56:12,completed,kakaopay,XMAS25,31600,94700
52869,5457,2025-11-11 15:12:51,completed,naverpay,,0,23900
52870,5459,2025-11-18 16:31:32,completed,kakaopay,,0,210300
52871,5459,2025-12-20 23:19:25,refunded,card,,0,97800
52872,5462,2025-11-07 18:37:11,completed,card,,0,40300
52873,5462,2025-12-07 16:57:43,completed,bank_transfer,,0,46600
52874,5463,2025-11-13 14:34:20,completed,bank_transfer,,0,677500
52875,5463,2025-11-27 17:33:34,completed,kakaopay,,0,117300
52876,5464,2025-10-25 18:51:12,completed,kakaopay,,0,26200
52877,5465,2025-11-07 22:44:58,completed,card,WELCOME10,7200,64800
52878,5467,2025-11-17 21:48:19,refunded,card,WELCOME10,1100,9500
52879,5470,2025-12-09 00:10:27,completed,kakaopay,XMAS25,33000,98800
52880,5470,2025-12-26 23:41:17,completed,card,,0,57700
52881,5473,2025-10-26 16:32:33,completed,card,,0,126300
52882,5473,2025-12-29 14:51:44,completed,card,,0,129800
52883,5474,2025-11-24 20:52:36,completed,kakaopay,,0,6900
52884,5476,2025-12-13 18:02:04,completed,naverpay,WELCOME10,10000,89500
52885,5476,2025-12-30 20:04:46,completed,card,,0,79000
52886,5482,2025-10-26 20:11:06,completed,naverpay,,0,229400
52887,5482,2025-12-10 14:00:02,completed,naverpay,XMAS25,7300,21800
52888,5484,2025-10-26 12:13:31,completed,card,XMAS25,50700,152000
52889,5490,2025-10-30 23:42:11,completed,card,XMAS25,14400,43300
52890,5492,2025-11-04 22:00:51,completed,card,,0,57800
52891,5492,2025-11-14 15:01:08,completed,card,,0,32500
52892,5493,2025-11-21 20:47:14,completed,kakaopay,,0,19900
52893,5494,2025-11-23 19:38:11,completed,card,,0,261100
52894,5495,2025-11-10 15:52:53,completed,card,,0,387700
52895,5496,2025-12-13 12:59:41,completed,kakaopay,WELCOME10,62300,560500
52896,5498,2025-11-02 23:32:21,completed,kakaopay,,0,79000
52897,5502,2025-10-29 16:42:31,completed,bank_transfer,WELCOME10,2900,26200
52898,5503,2025-12-22 11:44:25,completed,kakaopay,WELCOME10,13800,124300
52899,5505,2025-12-01 18:32:31,completed,card,WELCOME10,28500,256200
52900,5507,2025-12-02 22:18:21,completed,kakaopay,WELCOME10,12100,108700
52901,5508,2025-10-27 17:53:35,completed,kakaopay,XMAS25,4000,12000
52902,5509,2025-12-04 22:33:12,completed,card,WELCOME10,7200,64800
52903,5509,2025-12-24 17:04:08,completed,card,XMAS25,17200,51800
52904,5510,2025-12-28 17:24:12,cancelled,card,WELCOME10,700,6200
52905,5518,2025-10-28 19:33:47,cancelled,card,,0,97000
52906,5518,2025-11-26 19:31:29,completed,naverpay,,0,32500
52907,5520,2025-12-30 14:32:19,cancelled,kakaopay,WELCOME10,9300,83300
52908,5522,2025-12-03 23:41:17,completed,naverpay,,0,443100
52909,5524,2025-11-24 22:11:41,cancelled,card,,0,259500
52910,5524,2025-12-08 23:55:23,completed,naverpay,,0,56900
52911,5525,2025-11-15 21:03:41,completed,card,,0,83500
52912,5526,2025-10-28 23:15:36,completed,kakaopay,,0,72000
52913,5526,2025-10-28 21:39:37,completed,card,,0,90900
52914,5528,2025-10-28 17:56:25,completed,kakaopay,WELCOME10,13400,120800
52915,5530,2025-10-31 20:32:09,completed,card,,0,23800
52916,5531,2025-11-08 00:01:20,completed,card,,0,252600
52917,5533,2025-12-05 22:15:25,completed,card,,0,60900
52918,5533,2025-12-08 23:04:51,completed,naverpay,,0,451300
52919,5535,2025-11-01 00:13:11,cancelled,bank_transfer,,0,93600
52920,5539,2025-10-29 22:40:29,completed,card,XMAS25,60000,180200
52921,5539,2025-11-29 13:06:21,completed,naverpay,XMAS25,6900,20600
52922,5541,2025-12-17 20:08:31,cancelled,naverpay,,0,411200
52923,5545,2025-12-31 20:28:06,completed,card,,0,411200
52924,5546,2025-12-13 15:18:23,completed,card,,0,466600
52925,5548,2025-11-27 15:27:37,completed,card,,0,136200
52926,5559,2025-11-06 16:56:58,completed,bank_transfer,WELCOME10,9100,81700
52927,5559,2025-12-21 19:31:25,completed,naverpay,,0,37400
52928,5560,2025-11-01 21:02:41,completed,card,,0,252600
52929,5562,2025-10-30 23:28:30,completed,card,,0,50300
52930,5562,2025-12-22 17:39:19,completed,card,,0,618800
52931,5564,2025-10-30 15:53:04,completed,card,WELCOME10,4700,41900
52932,5564,2025-11-17 20:25:03,completed,kakaopay,,0,36100
52933,5567,2025-12-28 18:22:20,completed,card,,0,307900
52934,5570,2025-10-30 17:30:05,completed,kakaopay,XMAS25,58500,175400
52935,5571,2025-10-30 16:21:49,completed,kakaopay,WELCOME10,1600,14800
52936,5578,2025-11-24 00:07:39,completed,naverpay,,0,95000
52937,5579,2025-12-05 18:01:12,completed,card,XMAS25,52200,156600
52938,5580,2025-11-08 15:47:33,completed,card,,0,57800
52939,5580,2025-12-27 14:48:46,completed,kakaopay,,0,33100
52940,5583,2025-11-16 12:55:59,completed,card,WELCOME10,18500,166100
52941,5583,2025-12-27 21:41:19,completed,kakaopay,XMAS25,14400,43400
52942,5585,2025-11-02 23:23:50,completed,card,,0,6900
52943,5585,2025-11-15 00:06:45,completed,card,XMAS25,73400,220100
52944,5587,2025-11-26 23:31:09,completed,card,,0,43600
52945,5589,2025-12-09 17:03:06,completed,card,XMAS25,192700,578000
52946,5589,2025-12-12 16:28:47,cancelled,naverpay,,0,32500
52947,5590,2025-11-13 23:21:08,completed,kakaopay,,0,51800
52948,5591,2025-12-24 23:37:03,completed,card,,0,27500
52949,5596,2025-12-17 16:48:01,completed,kakaopay,,0,205600
52950,5597,2025-12-04 12:32:11,completed,card,WELCOME10,3200,29300
52951,5599,2025-11-18 22:34:04,completed,naverpay,WELCOME10,5800,51900
52952,5599,2025-11-28 16:18:30,completed,naverpay,,0,216000
52953,5603,2025-11-01 00:08:39,completed,naverpay,WELCOME10,93400,840800
52954,5604,2025-10-31 23:43:54,completed,kakaopay,,0,93500
52955,5604,2025-11-01 20:30:39,completed,card,,0,42400
52956,5604,2025-11-02 20:17:19,completed,kakaopay,,0,57800
52957,5605,2025-11-01 15:02:06,completed,bank_transfer,XMAS25,39700,119100
52958,5607,2025-11-03 20:10:55,completed,bank_transfer,,0,200300
52959,5607,2025-11-25 11:53:03,completed,card,,0,57700
52960,5612,2025-12-23 22:17:00,completed,naverpay,,0,212900
52961,5614,2025-11-04 00:08:50,completed,naverpay,,0,403200
52962,5614,2025-12-28 23:57:28,completed,bank_transfer,,0,374300
52963,5616,2025-11-03 21:23:51,completed,naverpay,,0,256900
52964,5618,2025-12-12 23:10:28,completed,naverpay,WELCOME10,34100,307300
52965,5622,2025-11-01 17:00:27,completed,naverpay,,0,242800
52966,5623,2025-12-02 19:18:01,completed,card,WELCOME10,3300,29600
52967,5625,2025-11-02 22:16:37,completed,card,,0,1208400
52968,5625,2025-11-05 17:19:10,completed,card,,0,126300
52969,5630,2025-12-25 21:19:15,cancelled,card,,0,126300
52970,5631,2025-12-04 17:18:35,completed,naverpay,,0,679700
52971,5631,2025-12-11 23:30:15,completed,card,,0,134400
52972,5633,2025-11-03 15:15:27,completed,card,WELCOME10,10500,94100
52973,5635,2025-12-21 17:04:30,completed,kakaopay,,0,522000
52974,5637,2025-11-02 23:40:30,completed,card,,0,65000
52975,5637,2025-11-02 20:08:07,completed,card,,0,23800
52976,5638,2025-11-05 23:39:53,completed,card,,0,389400
52977,5638,2025-12-05 22:31:30,completed,kakaopay,,0,172400
52978,5638,2025-12-29 18:36:30,completed,kakaopay,,0,84800
52979,5645,2025-11-04 21:23:50,completed,card,WELCOME10,7000,63400
52980,5646,2025-12-20 23:33:41,completed,kakaopay,XMAS25,36000,107900
52981,5649,2025-11-03 23:37:23,completed,naverpay,,0,90300
52982,5649,2025-11-03 23:26:54,completed,kakaopay,,0,146800
52983,5649,2025-11-09 22:48:40,completed,card,,0,228600
52984,5657,2025-11-03 19:15:08,completed,card,WELCOME10,7000,63000
52985,5658,2025-11-10 14:55:53,completed,card,,0,268500
52986,5658,2025-11-24 16:51:49,completed,card,,0,428400
52987,5659,2025-12-05 16:26:47,completed,naverpay,,0,187500
52988,5659,2025-12-19 16:20:15,completed,naverpay,,0,469800
52989,5661,2025-11-13 15:49:50,completed,card,WELCOME10,40300,362500
52990,5663,2025-11-04 17:55:57,completed,bank_transfer,,0,64700
52991,5665,2025-11-22 22:17:05,completed,card,WELCOME10,2600,23400
52992,5666,2025-11-15 22:39:28,completed,card,,0,205600
52993,5667,2025-11-04 23:39:53,completed,card,WELCOME10,39900,359300
52994,5667,2025-11-20 17:47:36,completed,naverpay,,0,79700
52995,5668,2025-11-21 18:21:37,completed,card,WELCOME10,32900,296300
52996,5668,2025-11-28 13:35:02,completed,card,,0,613100
52997,5675,2025-11-16 18:23:32,completed,card,,0,372200
52998,5675,2025-11-17 17:19:28,cancelled,naverpay,,0,46600
52999,5676,2025-11-04 15:31:54,completed,naverpay,WELCOME10,29900,268700
53000,5677,2025-11-09 16:50:32,refunded,card,XMAS25,98500,295500
53001,5679,2025-12-22 19:17:15,completed,bank_transfer,,0,199600
53002,5686,2025-11-14 18:20:38,refunded,naverpay,,0,125200
53003,5689,2025-11-10 00:06:37,cancelled,naverpay,,0,152600
53004,5689,2025-11-18 21:13:17,completed,card,,0,100400
53005,5689,2025-11-25 21:44:35,completed,kakaopay,,0,27200
53006,5690,2025-11-05 16:45:25,completed,card,WELCOME10,9900,88900
53007,5694,2025-12-03 17:14:29,cancelled,kakaopay,,0,100400
53008,5695,2025-11-05 12:21:19,completed,card,WELCOME10,17200,154500
53009,5695,2025-12-02 00:05:17,completed,kakaopay,,0,57800
53010,5695,2025-12-31 17:53:05,completed,card,,0,39800
53011,5696,2025-12-10 15:43:58,completed,kakaopay,WELCOME10,4700,41900
53012,5697,2025-11-06 17:03:34,completed,kakaopay,,0,97900
53013,5705,2025-11-09 20:29:16,completed,kakaopay,WELCOME10,2800,24700
53014,5706,2025-11-06 19:48:59,completed,card,WELCOME10,21600,194900
53015,5712,2025-11-11 22:17:36,completed,card,WELCOME10,24200,218300
53016,5714,2025-12-07 17:59:07,completed,card,WELCOME10,27100,244200
53017,5716,2025-11-12 21:11:23,completed,card,,0,203200
53018,5716,2025-11-15 20:27:04,completed,card,,0,170700
53019,5717,2025-11-07 14:14:04,completed,naverpay,WELCOME10,12100,108700
53020,5717,2025-12-27 14:28:03,completed,card,,0,360600
53021,5719,2025-11-20 18:51:11,completed,naverpay,,0,77700
53022,5720,2025-12-02 21:15:29,completed,naverpay,WELCOME10,31100,280200
53023,5721,2025-11-07 23:19:03,completed,naverpay,WELCOME10,31800,286400
53024,5721,2025-11-08 13:16:19,completed,card,XMAS25,10000,30000
53025,5728,2025-11-07 21:02:27,completed,kakaopay,,0,70400
53026,5728,2025-11-09 16:30:48,completed,naverpay,,0,153500
53027,5732,2025-12-09 15:10:47,completed,naverpay,WELCOME10,96100,864700
53028,5734,2025-11-22 09:15:29,completed,card,XMAS25,47900,143600
53029,5735,2025-11-08 22:27:57,completed,card,WELCOME10,33400,301100
53030,5735,2025-11-18 23:50:10,completed,card,,0,96000
53031,5739,2025-11-16 20:12:13,completed,kakaopay,,0,142300
53032,5740,2025-12-23 20:40:06,completed,bank_transfer,,0,256900
53033,5746,2025-11-18 15:48:18,completed,kakaopay,WELCOME10,11800,106500
53034,5747,2025-11-09 18:28:16,completed,card,,0,65000
53035,5747,2025-12-15 21:49:26,refunded,naverpay,,0,166900
53036,5755,2025-12-03 23:55:59,completed,card,XMAS25,220600,661700
53037,5757,2025-12-21 16:13:33,completed,card,,0,92500
53038,5759,2025-11-09 23:33:15,completed,kakaopay,WELCOME10,15500,139900
53039,5760,2025-11-09 21:02:15,completed,kakaopay,XMAS25,12300,36900
53040,5760,2025-11-13 16:44:57,cancelled,kakaopay,,0,214900
53041,5761,2025-11-11 00:00:01,completed,card,WELCOME10,700,6200
53042,5763,2025-12-30 21:08:35,completed,kakaopay,,0,21600
53043,5771,2025-11-25 20:32:41,completed,naverpay,WELCOME10,50400,454100
53044,5774,2025-11-10 15:23:25,completed,kakaopay,,0,382300
53045,5779,2025-12-16 00:06:49,completed,card,,0,27200
53046,5782,2025-11-14 14:48:45,completed,kakaopay,WELCOME10,38900,350500
53047,5784,2025-11-10 17:49:00,refunded,card,,0,233700
53048,5786,2025-12-19 22:26:36,completed,kakaopay,,0,213400
53049,5796,2025-12-03 19:41:09,completed,card,XMAS25,15000,45000
53050,5797,2025-12-24 20:22:05,completed,card,,0,476900
53051,5800,2025-11-11 17:49:03,completed,kakaopay,WELCOME10,14700,131900
53052,5804,2025-11-16 21:56:34,completed,card,,0,136000
53053,5806,2025-12-24 21:44:34,completed,naverpay,XMAS25,14000,41800
53054,5808,2025-11-12 18:08:54,completed,card,XMAS25,133300,400000
53055,5808,2025-11-17 00:13:15,refunded,naverpay,,0,427000
53056,5809,2025-11-30 20:09:32,completed,naverpay,,0,349400
53057,5810,2025-11-22 22:06:39,refunded,card,XMAS25,113200,339700
53058,5811,2025-12-23 23:50:14,completed,kakaopay,XMAS25,51400,154200
53059,5815,2025-11-12 22:02:15,completed,card,,0,69500
53060,5817,2025-11-12 23:28:20,completed,card,WELCOME10,20900,187900
53061,5825,2025-12-20 23:47:41,completed,naverpay,,0,62500
53062,5834,2025-12-03 22:01:04,cancelled,card,XMAS25,23100,69400
53063,5839,2025-11-13 14:34:22,completed,card,,0,39400
53064,5840,2025-11-18 17:04:43,completed,kakaopay,XMAS25,92600,277700
53065,5844,2025-12-01 21:32:42,completed,kakaopay,,0,32500
53066,5857,2025-12-10 15:17:36,completed,card,,0,72200
53067,5859,2025-12-12 20:57:35,cancelled,bank_transfer,,0,179800
53068,5862,2025-12-02 22:46:52,completed,card,WELCOME10,2600,23300
53069,5866,2025-11-14 15:22:31,completed,card,WELCOME10,6500,58500
53070,5867,2025-11-16 00:00:44,completed,card,,0,317000
53071,5869,2025-12-07 20:30:56,completed,card,,0,126400
53072,5872,2025-12-15 23:56:53,completed,card,XMAS25,95300,285800
53073,5873,2025-12-30 14:19:46,completed,card,,0,99300
53074,5876,2025-11-15 23:54:14,completed,card,WELCOME10,1800,16000
53075,5876,2025-11-30 23:18:51,completed,card,,0,85800
53076,5877,2025-11-20 16:28:04,cancelled,naverpay,,0,32500
53077,5877,2025-12-28 23:39:13,completed,naverpay,,0,120300
53078,5878,2025-12-22 20:53:04,completed,card,,0,33100
53079,5881,2025-11-16 20:13:46,refunded,kakaopay,WELCOME10,10000,90400
53080,5881,2025-11-18 20:46:30,completed,naverpay,,0,19900
53081,5882,2025-12-10 20:02:14,completed,card,,0,184400
53082,5885,2025-11-16 10:08:32,completed,card,,0,111600
53083,5887,2025-11-16 22:09:59,completed,kakaopay,WELCOME10,21900,197500
53084,5887,2025-11-16 16:15:40,completed,bank_transfer,,0,111900
53085,5888,2025-11-16 19:55:24,completed,card,,0,56600
53086,5891,2025-11-18 19:48:38,completed,kakaopay,WELCOME10,11000,98700
53087,5892,2025-12-18 14:51:15,completed,naverpay,,0,57700
53088,5892,2025-12-27 21:43:41,completed,card,,0,39700
53089,5894,2025-11-28 14:52:41,completed,naverpay,,0,92500
53090,5894,2025-11-30 18:59:50,completed,card,,0,21500
53091,5894,2025-12-13 23:41:17,completed,card,,0,493600
53092,5900,2025-11-17 23:07:45,completed,kakaopay,WELCOME10,45900,412900
53093,5903,2025-11-17 23:54:43,completed,card,WELCOME10,29900,269400
53094,5904,2025-11-18 23:59:46,refunded,kakaopay,,0,368200
53095,5904,2025-12-02 16:25:28,completed,bank_transfer,,0,79100
53096,5914,2025-11-17 20:00:42,completed,kakaopay,,0,57700
53097,5915,2025-12-18 20:04:39,completed,naverpay,XMAS25,69000,207200
53098,5916,2025-11-17 22:15:36,completed,naverpay,,0,253200
53099,5917,2025-11-30 23:11:31,completed,naverpay,WELCOME10,8400,76100
53100,5917,2025-12-16 22:34:41,completed,card,,0,55800
53101,5920,2025-11-20 16:17:35,completed,card,WELCOME10,3100,27600
53102,5921,2025-11-24 20:49:57,completed,card,,0,497100
53103,5921,2025-12-01 21:23:24,refunded,naverpay,,0,126300
53104,5923,2025-11-24 00:03:25,completed,card,,0,158000
53105,5925,2025-11-18 19:36:14,completed,kakaopay,,0,126300
53106,5925,2025-11-29 22:39:35,completed,naverpay,,0,259500
53107,5926,2025-11-18 23:41:21,completed,card,XMAS25,64200,192700
53108,5926,2025-12-25 22:49:20,completed,kakaopay,,0,279800
53109,5933,2025-11-19 23:14:12,completed,card,,0,138300
53110,5934,2025-11-26 16:54:18,completed,kakaopay,WELCOME10,6000,54000
53111,5937,2025-11-28 20:08:56,completed,card,,0,65000
53112,5943,2025-11-18 23:37:30,completed,kakaopay,,0,72000
53113,5945,2025-11-22 23:34:32,completed,card,,0,55800
53114,5951,2025-12-02 20:55:37,completed,kakaopay,,0,98700
53115,5959,2025-11-29 18:25:23,completed,card,,0,108100
53116,5959,2025-12-07 18:38:26,completed,kakaopay,XMAS25,19700,59100
53117,5963,2025-11-19 20:11:33,completed,kakaopay,XMAS25,31600,94700
53118,5963,2025-11-21 21:50:18,completed,card,,0,40300
53119,5965,2025-11-20 19:50:26,completed,card,,0,158800
53120,5969,2025-12-27 21:18:02,completed,kakaopay,WELCOME10,13300,120100
53121,5979,2025-11-22 19:04:35,completed,card,,0,144000
53122,5980,2025-11-21 19:04:37,refunded,kakaopay,,0,101200
53123,5981,2025-11-20 16:37:25,completed,bank_transfer,,0,175200
53124,5982,2025-12-15 23:19:55,completed,kakaopay,,0,375700
53125,5983,2025-11-26 23:29:54,completed,naverpay,XMAS25,8300,24800
53126,5985,2025-11-21 21:04:03,completed,kakaopay,,0,84800
53127,5986,2025-11-21 20:32:22,completed,kakaopay,WELCOME10,12600,113700
53128,5987,2025-12-06 19:37:35,completed,kakaopay,WELCOME10,14800,132900
53129,5987,2025-12-23 21:49:19,completed,card,,0,420600
53130,5992,2025-11-21 20:18:13,completed,naverpay,,0,219800
53131,5996,2025-12-03 10:50:26,completed,kakaopay,XMAS25,64100,192200
53132,5996,2025-12-05 17:55:31,completed,card,,0,57800
53133,6004,2025-12-07 21:03:27,completed,kakaopay,WELCOME10,54800,492700
53134,6006,2025-12-05 14:58:57,completed,card,,0,32500
53135,6010,2025-11-22 20:38:11,completed,card,,0,218900
53136,6012,2025-12-27 19:57:18,completed,bank_transfer,,0,66200
53137,6014,2025-11-22 13:28:05,cancelled,bank_transfer,XMAS25,99000,296900
53138,6017,2025-12-20 22:17:11,completed,kakaopay,WELCOME10,5800,51900
53139,6019,2025-11-23 14:32:01,completed,card,XMAS25,39800,119500
53140,6019,2025-12-07 21:31:43,completed,kakaopay,,0,32500
53141,6025,2025-11-23 23:03:04,completed,naverpay,,0,60000
53142,6027,2025-11-26 00:02:32,completed,card,,0,111900
53143,6030,2025-12-07 13:28:22,completed,card,,0,144000
53144,6033,2025-11-23 18:58:24,completed,card,,0,478900
53145,6033,2025-12-13 19:25:09,completed,card,,0,33100
53146,6036,2025-12-30 21:24:10,cancelled,naverpay,,0,408900
53147,6036,2025-12-31 23:41:01,completed,naverpay,,0,411500
53148,6039,2025-11-28 18:32:42,refunded,card,XMAS25,53300,160000
53149,6048,2025-12-04 23:33:08,completed,kakaopay,WELCOME10,3200,29300
53150,6054,2025-11-26 20:15:02,completed,card,WELCOME10,5300,47700
53151,6056,2025-12-06 20:38:04,completed,card,WELCOME10,10400,94000
53152,6057,2025-11-24 23:28:25,completed,card,,0,45400
53153,6057,2025-11-25 21:01:38,completed,card,XMAS25,38300,114900
53154,6058,2025-12-23 17:34:58,completed,card,,0,300200
53155,6060,2025-11-28 22:33:11,completed,naverpay,,0,468800
53156,6063,2025-11-29 10:56:28,completed,card,,0,149300
53157,6067,2025-12-01 20:10:07,completed,kakaopay,,0,199800
53158,6068,2025-12-03 20:06:41,completed,naverpay,WELCOME10,20700,185900
53159,6076,2025-11-25 21:05:20,completed,kakaopay,,0,136200
53160,6078,2025-12-14 16:01:34,cancelled,card,,0,111300
53161,6079,2025-11-29 14:39:39,completed,card,,0,46600
53162,6080,2025-12-19 20:47:22,completed,kakaopay,,0,32500
53163,6082,2025-12-14 19:42:37,cancelled,kakaopay,WELCOME10,15400,139100
53164,6087,2025-12-10 19:04:58,cancelled,kakaopay,WELCOME10,15400,138400
53165,6087,2025-12-28 15:38:00,completed,bank_transfer,,0,144000
53166,6088,2025-12-03 11:15:46,completed,card,WELCOME10,27100,244100
53167,6090,2025-11-26 18:23:46,completed,card,XMAS25,35800,107500
53168,6090,2025-12-12 20:07:37,completed,card,,0,575100
53169,6090,2025-12-13 23:57:19,completed,card,,0,110200
53170,6095,2025-12-26 19:09:24,completed,card,,0,121000
53171,6102,2025-11-27 14:37:54,completed,card,WELCOME10,34300,308400
53172,6102,2025-12-06 21:13:22,refunded,kakaopay,XMAS25,62800,188600
53173,6103,2025-12-09 23:29:43,completed,kakaopay,,0,157300
53174,6103,2025-12-24 00:01:21,completed,card,,0,32500
53175,6104,2025-11-28 00:11:11,completed,card,WELCOME10,6700,60400
53176,6107,2025-12-14 14:35:15,completed,naverpay,,0,199600
53177,6107,2025-12-23 23:15:24,completed,naverpay,,0,59200
53178,6109,2025-11-27 17:13:21,completed,card,,0,149100
53179,6118,2025-12-12 19:34:59,completed,card,XMAS25,28900,86700
53180,6119,2025-12-09 23:54:04,completed,naverpay,,0,79000
53181,6124,2025-11-28 23:33:15,completed,card,,0,392000
53182,6127,2025-12-01 21:26:13,completed,card,,0,112600
53183,6132,2025-12-31 20:13:45,completed,kakaopay,,0,37400
53184,6135,2025-11-28 21:01:29,completed,kakaopay,,0,155200
53185,6135,2025-12-20 22:25:48,completed,card,,0,270600
53186,6138,2025-11-28 18:18:23,completed,bank_transfer,,0,33000
53187,6140,2025-12-01 18:15:06,completed,kakaopay,,0,17800
53188,6143,2025-12-09 23:14:06,completed,card,,0,436000
53189,6145,2025-11-29 23:47:04,completed,card,,0,112700
53190,6151,2025-12-21 00:06:15,completed,naverpay,,0,35600
53191,6152,2025-11-29 21:19:59,completed,naverpay,WELCOME10,20200,181300
53192,6154,2025-12-08 00:05:44,completed,kakaopay,XMAS25,11700,35200
53193,6156,2025-11-30 21:34:12,refunded,naverpay,,0,79000
53194,6162,2025-12-13 19:25:53,completed,naverpay,,0,90800
53195,6172,2025-11-30 18:45:26,completed,kakaopay,,0,256900
53196,6172,2025-12-06 18:19:11,cancelled,kakaopay,XMAS25,42300,127000
53197,6179,2025-11-30 19:43:42,completed,card,,0,109700
53198,6179,2025-12-04 20:13:58,completed,card,XMAS25,31000,93200
53199,6179,2025-12-17 23:28:02,completed,kakaopay,,0,539100
53200,6180,2025-12-30 18:35:28,completed,card,,0,57700
53201,6182,2025-11-30 14:51:49,completed,bank_transfer,WELCOME10,14400,129800
53202,6186,2025-12-09 19:21:18,completed,bank_transfer,WELCOME10,3300,29800
53203,6187,2025-11-30 16:47:31,completed,bank_transfer,WELCOME10,700,6200
53204,6193,2025-12-01 15:33:49,completed,card,WELCOME10,21300,191300
53205,6194,2025-12-15 18:11:30,refunded,card,WELCOME10,7900,71000
53206,6195,2025-12-01 23:43:01,completed,card,WELCOME10,15000,135200
53207,6197,2025-12-02 17:29:31,completed,bank_transfer,,0,276500
53208,6200,2025-12-01 19:48:57,completed,naverpay,,0,19900
53209,6203,2025-12-05 18:12:52,completed,card,,0,72000
53210,6214,2025-12-01 22:43:45,completed,card,WELCOME10,30900,278200
53211,6215,2025-12-01 19:27:43,completed,card,WELCOME10,7200,64900
53212,6216,2025-12-01 20:21:06,completed,kakaopay,WELCOME10,23200,208900
53213,6220,2025-12-02 20:03:52,completed,card,,0,64400
53214,6221,2025-12-02 23:58:21,refunded,kakaopay,WELCOME10,5800,52000
53215,6226,2025-12-02 23:11:12,refunded,bank_transfer,WELCOME10,28500,256600
53216,6226,2025-12-18 21:11:39,completed,card,,0,206400
53217,6227,2025-12-02 17:09:38,completed,kakaopay,,0,32500
53218,6227,2025-12-07 21:39:25,completed,card,,0,32500
53219,6227,2025-12-07 23:13:24,completed,naverpay,XMAS25,2000,5800
53220,6229,2025-12-20 15:18:13,completed,bank_transfer,WELCOME10,4700,41900
53221,6230,2025-12-21 17:25:23,completed,naverpay,,0,33100
53222,6231,2025-12-29 18:05:45,cancelled,card,,0,165400
53223,6231,2025-12-30 20:54:57,completed,bank_transfer,XMAS25,10800,32200
53224,6236,2025-12-21 23:23:29,refunded,card,WELCOME10,24000,216100
53225,6240,2025-12-13 23:48:35,completed,card,WELCOME10,12600,113700
53226,6243,2025-12-15 17:54:00,completed,card,XMAS25,26800,80300
53227,6244,2025-12-15 23:32:44,completed,card,,0,46600
53228,6247,2025-12-05 15:05:38,refunded,card,,0,314700
53229,6253,2025-12-31 00:03:18,completed,naverpay,XMAS25,16200,48800
53230,6256,2025-12-03 16:49:17,completed,kakaopay,,0,311400
53231,6257,2025-12-04 22:44:23,completed,kakaopay,,0,443500
53232,6259,2025-12-03 13:54:01,completed,card,,0,267700
53233,6261,2025-12-03 23:39:09,completed,card,,0,6900
53234,6265,2025-12-21 16:18:30,completed,bank_transfer,WELCOME10,4900,44500
53235,6266,2025-12-04 23:19:26,completed,card,WELCOME10,3200,29300
53236,6266,2025-12-16 23:28:55,completed,kakaopay,,0,210300
53237,6270,2025-12-04 15:14:00,completed,kakaopay,WELCOME10,34600,311800
53238,6270,2025-12-06 19:38:57,completed,card,,0,269500
53239,6273,2025-12-05 16:59:28,completed,card,WELCOME10,45900,412700
53240,6273,2025-12-17 12:13:07,refunded,bank_transfer,,0,62500
53241,6273,2025-12-18 12:00:56,completed,card,,0,35000
53242,6278,2025-12-21 21:15:30,completed,kakaopay,,0,219400
53243,6279,2025-12-14 00:03:27,completed,card,WELCOME10,9800,87700
53244,6283,2025-12-09 18:55:22,completed,bank_transfer,XMAS25,23200,69400
53245,6284,2025-12-09 20:40:31,cancelled,kakaopay,,0,143800
53246,6284,2025-12-30 23:53:57,completed,card,XMAS25,17700,53100
53247,6285,2025-12-06 19:27:03,completed,kakaopay,WELCOME10,80600,725000
53248,6286,2025-12-19 23:07:03,completed,card,,0,65000
53249,6287,2025-12-04 19:16:15,completed,bank_transfer,WELCOME10,1400,12400
53250,6290,2025-12-13 15:24:21,completed,card,,0,506500
53251,6291,2025-12-11 21:43:12,completed,card,WELCOME10,21500,193800
53252,6293,2025-12-04 19:12:00,completed,kakaopay,WELCOME10,35300,318100
53253,6296,2025-12-13 21:37:07,cancelled,kakaopay,,0,14300
53254,6300,2025-12-05 18:25:34,completed,card,WELCOME10,12800,115400
53255,6302,2025-12-05 19:10:04,completed,card,WELCOME10,19200,172700
53256,6304,2025-12-09 21:20:20,completed,card,,0,148200
53257,6306,2025-12-15 23:50:19,completed,card,WELCOME10,20000,179600
53258,6307,2025-12-05 14:45:31,completed,card,WELCOME10,4500,40900
53259,6309,2025-12-05 23:20:07,cancelled,card,WELCOME10,3600,32500
53260,6310,2025-12-15 16:06:39,cancelled,kakaopay,WELCOME10,6600,59900
53261,6314,2025-12-05 13:34:45,completed,naverpay,WELCOME10,9100,81700
53262,6320,2025-12-06 19:51:06,completed,naverpay,WELCOME10,7300,65800
53263,6325,2025-12-06 16:11:39,completed,naverpay,XMAS25,1900,5800
53264,6326,2025-12-05 18:47:03,completed,bank_transfer,WELCOME10,42100,378500
53265,6330,2025-12-06 20:15:09,completed,bank_transfer,,0,87000
53266,6330,2025-12-19 15:11:15,completed,card,,0,162500
53267,6330,2025-12-28 17:12:19,completed,naverpay,,0,252100
53268,6332,2025-12-11 19:19:44,completed,naverpay,,0,70800
53269,6336,2025-12-12 15:47:10,refunded,naverpay,,0,335700
53270,6338,2025-12-25 22:02:52,completed,kakaopay,,0,12400
53271,6344,2025-12-06 22:02:08,completed,kakaopay,WELCOME10,22800,205500
53272,6345,2025-12-24 23:49:29,completed,kakaopay,,0,228900
53273,6347,2025-12-24 09:34:01,completed,kakaopay,,0,412600
53274,6353,2025-12-20 23:34:08,completed,card,,0,285700
53275,6354,2025-12-06 18:19:00,completed,card,WELCOME10,15900,142900
53276,6355,2025-12-06 23:05:13,completed,kakaopay,,0,70400
53277,6356,2025-12-07 00:02:25,cancelled,card,,0,241700
53278,6358,2025-12-06 17:47:48,completed,naverpay,,0,272900
53279,6362,2025-12-07 18:41:08,completed,bank_transfer,,0,137000
53280,6363,2025-12-21 19:11:56,completed,card,WELCOME10,5900,53300
53281,6366,2025-12-07 16:01:35,completed,card,,0,229400
53282,6366,2025-12-09 15:30:33,completed,card,,0,60900
53283,6366,2025-12-10 18:58:05,completed,kakaopay,,0,214600
53284,6366,2025-12-11 23:08:12,completed,kakaopay,,0,65000
53285,6368,2025-12-07 10:09:59,cancelled,bank_transfer,,0,57800
53286,6369,2025-12-07 13:55:54,cancelled,kakaopay,WELCOME10,3200,29300
53287,6369,2025-12-18 17:15:25,completed,naverpay,,0,57800
53288,6372,2025-12-07 19:33:55,completed,kakaopay,WELCOME10,38200,344300
53289,6380,2025-12-07 17:56:29,refunded,card,WELCOME10,5900,53300
53290,6382,2025-12-12 23:00:36,completed,card,,0,126300
53291,6384,2025-12-11 21:53:28,completed,naverpay,,0,26000
53292,6387,2025-12-08 17:40:50,completed,card,WELCOME10,10100,90700
53293,6394,2025-12-08 23:59:59,completed,card,,0,205800
53294,6403,2025-12-08 17:38:15,completed,kakaopay,,0,98700
53295,6403,2025-12-13 17:50:12,completed,naverpay,,0,77700
53296,6404,2025-12-23 19:42:03,completed,card,WELCOME10,53500,481900
53297,6405,2025-12-23 21:15:25,completed,kakaopay,,0,158800
53298,6409,2025-12-11 19:37:09,refunded,kakaopay,XMAS25,50700,152000
53299,6409,2025-12-13 21:03:09,completed,kakaopay,,0,53000
53300,6412,2025-12-09 13:41:43,completed,card,WELCOME10,3200,29300
53301,6412,2025-12-15 19:22:39,completed,bank_transfer,,0,16900
53302,6415,2025-12-11 15:52:00,completed,naverpay,,0,228900
53303,6418,2025-12-27 17:39:30,completed,card,WELCOME10,12800,115400
53304,6419,2025-12-09 13:23:56,completed,naverpay,WELCOME10,11000,99400
53305,6428,2025-12-24 15:31:36,completed,card,WELCOME10,49400,444200
53306,6433,2025-12-10 23:07:48,completed,card,,0,411500
53307,6433,2025-12-22 23:43:32,completed,card,,0,55800
53308,6438,2025-12-12 15:15:48,completed,kakaopay,WELCOME10,12600,113700
53309,6439,2025-12-18 23:29:38,completed,card,,0,200800
53310,6443,2025-12-20 23:46:01,completed,naverpay,,0,28600
53311,6445,2025-12-24 15:13:51,completed,bank_transfer,WELCOME10,2800,24700
53312,6451,2025-12-11 16:29:21,cancelled,card,,0,163700
53313,6452,2025-12-30 20:20:20,cancelled,card,WELCOME10,40300,362500
53314,6454,2025-12-11 22:07:19,completed,kakaopay,,0,128200
53315,6456,2025-12-13 21:50:18,completed,card,XMAS25,31600,94700
53316,6456,2025-12-29 21:59:20,completed,card,,0,190200
53317,6463,2025-12-11 14:38:45,completed,naverpay,,0,123600
53318,6467,2025-12-28 00:08:40,cancelled,card,,0,153700
53319,6469,2025-12-14 22:36:10,completed,kakaopay,,0,172000
53320,6469,2025-12-18 22:42:13,completed,card,,0,201900
53321,6471,2025-12-12 23:36:10,completed,naverpay,,0,100400
53322,6473,2025-12-15 16:28:49,completed,kakaopay,,0,530800
53323,6481,2025-12-12 23:59:44,completed,kakaopay,WELCOME10,7100,63700
53324,6481,2025-12-17 23:14:24,completed,card,,0,296200
53325,6487,2025-12-27 23:34:24,completed,naverpay,WELCOME10,19700,177700
53326,6490,2025-12-12 16:06:46,completed,card,WELCOME10,6700,60700
53327,6491,2025-12-13 00:16:21,completed,kakaopay,,0,158800
53328,6491,2025-12-29 23:10:05,refunded,kakaopay,,0,115400
53329,6494,2025-12-12 15:17:45,completed,card,,0,242800
53330,6503,2025-12-13 19:59:38,completed,kakaopay,WELCOME10,18300,165100
53331,6504,2025-12-20 18:03:06,completed,card,WELCOME10,28300,255100
53332,6506,2025-12-20 00:07:40,completed,kakaopay,,0,311400
53333,6507,2025-12-17 00:10:15,completed,kakaopay,,0,806300
53334,6510,2025-12-13 20:35:41,completed,card,,0,80400
53335,6511,2025-12-29 21:54:20,completed,naverpay,,0,354400
53336,6512,2025-12-21 21:55:47,completed,naverpay,WELCOME10,26800,241300
53337,6517,2025-12-18 16:06:17,completed,kakaopay,WELCOME10,25700,231200
53338,6518,2025-12-13 17:36:19,completed,naverpay,WELCOME10,58100,523100
53339,6530,2025-12-28 20:56:01,completed,card,,0,81600
53340,6533,2025-12-14 23:03:16,refunded,card,,0,827100
53341,6533,2025-12-19 21:51:34,completed,naverpay,,0,513800
53342,6544,2025-12-14 16:01:54,completed,naverpay,WELCOME10,67800,610000
53343,6545,2025-12-14 19:23:44,completed,card,WELCOME10,23500,211700
53344,6546,2025-12-14 22:23:14,completed,card,,0,282300
53345,6548,2025-12-19 23:31:04,completed,card,WELCOME10,9800,87700
53346,6548,2025-12-27 23:46:03,completed,bank_transfer,,0,46300
53347,6551,2025-12-24 18:06:21,completed,naverpay,WELCOME10,13100,117500
53348,6553,2025-12-14 23:57:50,completed,naverpay,,0,126300
53349,6554,2025-12-31 20:57:07,completed,card,,0,79000
53350,6556,2025-12-29 21:56:28,completed,card,WELCOME10,7900,70900
53351,6561,2025-12-15 23:15:57,completed,card,,0,10600
53352,6562,2025-12-28 00:12:20,completed,card,WELCOME10,17200,155200
53353,6568,2025-12-15 23:37:58,completed,bank_transfer,,0,55800
53354,6571,2025-12-15 21:31:32,completed,naverpay,WELCOME10,32800,295600
53355,6571,2025-12-17 15:09:13,completed,card,,0,341400
53356,6573,2025-12-18 23:54:38,refunded,kakaopay,WELCOME10,13000,116800
53357,6579,2025-12-20 00:05:38,completed,card,WELCOME10,11800,106700
53358,6581,2025-12-25 00:02:52,cancelled,card,XMAS25,15000,45000
53359,6585,2025-12-16 21:12:01,cancelled,kakaopay,XMAS25,41200,123600
53360,6586,2025-12-21 23:09:26,completed,card,WELCOME10,18200,163700
53361,6589,2025-12-16 17:12:18,completed,card,WELCOME10,39900,359300
53362,6590,2025-12-19 19:23:53,completed,card,WELCOME10,25700,231200
53363,6591,2025-12-18 23:36:04,cancelled,card,WELCOME10,7200,65000
53364,6594,2025-12-16 16:10:36,completed,naverpay,,0,33100
53365,6600,2025-12-16 15:29:55,refunded,kakaopay,,0,261400
53366,6618,2025-12-17 18:18:17,completed,kakaopay,,0,443200
53367,6627,2025-12-27 17:13:52,completed,card,WELCOME10,5800,52000
53368,6627,2025-12-28 20:44:54,completed,naverpay,XMAS25,11600,35000
53369,6629,2025-12-17 19:19:06,completed,card,,0,131300
53370,6629,2025-12-19 22:22:11,completed,naverpay,XMAS25,134400,403100
53371,6630,2025-12-17 15:03:13,completed,card,WELCOME10,4700,42600
53372,6631,2025-12-17 20:25:04,completed,kakaopay,WELCOME10,15900,142900
53373,6637,2025-12-17 21:09:59,completed,kakaopay,,0,97500
53374,6642,2025-12-20 19:20:58,completed,card,WELCOME10,11600,104900
53375,6649,2025-12-18 16:34:45,completed,kakaopay,,0,31800
53376,6651,2025-12-27 18:44:31,completed,kakaopay,,0,74200
53377,6653,2025-12-24 23:20:11,completed,kakaopay,WELCOME10,16800,151200
53378,6658,2025-12-20 21:19:38,completed,card,WELCOME10,4000,36500
53379,6660,2025-12-18 16:40:36,completed,naverpay,,0,454800
53380,6661,2025-12-18 18:13:53,completed,bank_transfer,WELCOME10,5800,52000
53381,6669,2025-12-19 14:30:34,completed,naverpay,,0,421800
53382,6675,2025-12-19 19:35:45,completed,bank_transfer,,0,515000
53383,6678,2025-12-24 19:06:01,cancelled,card,WELCOME10,16100,144600
53384,6679,2025-12-21 18:09:21,completed,kakaopay,WELCOME10,3500,31500
53385,6682,2025-12-19 16:40:14,cancelled,kakaopay,WELCOME10,7000,63400
53386,6682,2025-12-24 00:03:41,completed,card,,0,53700
53387,6684,2025-12-28 16:37:11,completed,kakaopay,,0,126300
53388,6691,2025-12-20 10:10:59,completed,card,,0,469300
53389,6696,2025-12-23 23:16:34,completed,card,WELCOME10,99800,897700
53390,6697,2025-12-20 20:18:03,completed,naverpay,,0,65000
53391,6698,2025-12-20 21:04:53,completed,naverpay,WELCOME10,13900,124800
53392,6703,2025-12-25 20:21:51,completed,naverpay,,0,100400
53393,6711,2025-12-21 08:13:37,completed,naverpay,WELCOME10,5800,51900
53394,6712,2025-12-27 21:02:11,completed,bank_transfer,WELCOME10,6200,56100
53395,6714,2025-12-21 20:46:15,completed,naverpay,,0,187300
53396,6714,2025-12-24 16:23:25,completed,card,,0,367700
53397,6715,2025-12-28 22:09:14,completed,card,,0,607300
53398,6716,2025-12-21 23:31:00,completed,naverpay,WELCOME10,3300,29800
53399,6723,2025-12-21 23:18:18,cancelled,kakaopay,,0,243600
53400,6724,2025-12-26 12:37:51,completed,kakaopay,,0,228300
53401,6732,2025-12-21 20:55:17,completed,card,WELCOME10,12500,112900
53402,6738,2025-12-21 19:07:56,completed,card,XMAS25,82900,248700
53403,6757,2025-12-30 12:54:15,cancelled,card,,0,24400
53404,6761,2025-12-23 13:24:32,completed,naverpay,WELCOME10,4700,41900
53405,6764,2025-12-28 17:30:22,completed,kakaopay,XMAS25,32200,96400
53406,6775,2025-12-23 20:30:48,completed,card,WELCOME10,9800,88100
53407,6780,2025-12-23 22:54:59,completed,kakaopay,WELCOME10,15600,140800
53408,6782,2025-12-25 23:43:03,completed,kakaopay,,0,57700
53409,6784,2025-12-23 20:34:18,completed,card,WELCOME10,40300,362500
53410,6785,2025-12-24 00:02:58,completed,card,XMAS25,159000,476900
53411,6787,2025-12-24 20:45:53,completed,kakaopay,,0,17500
53412,6790,2025-12-24 16:53:50,completed,kakaopay,,0,39800
53413,6794,2025-12-25 21:18:38,completed,naverpay,,0,382800
53414,6795,2025-12-24 23:10:45,completed,card,WELCOME10,10400,93300
53415,6797,2025-12-24 18:26:50,completed,naverpay,WELCOME10,95000,854800
53416,6812,2025-12-25 18:31:07,refunded,card,XMAS25,6400,19200
53417,6830,2025-12-30 19:20:29,completed,naverpay,,0,656300
53418,6838,2025-12-26 22:53:13,completed,card,WELCOME10,4800,43100
53419,6839,2025-12-26 21:55:04,completed,card,,0,323700
53420,6841,2025-12-27 19:07:26,completed,kakaopay,WELCOME10,40300,362500
53421,6843,2025-12-26 19:15:51,completed,kakaopay,,0,305500
53422,6848,2025-12-26 20:54:57,completed,card,,0,338900
53423,6855,2025-12-27 17:20:44,completed,kakaopay,XMAS25,6900,20600
53424,6857,2025-12-31 22:31:02,completed,naverpay,WELCOME10,31000,279400
53425,6859,2025-12-27 15:08:05,completed,naverpay,,0,72100
53426,6867,2025-12-27 14:38:45,cancelled,card,WELCOME10,26900,241900
53427,6879,2025-12-27 18:07:20,completed,kakaopay,WELCOME10,57900,520900
53428,6881,2025-12-28 18:39:02,completed,naverpay,WELCOME10,15800,142200
53429,6890,2025-12-30 22:53:27,cancelled,naverpay,,0,153300
53430,6894,2025-12-28 23:38:20,completed,kakaopay,,0,256900
53431,6898,2025-12-31 16:59:09,completed,card,WELCOME10,26600,239200
53432,6900,2025-12-29 19:27:14,completed,card,,0,13800
53433,6903,2025-12-30 19:45:08,refunded,kakaopay,,0,308500
53434,6936,2025-12-30 21:36:27,completed,kakaopay,WELCOME10,7200,64900
53435,6945,2025-12-30 17:36:20,completed,card,,0,205600
53436,6952,2025-12-30 19:04:42,completed,kakaopay,,0,88300
53437,6953,2025-12-31 00:03:53,completed,kakaopay,,0,133500
53438,6954,2025-12-31 23:18:08,completed,card,,0,419000
53439,6956,2025-12-30 19:55:10,completed,card,XMAS25,8200,24700
53440,6966,2025-12-31 22:07:15,completed,kakaopay,WELCOME10,46900,421800
53441,6968,2025-12-31 23:33:36,completed,card,,0,175200
53442,6973,2025-12-31 17:48:53,completed,naverpay,WELCOME10,49600,446600
53443,6975,2025-12-31 21:52:23,completed,kakaopay,,0,13800
53444,6987,2025-12-31 21:46:07,refunded,naverpay,WELCOME10,14200,128200
53445,6989,2025-12-31 22:44:31,completed,bank_transfer,WELCOME10,12000,108400
