order_item_id,order_id,product_id,quantity,unit_price
1,50001,10,1,126300
2,50001,1,1,202700
3,50002,142,1,23800
4,50002,92,1,32500
5,50003,92,1,32500
6,50004,66,1,72100
7,50005,77,1,16000
8,50006,92,3,32500
9,50007,92,1,32500
10,50007,41,2,87100
11,50008,15,1,210300
12,50009,62,1,46600
13,50010,121,1,26000
14,50010,16,1,73600
15,50011,34,2,60900
16,50011,127,1,19900
17,50012,5,1,52800
18,50013,92,1,32500
19,50013,8,1,256900
20,50014,48,1,84500
21,50015,92,3,32500
22,50016,96,1,40300
23,50017,89,2,10600
24,50017,142,2,23800
25,50018,99,1,27500
26,50018,107,1,57800
27,50019,46,2,118200
28,50020,95,1,16400
29,50020,10,2,126300
30,50021,121,1,26000
31,50022,76,1,12400
32,50023,107,3,57800
33,50023,99,1,27500
34,50024,105,2,128200
35,50024,61,1,50200
36,50025,92,2,32500
37,50026,65,1,60000
38,50026,129,1,24400
39,50027,10,1,126300
40,50027,105,1,128200
41,50027,119,1,55800
42,50027,17,1,188600
43,50027,40,2,100400
44,50028,101,2,109700
45,50028,139,1,30800
46,50028,25,2,114700
47,50029,66,2,72100
48,50030,12,2,402800
49,50030,78,2,42000
50,50031,106,1,70400
51,50031,107,1,57800
52,50032,23,1,311400
53,50032,106,1,70400
54,50033,12,1,402800
55,50034,10,1,126300
56,50035,66,2,72100
57,50036,10,1,126300
58,50036,87,1,45400
59,50036,8,2,256900
60,50036,92,1,32500
61,50037,98,2,16900
62,50038,101,2,109700
63,50038,92,3,32500
64,50039,66,1,72100
65,50040,52,1,6900
66,50040,121,2,26000
67,50041,99,1,27500
68,50041,12,1,402800
69,50041,101,2,109700
70,50042,12,1,402800
71,50043,133,2,25900
72,50043,102,3,116200
73,50044,80,2,36100
74,50044,15,2,210300
75,50045,12,1,402800
76,50045,39,2,70800
77,50046,92,1,32500
78,50047,37,2,29100
79,50047,142,2,23800
80,50048,56,2,72000
81,50049,119,2,55800
82,50050,130,1,26100
83,50051,12,1,402800
84,50052,10,2,126300
85,50052,101,1,109700
86,50052,53,1,72500
87,50053,95,2,16400
88,50053,90,1,33100
89,50054,102,1,116200
90,50055,10,2,126300
91,50055,69,1,14200
92,50056,15,1,210300
93,50057,56,1,72000
94,50058,40,1,100400
95,50058,14,1,267700
96,50059,101,1,109700
97,50060,52,1,6900
98,50060,137,2,43800
99,50061,94,2,15700
100,50061,92,2,32500
101,50062,18,1,59200
102,50063,46,1,118200
103,50064,92,2,32500
104,50065,90,1,33100
105,50066,52,1,6900
106,50066,92,1,32500
107,50067,77,2,16000
108,50068,28,2,17800
109,50069,89,1,10600
110,50069,15,1,210300
111,50070,19,1,215300
112,50070,14,1,267700
113,50070,39,1,70800
114,50071,71,2,25600
115,50071,44,1,66500
116,50071,70,1,35000
117,50071,7,1,199600
118,50072,98,1,16900
119,50072,25,1,114700
120,50073,89,5,10600
121,50073,30,1,172400
122,50074,92,3,32500
123,50074,95,1,16400
124,50075,34,2,60900
125,50075,68,1,32900
126,50076,129,1,24400
127,50076,105,1,128200
128,50076,19,3,215300
129,50077,66,1,72100
130,50078,95,2,16400
131,50078,12,1,402800
132,50078,8,1,256900
133,50079,119,1,55800
134,50079,70,2,35000
135,50079,12,1,402800
136,50080,132,1,57700
137,50081,107,1,57800
138,50082,48,1,84500
139,50083,92,1,32500
140,50083,56,1,72000
141,50084,92,2,32500
142,50084,105,1,128200
143,50085,92,1,32500
144,50086,10,1,126300
145,50086,132,1,57700
146,50086,99,1,27500
147,50087,78,1,42000
148,50087,92,1,32500
149,50088,14,1,267700
150,50089,92,1,32500
151,50089,105,1,128200
152,50090,95,3,16400
153,50091,48,1,84500
154,50091,92,1,32500
155,50091,10,1,126300
156,50092,52,1,6900
157,50092,46,1,118200
158,50093,78,2,42000
159,50093,132,1,57700
160,50094,50,1,19500
161,50095,48,1,84500
162,50095,12,1,402800
163,50096,103,2,29600
164,50097,95,1,16400
165,50098,45,1,205600
166,50099,100,1,92600
167,50099,92,1,32500
168,50100,56,2,72000
169,50100,10,2,126300
170,50101,106,1,70400
171,50101,77,1,16000
172,50102,25,2,114700
173,50103,92,1,32500
174,50104,10,2,126300
175,50104,92,2,32500
176,50105,107,1,57800
177,50105,43,2,104400
178,50105,88,1,18300
179,50105,127,2,19900
180,50106,75,2,8600
181,50107,81,1,42200
182,50107,10,1,126300
183,50108,34,1,60900
184,50108,52,1,6900
185,50108,8,2,256900
186,50109,7,1,199600
187,50109,92,1,32500
188,50110,101,1,109700
189,50111,101,1,109700
190,50112,92,1,32500
191,50113,10,1,126300
192,50114,9,1,84800
193,50115,127,1,19900
194,50115,99,1,27500
195,50116,12,1,402800
196,50116,34,1,60900
197,50117,66,1,72100
198,50117,92,1,32500
199,50118,35,2,92500
200,50119,90,1,33100
201,50119,92,4,32500
202,50119,98,1,16900
203,50120,45,1,205600
204,50120,28,1,17800
205,50120,66,1,72100
206,50121,39,1,70800
207,50122,15,1,210300
208,50122,101,1,109700
209,50122,10,1,126300
210,50123,132,1,57700
211,50123,28,1,17800
212,50123,8,2,256900
213,50124,45,2,205600
214,50124,99,1,27500
215,50125,92,3,32500
216,50126,1,1,202700
217,50126,20,2,211300
218,50126,138,1,39800
219,50127,3,1,375700
220,50128,52,1,6900
221,50129,106,1,70400
222,50130,10,1,126300
223,50131,106,2,70400
224,50131,103,1,29600
225,50132,92,4,32500
226,50132,142,1,23800
227,50132,106,1,70400
228,50133,30,2,172400
229,50134,75,3,8600
230,50135,12,1,402800
231,50135,56,2,72000
232,50136,127,1,19900
233,50136,90,1,33100
234,50137,8,1,256900
235,50138,18,2,59200
236,50138,40,1,100400
237,50139,92,3,32500
238,50139,70,1,35000
239,50140,119,2,55800
240,50140,21,3,335700
241,50141,56,1,72000
242,50142,28,1,17800
243,50143,106,1,70400
244,50144,15,1,210300
245,50144,94,1,15700
246,50145,115,1,21600
247,50145,105,1,128200
248,50145,21,1,335700
249,50146,95,1,16400
250,50146,66,1,72100
251,50146,79,3,21500
252,50147,52,1,6900
253,50148,22,1,103700
254,50148,28,1,17800
255,50148,109,1,14300
256,50149,8,1,256900
257,50149,110,2,109000
258,50150,92,1,32500
259,50150,66,1,72100
260,50151,141,1,40000
261,50151,92,2,32500
262,50152,119,2,55800
263,50152,26,2,47100
264,50153,92,1,32500
265,50153,25,1,114700
266,50154,79,3,21500
267,50154,2,1,154500
268,50155,83,2,37400
269,50156,8,2,256900
270,50157,87,1,45400
271,50157,92,1,32500
272,50158,65,1,60000
273,50158,18,2,59200
274,50158,101,1,109700
275,50159,62,3,46600
276,50159,33,2,92800
277,50160,92,1,32500
278,50160,62,2,46600
279,50161,62,1,46600
280,50162,15,1,210300
281,50162,92,3,32500
282,50163,83,2,37400
283,50164,107,1,57800
284,50164,67,1,43100
285,50164,52,1,6900
286,50165,107,1,57800
287,50165,109,2,14300
288,50166,132,1,57700
289,50166,101,1,109700
290,50167,18,1,59200
291,50167,92,1,32500
292,50168,95,3,16400
293,50168,98,1,16900
294,50168,52,1,6900
295,50168,101,1,109700
296,50169,38,3,93500
297,50169,3,1,375700
298,50169,56,1,72000
299,50170,139,1,30800
300,50171,142,1,23800
301,50171,40,1,100400
302,50171,107,1,57800
303,50172,90,1,33100
304,50172,57,1,61600
305,50172,106,1,70400
306,50172,54,1,84400
307,50172,92,1,32500
308,50173,127,1,19900
309,50173,111,1,79000
310,50174,23,1,311400
311,50174,39,1,70800
312,50174,92,1,32500
313,50175,97,1,38300
314,50175,69,1,14200
315,50176,5,2,52800
316,50177,23,1,311400
317,50177,132,1,57700
318,50178,45,1,205600
319,50179,66,2,72100
320,50180,87,2,45400
321,50180,90,1,33100
322,50180,86,2,7700
323,50180,78,1,42000
324,50181,34,3,60900
325,50182,45,1,205600
326,50182,56,1,72000
327,50183,39,1,70800
328,50184,18,2,59200
329,50184,65,1,60000
330,50185,107,1,57800
331,50185,10,2,126300
332,50186,15,2,210300
333,50187,92,1,32500
334,50188,90,2,33100
335,50188,119,1,55800
336,50189,89,2,10600
337,50190,40,1,100400
338,50190,106,2,70400
339,50190,23,1,311400
340,50191,88,2,18300
341,50191,15,1,210300
342,50191,90,2,33100
343,50192,92,1,32500
344,50192,8,1,256900
345,50193,27,1,124200
346,50194,28,1,17800
347,50195,90,4,33100
348,50196,90,3,33100
349,50197,92,1,32500
350,50197,98,2,16900
351,50197,142,1,23800
352,50198,41,2,87100
353,50199,12,1,402800
354,50199,91,3,8200
355,50200,117,1,125200
356,50200,92,4,32500
357,50201,25,2,114700
358,50201,98,1,16900
359,50201,10,1,126300
360,50202,102,1,116200
361,50202,8,1,256900
362,50203,18,1,59200
363,50204,92,2,32500
364,50204,75,1,8600
365,50204,83,2,37400
366,50205,132,1,57700
367,50206,95,1,16400
368,50206,142,2,23800
369,50207,10,1,126300
370,50208,23,1,311400
371,50209,15,2,210300
372,50210,91,1,8200
373,50210,92,3,32500
374,50211,38,1,93500
375,50212,119,1,55800
376,50213,45,2,205600
377,50214,66,1,72100
378,50215,106,1,70400
379,50216,8,1,256900
380,50216,101,1,109700
381,50217,92,2,32500
382,50217,10,2,126300
383,50218,92,3,32500
384,50219,60,1,23500
385,50220,115,1,21600
386,50220,62,1,46600
387,50221,139,1,30800
388,50221,4,2,184600
389,50222,119,1,55800
390,50222,33,1,92800
391,50222,56,1,72000
392,50223,52,1,6900
393,50224,107,1,57800
394,50225,12,1,402800
395,50225,95,1,16400
396,50226,133,1,25900
397,50227,92,2,32500
398,50228,8,1,256900
399,50228,106,1,70400
400,50229,132,1,57700
401,50230,39,1,70800
402,50231,77,2,16000
403,50231,90,2,33100
404,50232,38,1,93500
405,50233,90,1,33100
406,50234,23,1,311400
407,50234,15,1,210300
408,50235,23,1,311400
409,50236,56,1,72000
410,50236,119,1,55800
411,50237,129,1,24400
412,50237,12,1,402800
413,50237,117,1,125200
414,50238,119,1,55800
415,50238,99,1,27500
416,50238,132,1,57700
417,50239,92,2,32500
418,50240,56,1,72000
419,50241,44,1,66500
420,50241,142,1,23800
421,50241,10,1,126300
422,50242,10,2,126300
423,50243,101,1,109700
424,50244,45,2,205600
425,50245,52,1,6900
426,50245,109,1,14300
427,50246,107,1,57800
428,50246,92,1,32500
429,50247,84,2,14600
430,50247,106,1,70400
431,50248,92,3,32500
432,50249,99,1,27500
433,50249,92,3,32500
434,50250,119,2,55800
435,50250,43,1,104400
436,50251,92,2,32500
437,50251,27,1,124200
438,50252,138,1,39800
439,50252,28,2,17800
440,50253,105,1,128200
441,50254,119,1,55800
442,50255,119,1,55800
443,50256,10,1,126300
444,50256,119,1,55800
445,50257,26,1,47100
446,50257,106,1,70400
447,50258,123,1,23700
448,50259,61,1,50200
449,50259,78,2,42000
450,50260,117,1,125200
451,50261,18,1,59200
452,50262,66,1,72100
453,50263,92,1,32500
454,50264,92,1,32500
455,50265,10,2,126300
456,50265,90,2,33100
457,50266,92,3,32500
458,50267,12,1,402800
459,50268,92,2,32500
460,50269,132,1,57700
461,50270,109,1,14300
462,50270,40,2,100400
463,50271,66,1,72100
464,50271,92,1,32500
465,50272,105,1,128200
466,50272,119,1,55800
467,50272,127,1,19900
468,50272,70,1,35000
469,50273,18,1,59200
470,50274,15,1,210300
471,50274,10,1,126300
472,50274,66,2,72100
473,50274,40,1,100400
474,50275,12,1,402800
475,50276,12,1,402800
476,50276,86,3,7700
477,50276,52,2,6900
478,50277,111,1,79000
479,50277,28,1,17800
480,50278,52,1,6900
481,50279,56,1,72000
482,50280,90,1,33100
483,50280,65,2,60000
484,50281,43,1,104400
485,50281,64,1,56600
486,50282,14,1,267700
487,50283,101,1,109700
488,50284,23,1,311400
489,50285,100,1,92600
490,50285,107,1,57800
491,50285,15,2,210300
492,50286,87,2,45400
493,50286,107,1,57800
494,50286,90,2,33100
495,50287,40,1,100400
496,50288,41,1,87100
497,50289,22,1,103700
498,50289,12,2,402800
499,50290,75,2,8600
500,50291,10,1,126300
501,50292,119,1,55800
502,50292,56,1,72000
503,50293,10,2,126300
504,50294,95,1,16400
505,50294,66,4,72100
506,50295,107,2,57800
507,50295,52,1,6900
508,50296,66,1,72100
509,50297,30,1,172400
510,50298,62,1,46600
511,50299,10,2,126300
512,50300,114,1,97800
513,50300,45,2,205600
514,50301,92,4,32500
515,50302,139,3,30800
516,50303,48,1,84500
517,50304,92,2,32500
518,50305,92,2,32500
519,50305,99,1,27500
520,50305,87,2,45400
521,50306,10,1,126300
522,50307,92,1,32500
523,50307,22,3,103700
524,50307,79,3,21500
525,50307,45,1,205600
526,50307,23,2,311400
527,50308,52,1,6900
528,50309,18,1,59200
529,50310,23,2,311400
530,50311,92,3,32500
531,50311,132,1,57700
532,50312,98,1,16900
533,50312,40,1,100400
534,50313,10,1,126300
535,50313,89,1,10600
536,50314,127,1,19900
537,50314,78,2,42000
538,50315,29,1,40500
539,50315,115,1,21600
540,50316,10,2,126300
541,50317,135,1,44200
542,50317,23,2,311400
543,50318,130,2,26100
544,50319,10,1,126300
545,50319,42,2,205700
546,50320,92,1,32500
547,50320,106,1,70400
548,50320,15,1,210300
549,50321,9,1,84800
550,50322,65,2,60000
551,50322,10,1,126300
552,50323,18,1,59200
553,50323,132,1,57700
554,50324,49,1,51200
555,50324,77,1,16000
556,50324,83,2,37400
557,50324,100,1,92600
558,50325,92,3,32500
559,50325,66,1,72100
560,50325,10,1,126300
561,50326,15,1,210300
562,50327,68,1,32900
563,50327,130,1,26100
564,50327,92,3,32500
565,50327,12,2,402800
566,50328,10,1,126300
567,50328,92,1,32500
568,50328,61,1,50200
569,50329,8,1,256900
570,50330,1,1,202700
571,50331,119,1,55800
572,50331,78,1,42000
573,50332,8,1,256900
574,50333,92,1,32500
575,50333,4,1,184600
576,50334,119,1,55800
577,50334,92,2,32500
578,50335,66,3,72100
579,50336,12,1,402800
580,50336,92,1,32500
581,50337,14,1,267700
582,50338,44,1,66500
583,50339,80,2,36100
584,50339,52,1,6900
585,50340,39,1,70800
586,50340,92,1,32500
587,50341,27,2,124200
588,50341,100,2,92600
589,50342,45,2,205600
590,50343,71,1,25600
591,50343,23,1,311400
592,50344,39,2,70800
593,50345,102,1,116200
594,50345,64,2,56600
595,50346,12,2,402800
596,50346,82,1,16500
597,50347,38,3,93500
598,50348,107,1,57800
599,50349,90,2,33100
600,50350,66,1,72100
601,50350,111,1,79000
602,50351,70,2,35000
603,50352,23,1,311400
604,50352,12,1,402800
605,50353,18,1,59200
606,50353,40,1,100400
607,50354,92,1,32500
608,50355,10,1,126300
609,50355,144,2,43400
610,50356,92,2,32500
611,50357,107,1,57800
612,50358,90,1,33100
613,50358,5,1,52800
614,50359,119,1,55800
615,50359,23,1,311400
616,50359,92,2,32500
617,50360,119,2,55800
618,50360,92,3,32500
619,50361,90,2,33100
620,50361,109,1,14300
621,50362,119,1,55800
622,50363,132,1,57700
623,50363,107,1,57800
624,50363,92,2,32500
625,50364,62,1,46600
626,50365,132,1,57700
627,50366,15,3,210300
628,50367,42,2,205700
629,50368,119,2,55800
630,50369,10,1,126300
631,50370,127,1,19900
632,50370,99,1,27500
633,50371,12,2,402800
634,50371,10,1,126300
635,50372,134,1,25400
636,50373,38,1,93500
637,50374,35,1,92500
638,50374,127,1,19900
639,50374,119,1,55800
640,50375,108,1,51000
641,50376,57,2,61600
642,50377,91,2,8200
643,50378,132,2,57700
644,50379,12,2,402800
645,50379,78,1,42000
646,50380,69,1,14200
647,50380,15,1,210300
648,50381,84,1,14600
649,50382,99,1,27500
650,50383,56,1,72000
651,50383,52,2,6900
652,50384,52,1,6900
653,50385,25,2,114700
654,50386,117,1,125200
655,50386,107,3,57800
656,50387,127,1,19900
657,50388,10,1,126300
658,50389,78,1,42000
659,50390,40,1,100400
660,50391,119,1,55800
661,50391,10,1,126300
662,50392,10,2,126300
663,50392,92,2,32500
664,50393,25,3,114700
665,50393,52,3,6900
666,50394,121,1,26000
667,50395,10,1,126300
668,50396,82,1,16500
669,50397,92,2,32500
670,50397,78,2,42000
671,50397,37,1,29100
672,50397,10,2,126300
673,50398,95,3,16400
674,50398,106,1,70400
675,50399,62,1,46600
676,50400,34,1,60900
677,50400,107,1,57800
678,50401,15,1,210300
679,50402,95,1,16400
680,50402,92,1,32500
681,50403,92,1,32500
682,50403,65,1,60000
683,50404,23,1,311400
684,50404,103,1,29600
685,50405,28,1,17800
686,50405,89,1,10600
687,50406,67,2,43100
688,50407,15,1,210300
689,50408,92,2,32500
690,50408,95,1,16400
691,50409,20,1,211300
692,50409,127,2,19900
693,50410,34,1,60900
694,50411,10,1,126300
695,50412,38,1,93500
696,50413,2,2,154500
697,50413,92,2,32500
698,50414,87,2,45400
699,50415,68,1,32900
700,50416,109,1,14300
701,50416,92,3,32500
702,50416,70,1,35000
703,50417,101,1,109700
704,50417,46,2,118200
705,50417,131,1,20100
706,50418,92,2,32500
707,50419,99,2,27500
708,50419,30,1,172400
709,50420,52,1,6900
710,50421,90,4,33100
711,50421,12,1,402800
712,50421,98,1,16900
713,50422,50,1,19500
714,50422,92,1,32500
715,50422,119,2,55800
716,50422,90,1,33100
717,50423,142,1,23800
718,50423,70,1,35000
719,50423,101,1,109700
720,50423,32,1,174600
721,50424,37,1,29100
722,50424,92,2,32500
723,50425,45,1,205600
724,50426,92,1,32500
725,50426,45,1,205600
726,50427,38,1,93500
727,50427,28,1,17800
728,50428,119,1,55800
729,50429,119,1,55800
730,50429,3,1,375700
731,50429,10,1,126300
732,50430,87,1,45400
733,50430,23,1,311400
734,50431,71,2,25600
735,50432,101,3,109700
736,50433,10,1,126300
737,50434,132,3,57700
738,50435,90,2,33100
739,50436,8,1,256900
740,50436,52,1,6900
741,50437,105,1,128200
742,50437,95,1,16400
743,50438,30,1,172400
744,50438,39,1,70800
745,50439,40,1,100400
746,50439,101,1,109700
747,50440,129,1,24400
748,50440,107,1,57800
749,50441,66,2,72100
750,50441,23,2,311400
751,50442,119,1,55800
752,50442,56,2,72000
753,50443,52,1,6900
754,50443,71,1,25600
755,50443,73,1,31200
756,50444,102,1,116200
757,50445,26,1,47100
758,50445,132,3,57700
759,50446,90,1,33100
760,50446,82,2,16500
761,50446,66,1,72100
762,50447,30,1,172400
763,50447,92,1,32500
764,50447,95,3,16400
765,50448,66,1,72100
766,50448,92,2,32500
767,50449,52,1,6900
768,50449,139,3,30800
769,50450,83,2,37400
770,50451,52,1,6900
771,50452,52,1,6900
772,50453,132,1,57700
773,50453,40,1,100400
774,50454,127,1,19900
775,50455,92,3,32500
776,50456,92,1,32500
777,50457,92,1,32500
778,50458,33,1,92800
779,50459,142,1,23800
780,50459,101,1,109700
781,50460,66,1,72100
782,50461,56,1,72000
783,50462,84,2,14600
784,50462,51,1,32900
785,50463,101,1,109700
786,50464,10,2,126300
787,50465,12,1,402800
788,50465,107,1,57800
789,50465,98,1,16900
790,50465,132,2,57700
791,50466,90,3,33100
792,50467,92,2,32500
793,50467,19,1,215300
794,50468,57,1,61600
795,50469,37,1,29100
796,50470,121,2,26000
797,50471,67,1,43100
798,50471,98,2,16900
799,50472,112,1,23900
800,50473,9,2,84800
801,50474,77,2,16000
802,50475,114,1,97800
803,50476,74,3,13600
804,50477,109,1,14300
805,50478,39,1,70800
806,50479,92,1,32500
807,50480,86,3,7700
808,50480,29,2,40500
809,50481,52,2,6900
810,50482,116,1,103800
811,50482,52,1,6900
812,50482,43,1,104400
813,50483,106,1,70400
814,50483,12,1,402800
815,50484,14,3,267700
816,50484,82,1,16500
817,50485,92,2,32500
818,50485,20,2,211300
819,50486,90,2,33100
820,50487,106,1,70400
821,50488,92,1,32500
822,50489,92,2,32500
823,50490,40,1,100400
824,50490,121,1,26000
825,50491,12,1,402800
826,50492,15,1,210300
827,50493,39,2,70800
828,50493,86,1,7700
829,50493,90,3,33100
830,50494,65,1,60000
831,50494,23,1,311400
832,50495,92,2,32500
833,50496,121,1,26000
834,50497,77,1,16000
835,50498,132,1,57700
836,50498,40,1,100400
837,50499,127,1,19900
838,50499,10,1,126300
839,50499,119,1,55800
840,50500,17,2,188600
841,50501,107,1,57800
842,50501,28,1,17800
843,50501,66,1,72100
844,50502,122,1,34500
845,50502,39,2,70800
846,50503,28,1,17800
847,50503,62,1,46600
848,50503,66,1,72100
849,50503,132,2,57700
850,50504,10,1,126300
851,50505,91,1,8200
852,50505,62,1,46600
853,50505,39,1,70800
854,50506,52,1,6900
855,50506,42,1,205700
856,50506,127,1,19900
857,50507,38,2,93500
858,50507,15,2,210300
859,50508,119,2,55800
860,50508,52,1,6900
861,50509,132,2,57700
862,50510,8,3,256900
863,50510,28,2,17800
864,50510,20,1,211300
865,50511,70,2,35000
866,50512,66,2,72100
867,50512,142,1,23800
868,50513,87,1,45400
869,50513,15,1,210300
870,50513,111,2,79000
871,50514,90,2,33100
872,50515,45,1,205600
873,50516,85,3,3900
874,50517,40,1,100400
875,50517,105,1,128200
876,50517,90,3,33100
877,50518,119,1,55800
878,50519,87,1,45400
879,50519,92,2,32500
880,50520,65,2,60000
881,50521,15,1,210300
882,50522,106,1,70400
883,50522,119,1,55800
884,50523,54,1,84400
885,50524,92,3,32500
886,50524,15,1,210300
887,50524,1,1,202700
888,50525,74,3,13600
889,50526,119,2,55800
890,50527,92,4,32500
891,50528,92,1,32500
892,50528,90,2,33100
893,50529,90,1,33100
894,50530,12,2,402800
895,50531,38,1,93500
896,50532,138,1,39800
897,50532,33,1,92800
898,50533,99,1,27500
899,50533,56,1,72000
900,50534,38,1,93500
901,50534,86,2,7700
902,50535,39,1,70800
903,50536,92,1,32500
904,50537,119,1,55800
905,50538,127,1,19900
906,50538,129,1,24400
907,50539,130,1,26100
908,50539,8,1,256900
909,50540,45,1,205600
910,50541,105,1,128200
911,50542,21,1,335700
912,50543,92,2,32500
913,50544,119,1,55800
914,50544,40,1,100400
915,50545,107,1,57800
916,50545,52,1,6900
917,50546,31,1,110300
918,50547,12,3,402800
919,50547,39,1,70800
920,50548,92,2,32500
921,50549,87,1,45400
922,50549,65,1,60000
923,50550,92,2,32500
924,50551,70,1,35000
925,50552,22,1,103700
926,50552,48,2,84500
927,50553,81,4,42200
928,50553,60,1,23500
929,50554,132,1,57700
930,50554,119,2,55800
931,50555,92,2,32500
932,50555,82,5,16500
933,50555,52,1,6900
934,50556,52,1,6900
935,50556,106,1,70400
936,50557,28,1,17800
937,50558,7,3,199600
938,50559,132,1,57700
939,50560,90,2,33100
940,50561,92,1,32500
941,50562,15,1,210300
942,50563,43,1,104400
943,50564,92,2,32500
944,50565,57,1,61600
945,50565,66,1,72100
946,50565,90,1,33100
947,50566,15,1,210300
948,50566,90,2,33100
949,50567,10,1,126300
950,50567,38,2,93500
951,50568,39,1,70800
952,50568,77,1,16000
953,50569,45,2,205600
954,50569,1,1,202700
955,50569,12,1,402800
956,50569,122,1,34500
957,50570,127,1,19900
958,50570,92,2,32500
959,50570,34,1,60900
960,50571,116,1,103800
961,50571,98,1,16900
962,50572,15,1,210300
963,50573,99,1,27500
964,50573,52,1,6900
965,50573,98,2,16900
966,50574,40,1,100400
967,50574,89,2,10600
968,50574,65,2,60000
969,50575,69,1,14200
970,50576,50,2,19500
971,50577,92,1,32500
972,50577,52,1,6900
973,50578,87,1,45400
974,50578,45,1,205600
975,50579,66,1,72100
976,50580,52,2,6900
977,50580,93,2,30100
978,50580,30,1,172400
979,50581,52,1,6900
980,50581,8,2,256900
981,50581,119,2,55800
982,50582,66,1,72100
983,50583,111,1,79000
984,50584,70,1,35000
985,50585,107,1,57800
986,50586,52,2,6900
987,50586,79,1,21500
988,50586,120,1,105100
989,50587,92,2,32500
990,50587,111,2,79000
991,50588,77,2,16000
992,50589,55,1,52700
993,50589,89,1,10600
994,50590,10,1,126300
995,50590,107,2,57800
996,50591,90,4,33100
997,50592,92,2,32500
998,50593,39,1,70800
999,50593,10,2,126300
1000,50594,117,1,125200
1001,50594,55,1,52700
1002,50594,52,1,6900
1003,50594,39,1,70800
1004,50595,92,1,32500
1005,50596,10,2,126300
1006,50596,8,3,256900
1007,50597,66,1,72100
1008,50598,40,2,100400
1009,50599,76,4,12400
1010,50599,15,1,210300
1011,50600,92,2,32500
1012,50601,36,1,62500
1013,50602,119,1,55800
1014,50602,10,3,126300
1015,50602,92,4,32500
1016,50603,26,1,47100
1017,50603,107,1,57800
1018,50604,77,4,16000
1019,50604,52,1,6900
1020,50605,56,2,72000
1021,50605,45,2,205600
1022,50605,74,4,13600
1023,50606,10,1,126300
1024,50607,56,1,72000
1025,50608,119,1,55800
1026,50608,56,3,72000
1027,50609,92,3,32500
1028,50609,119,1,55800
1029,50610,10,1,126300
1030,50611,52,1,6900
1031,50612,136,1,12500
1032,50613,92,2,32500
1033,50614,40,1,100400
1034,50615,29,1,40500
1035,50616,10,1,126300
1036,50617,46,1,118200
1037,50617,28,1,17800
1038,50617,13,1,172000
1039,50617,44,1,66500
1040,50618,45,1,205600
1041,50618,92,2,32500
1042,50619,132,2,57700
1043,50619,107,2,57800
1044,50619,142,4,23800
1045,50620,28,1,17800
1046,50620,8,1,256900
1047,50621,36,1,62500
1048,50622,10,1,126300
1049,50623,10,1,126300
1050,50623,92,5,32500
1051,50623,119,2,55800
1052,50624,80,1,36100
1053,50625,56,1,72000
1054,50625,92,3,32500
1055,50626,119,1,55800
1056,50626,12,1,402800
1057,50627,65,2,60000
1058,50627,92,2,32500
1059,50627,10,1,126300
1060,50628,130,2,26100
1061,50628,79,1,21500
1062,50629,52,1,6900
1063,50630,12,2,402800
1064,50631,40,1,100400
1065,50632,30,1,172400
1066,50633,34,1,60900
1067,50633,12,1,402800
1068,50633,135,1,44200
1069,50634,30,1,172400
1070,50634,19,1,215300
1071,50635,34,2,60900
1072,50635,119,3,55800
1073,50635,56,1,72000
1074,50635,106,2,70400
1075,50636,107,1,57800
1076,50637,23,1,311400
1077,50638,40,1,100400
1078,50638,10,2,126300
1079,50639,62,1,46600
1080,50640,39,1,70800
1081,50640,28,1,17800
1082,50641,103,1,29600
1083,50641,15,1,210300
1084,50642,10,2,126300
1085,50643,119,1,55800
1086,50644,97,1,38300
1087,50644,92,3,32500
1088,50645,45,1,205600
1089,50645,99,1,27500
1090,50646,13,1,172000
1091,50646,92,1,32500
1092,50647,132,1,57700
1093,50648,38,1,93500
1094,50648,8,1,256900
1095,50648,89,2,10600
1096,50649,92,3,32500
1097,50649,37,1,29100
1098,50650,62,1,46600
1099,50650,12,2,402800
1100,50651,2,1,154500
1101,50652,28,1,17800
1102,50653,7,1,199600
1103,50653,25,1,114700
1104,50653,39,2,70800
1105,50654,8,1,256900
1106,50654,92,1,32500
1107,50655,66,2,72100
1108,50656,92,2,32500
1109,50656,117,1,125200
1110,50657,101,1,109700
1111,50658,132,1,57700
1112,50658,92,3,32500
1113,50659,144,1,43400
1114,50660,8,1,256900
1115,50661,40,2,100400
1116,50661,132,1,57700
1117,50662,37,1,29100
1118,50662,107,1,57800
1119,50663,92,1,32500
1120,50664,10,1,126300
1121,50664,119,1,55800
1122,50665,52,1,6900
1123,50665,90,1,33100
1124,50665,92,2,32500
1125,50666,123,1,23700
1126,50666,92,1,32500
1127,50666,38,2,93500
1128,50667,56,1,72000
1129,50668,92,5,32500
1130,50668,130,2,26100
1131,50668,60,1,23500
1132,50668,10,2,126300
1133,50669,66,1,72100
1134,50670,18,2,59200
1135,50671,92,1,32500
1136,50672,39,2,70800
1137,50672,76,1,12400
1138,50673,10,1,126300
1139,50674,12,1,402800
1140,50674,80,1,36100
1141,50675,99,1,27500
1142,50676,92,1,32500
1143,50676,98,1,16900
1144,50677,40,2,100400
1145,50678,62,1,46600
1146,50679,52,1,6900
1147,50680,15,2,210300
1148,50680,66,1,72100
1149,50681,106,1,70400
1150,50682,70,1,35000
1151,50682,52,1,6900
1152,50683,31,1,110300
1153,50684,52,1,6900
1154,50684,118,1,70600
1155,50685,106,1,70400
1156,50686,10,2,126300
1157,50687,92,3,32500
1158,50687,28,2,17800
1159,50687,39,1,70800
1160,50687,133,1,25900
1161,50688,34,2,60900
1162,50689,40,1,100400
1163,50690,57,1,61600
1164,50691,132,2,57700
1165,50692,110,1,109000
1166,50692,121,1,26000
1167,50693,119,1,55800
1168,50694,39,1,70800
1169,50695,12,2,402800
1170,50695,10,1,126300
1171,50696,7,1,199600
1172,50696,119,1,55800
1173,50696,12,1,402800
1174,50697,90,1,33100
1175,50698,83,1,37400
1176,50698,38,2,93500
1177,50698,92,1,32500
1178,50699,10,1,126300
1179,50700,15,2,210300
1180,50701,52,3,6900
1181,50702,40,1,100400
1182,50702,92,2,32500
1183,50702,56,1,72000
1184,50703,40,1,100400
1185,50703,144,2,43400
1186,50704,87,1,45400
1187,50704,32,1,174600
1188,50705,101,1,109700
1189,50705,92,2,32500
1190,50706,45,1,205600
1191,50707,8,1,256900
1192,50707,99,1,27500
1193,50708,30,2,172400
1194,50709,47,1,78900
1195,50709,12,1,402800
1196,50710,128,2,19300
1197,50711,123,1,23700
1198,50712,19,1,215300
1199,50713,132,2,57700
1200,50713,10,1,126300
1201,50714,14,2,267700
1202,50714,107,2,57800
1203,50714,132,1,57700
1204,50715,105,1,128200
1205,50716,92,1,32500
1206,50716,111,1,79000
1207,50716,40,1,100400
1208,50717,90,1,33100
1209,50717,26,1,47100
1210,50718,109,2,14300
1211,50718,52,3,6900
1212,50719,101,1,109700
1213,50719,99,1,27500
1214,50720,92,5,32500
1215,50720,54,1,84400
1216,50720,70,1,35000
1217,50721,70,1,35000
1218,50721,119,1,55800
1219,50722,10,2,126300
1220,50722,30,1,172400
1221,50723,52,1,6900
1222,50723,40,1,100400
1223,50723,142,1,23800
1224,50724,92,2,32500
1225,50725,52,1,6900
1226,50726,112,1,23900
1227,50726,52,1,6900
1228,50726,106,1,70400
1229,50727,23,1,311400
1230,50728,14,1,267700
1231,50728,143,1,43100
1232,50729,132,1,57700
1233,50729,39,1,70800
1234,50730,66,2,72100
1235,50730,107,2,57800
1236,50731,10,2,126300
1237,50731,40,1,100400
1238,50732,98,1,16900
1239,50733,74,3,13600
1240,50734,25,1,114700
1241,50734,100,1,92600
1242,50734,132,1,57700
1243,50735,12,1,402800
1244,50736,6,2,422300
1245,50737,30,1,172400
1246,50738,90,1,33100
1247,50739,10,1,126300
1248,50739,52,2,6900
1249,50739,87,1,45400
1250,50740,15,1,210300
1251,50741,10,1,126300
1252,50741,95,3,16400
1253,50742,92,1,32500
1254,50742,127,1,19900
1255,50743,15,1,210300
1256,50744,8,2,256900
1257,50745,106,1,70400
1258,50746,66,2,72100
1259,50747,92,2,32500
1260,50747,105,2,128200
1261,50748,52,1,6900
1262,50749,129,1,24400
1263,50750,35,2,92500
1264,50750,12,1,402800
1265,50751,92,1,32500
1266,50751,45,1,205600
1267,50751,68,2,32900
1268,50752,132,2,57700
1269,50752,8,1,256900
1270,50753,99,1,27500
1271,50754,119,1,55800
1272,50755,92,1,32500
1273,50756,64,2,56600
1274,50757,66,1,72100
1275,50758,52,2,6900
1276,50759,99,1,27500
1277,50759,15,2,210300
1278,50759,38,1,93500
1279,50760,132,1,57700
1280,50760,92,3,32500
1281,50760,24,2,389400
1282,50761,92,1,32500
1283,50761,142,1,23800
1284,50762,90,5,33100
1285,50762,45,2,205600
1286,50763,105,1,128200
1287,50763,28,1,17800
1288,50763,18,1,59200
1289,50763,10,2,126300
1290,50764,92,1,32500
1291,50765,92,2,32500
1292,50766,90,1,33100
1293,50766,45,2,205600
1294,50766,12,2,402800
1295,50767,98,1,16900
1296,50768,72,1,56000
1297,50769,80,2,36100
1298,50770,119,1,55800
1299,50770,45,1,205600
1300,50771,43,1,104400
1301,50772,108,1,51000
1302,50773,13,1,172000
1303,50773,121,1,26000
1304,50774,28,2,17800
1305,50775,105,1,128200
1306,50775,68,1,32900
1307,50776,10,1,126300
1308,50776,107,1,57800
1309,50776,77,2,16000
1310,50777,106,1,70400
1311,50777,126,1,40300
1312,50778,56,1,72000
1313,50779,132,1,57700
1314,50779,65,2,60000
1315,50779,92,1,32500
1316,50780,45,1,205600
1317,50780,142,2,23800
1318,50781,92,4,32500
1319,50782,107,1,57800
1320,50783,91,2,8200
1321,50784,56,1,72000
1322,50785,95,1,16400
1323,50786,45,1,205600
1324,50786,23,1,311400
1325,50786,79,1,21500
1326,50787,48,2,84500
1327,50788,15,1,210300
1328,50788,119,1,55800
1329,50789,78,1,42000
1330,50789,40,1,100400
1331,50790,7,1,199600
1332,50791,107,1,57800
1333,50792,3,2,375700
1334,50793,57,1,61600
1335,50794,45,1,205600
1336,50795,68,1,32900
1337,50795,70,1,35000
1338,50795,40,2,100400
1339,50795,95,1,16400
1340,50796,82,1,16500
1341,50797,138,1,39800
1342,50797,92,1,32500
1343,50798,106,1,70400
1344,50798,52,1,6900
1345,50798,68,1,32900
1346,50799,92,1,32500
1347,50799,117,2,125200
1348,50800,58,1,43700
1349,50800,95,3,16400
1350,50801,97,1,38300
1351,50801,103,1,29600
1352,50802,98,1,16900
1353,50803,82,2,16500
1354,50804,83,4,37400
1355,50805,52,1,6900
1356,50805,87,4,45400
1357,50805,77,2,16000
1358,50806,52,2,6900
1359,50806,82,1,16500
1360,50807,101,1,109700
1361,50808,99,1,27500
1362,50809,52,2,6900
1363,50809,39,1,70800
1364,50809,68,1,32900
1365,50810,22,1,103700
1366,50811,62,2,46600
1367,50811,33,2,92800
1368,50812,80,3,36100
1369,50813,95,1,16400
1370,50814,36,1,62500
1371,50815,39,1,70800
1372,50816,79,3,21500
1373,50817,92,3,32500
1374,50817,102,1,116200
1375,50818,132,2,57700
1376,50819,69,1,14200
1377,50820,55,1,52700
1378,50820,28,1,17800
1379,50820,43,2,104400
1380,50820,3,1,375700
1381,50821,107,1,57800
1382,50821,10,1,126300
1383,50822,106,1,70400
1384,50823,119,1,55800
1385,50823,12,1,402800
1386,50824,40,1,100400
1387,50825,92,2,32500
1388,50826,139,1,30800
1389,50826,52,1,6900
1390,50826,39,1,70800
1391,50826,61,1,50200
1392,50827,23,3,311400
1393,50827,66,2,72100
1394,50828,52,1,6900
1395,50828,19,2,215300
1396,50829,111,1,79000
1397,50829,119,1,55800
1398,50830,92,2,32500
1399,50831,119,1,55800
1400,50832,119,1,55800
1401,50832,121,1,26000
1402,50833,92,2,32500
1403,50834,52,1,6900
1404,50834,14,1,267700
1405,50835,41,1,87100
1406,50836,79,2,21500
1407,50837,78,1,42000
1408,50838,56,2,72000
1409,50838,92,5,32500
1410,50839,87,2,45400
1411,50840,92,1,32500
1412,50841,92,1,32500
1413,50842,43,3,104400
1414,50843,99,1,27500
1415,50844,66,1,72100
1416,50844,121,3,26000
1417,50845,12,2,402800
1418,50845,68,1,32900
1419,50846,90,1,33100
1420,50846,92,1,32500
1421,50847,74,1,13600
1422,50847,62,2,46600
1423,50847,127,1,19900
1424,50848,95,1,16400
1425,50848,10,1,126300
1426,50848,18,1,59200
1427,50849,34,1,60900
1428,50850,90,2,33100
1429,50851,92,2,32500
1430,50852,34,1,60900
1431,50852,107,2,57800
1432,50852,79,2,21500
1433,50853,12,1,402800
1434,50853,106,1,70400
1435,50854,60,1,23500
1436,50854,119,1,55800
1437,50855,33,1,92800
1438,50855,40,1,100400
1439,50856,52,2,6900
1440,50856,57,1,61600
1441,50857,90,1,33100
1442,50858,12,1,402800
1443,50859,66,2,72100
1444,50859,90,3,33100
1445,50859,142,2,23800
1446,50860,64,1,56600
1447,50860,92,3,32500
1448,50861,89,1,10600
1449,50862,92,2,32500
1450,50863,69,1,14200
1451,50863,74,2,13600
1452,50864,56,1,72000
1453,50864,15,1,210300
1454,50865,40,1,100400
1455,50866,8,2,256900
1456,50867,90,1,33100
1457,50868,142,2,23800
1458,50869,132,1,57700
1459,50869,56,2,72000
1460,50870,41,1,87100
1461,50870,80,1,36100
1462,50871,39,1,70800
1463,50872,92,2,32500
1464,50873,89,1,10600
1465,50874,52,2,6900
1466,50874,121,1,26000
1467,50875,92,1,32500
1468,50875,97,1,38300
1469,50876,119,2,55800
1470,50877,5,1,52800
1471,50878,90,1,33100
1472,50878,119,2,55800
1473,50879,92,1,32500
1474,50880,28,1,17800
1475,50880,78,1,42000
1476,50880,111,1,79000
1477,50881,106,1,70400
1478,50881,8,2,256900
1479,50882,18,1,59200
1480,50883,70,1,35000
1481,50884,98,3,16900
1482,50885,92,3,32500
1483,50885,10,1,126300
1484,50886,12,1,402800
1485,50886,56,1,72000
1486,50886,79,1,21500
1487,50887,12,1,402800
1488,50888,106,1,70400
1489,50889,76,1,12400
1490,50889,132,1,57700
1491,50889,139,2,30800
1492,50890,45,1,205600
1493,50890,90,1,33100
1494,50891,70,1,35000
1495,50892,56,1,72000
1496,50892,7,1,199600
1497,50892,8,1,256900
1498,50893,36,1,62500
1499,50894,92,1,32500
1500,50895,92,2,32500
1501,50896,106,1,70400
1502,50897,103,1,29600
1503,50898,77,1,16000
1504,50898,107,2,57800
1505,50899,35,1,92500
1506,50899,52,1,6900
1507,50900,10,1,126300
1508,50901,82,1,16500
1509,50901,66,1,72100
1510,50901,28,1,17800
1511,50902,57,1,61600
1512,50903,10,1,126300
1513,50904,10,1,126300
1514,50904,140,1,17500
1515,50905,92,2,32500
1516,50906,131,1,20100
1517,50907,43,2,104400
1518,50908,28,2,17800
1519,50909,132,2,57700
1520,50910,99,1,27500
1521,50911,15,1,210300
1522,50912,66,1,72100
1523,50913,23,1,311400
1524,50914,60,1,23500
1525,50914,34,2,60900
1526,50915,42,2,205700
1527,50916,15,1,210300
1528,50917,73,3,31200
1529,50917,138,1,39800
1530,50918,45,2,205600
1531,50918,8,2,256900
1532,50919,4,2,184600
1533,50919,8,2,256900
1534,50919,40,1,100400
1535,50919,79,2,21500
1536,50920,100,1,92600
1537,50921,132,1,57700
1538,50921,107,2,57800
1539,50922,119,1,55800
1540,50922,52,1,6900
1541,50923,99,1,27500
1542,50923,87,2,45400
1543,50923,24,1,389400
1544,50924,95,2,16400
1545,50925,83,3,37400
1546,50926,8,1,256900
1547,50926,92,1,32500
1548,50927,80,3,36100
1549,50928,52,1,6900
1550,50929,54,3,84400
1551,50929,40,1,100400
1552,50929,95,1,16400
1553,50930,102,1,116200
1554,50930,66,1,72100
1555,50931,74,2,13600
1556,50932,96,2,40300
1557,50933,92,3,32500
1558,50933,107,1,57800
1559,50933,40,2,100400
1560,50934,119,2,55800
1561,50934,38,1,93500
1562,50935,89,3,10600
1563,50936,15,1,210300
1564,50937,95,3,16400
1565,50938,62,1,46600
1566,50939,92,2,32500
1567,50940,119,1,55800
1568,50941,92,5,32500
1569,50942,48,1,84500
1570,50943,92,1,32500
1571,50943,99,1,27500
1572,50943,46,1,118200
1573,50944,18,1,59200
1574,50944,82,1,16500
1575,50945,92,1,32500
1576,50946,43,1,104400
1577,50946,80,3,36100
1578,50947,66,1,72100
1579,50948,107,1,57800
1580,50949,10,1,126300
1581,50949,107,1,57800
1582,50950,70,1,35000
1583,50950,92,1,32500
1584,50950,40,2,100400
1585,50951,98,1,16900
1586,50952,119,1,55800
1587,50952,45,1,205600
1588,50952,107,2,57800
1589,50953,92,3,32500
1590,50953,90,1,33100
1591,50954,40,1,100400
1592,50954,92,1,32500
1593,50954,99,1,27500
1594,50955,43,1,104400
1595,50955,42,1,205700
1596,50955,84,2,14600
1597,50955,66,1,72100
1598,50956,10,1,126300
1599,50957,10,1,126300
1600,50957,142,1,23800
1601,50958,92,3,32500
1602,50958,12,1,402800
1603,50959,52,1,6900
1604,50959,106,1,70400
1605,50959,18,1,59200
1606,50960,52,1,6900
1607,50961,5,1,52800
1608,50962,66,2,72100
1609,50963,93,1,30100
1610,50964,65,1,60000
1611,50965,10,1,126300
1612,50965,15,1,210300
1613,50966,2,1,154500
1614,50967,92,2,32500
1615,50968,1,1,202700
1616,50969,52,2,6900
1617,50969,30,1,172400
1618,50969,8,1,256900
1619,50970,40,1,100400
1620,50971,119,2,55800
1621,50972,92,1,32500
1622,50972,10,1,126300
1623,50973,101,1,109700
1624,50974,98,2,16900
1625,50975,92,1,32500
1626,50975,12,1,402800
1627,50976,142,1,23800
1628,50977,49,2,51200
1629,50977,56,1,72000
1630,50978,19,1,215300
1631,50979,101,1,109700
1632,50979,10,2,126300
1633,50980,28,1,17800
1634,50981,90,1,33100
1635,50982,99,1,27500
1636,50983,33,2,92800
1637,50983,21,1,335700
1638,50984,38,1,93500
1639,50984,19,1,215300
1640,50985,87,2,45400
1641,50985,12,1,402800
1642,50985,52,2,6900
1643,50985,70,2,35000
1644,50986,92,2,32500
1645,50986,100,1,92600
1646,50987,89,1,10600
1647,50988,89,6,10600
1648,50989,39,1,70800
1649,50989,92,2,32500
1650,50990,70,1,35000
1651,50991,92,2,32500
1652,50992,12,2,402800
1653,50992,72,1,56000
1654,50993,92,3,32500
1655,50994,87,1,45400
1656,50995,43,1,104400
1657,50995,107,2,57800
1658,50995,102,1,116200
1659,50996,92,2,32500
1660,50997,2,1,154500
1661,50997,52,1,6900
1662,50998,107,1,57800
1663,50999,10,1,126300
1664,50999,89,1,10600
1665,50999,66,2,72100
1666,51000,66,1,72100
1667,51001,70,1,35000
1668,51002,90,3,33100
1669,51003,18,2,59200
1670,51004,110,1,109000
1671,51005,81,1,42200
1672,51006,107,1,57800
1673,51006,87,1,45400
1674,51007,39,1,70800
1675,51008,30,1,172400
1676,51009,87,1,45400
1677,51010,99,2,27500
1678,51010,82,3,16500
1679,51011,105,1,128200
1680,51011,79,2,21500
1681,51012,62,1,46600
1682,51013,40,1,100400
1683,51014,121,1,26000
1684,51014,2,1,154500
1685,51015,132,2,57700
1686,51015,22,1,103700
1687,51016,39,1,70800
1688,51016,90,1,33100
1689,51016,44,1,66500
1690,51017,62,1,46600
1691,51018,89,2,10600
1692,51018,34,1,60900
1693,51019,15,1,210300
1694,51020,77,2,16000
1695,51020,15,1,210300
1696,51021,62,1,46600
1697,51022,12,1,402800
1698,51023,12,1,402800
1699,51024,43,1,104400
1700,51024,62,1,46600
1701,51024,52,3,6900
1702,51025,90,2,33100
1703,51025,24,1,389400
1704,51025,10,2,126300
1705,51025,119,1,55800
1706,51025,121,1,26000
1707,51026,127,1,19900
1708,51026,10,1,126300
1709,51026,8,1,256900
1710,51027,92,3,32500
1711,51027,127,1,19900
1712,51028,107,1,57800
1713,51029,92,3,32500
1714,51029,96,2,40300
1715,51029,28,1,17800
1716,51030,39,1,70800
1717,51031,98,1,16900
1718,51031,90,2,33100
1719,51032,45,1,205600
1720,51033,127,1,19900
1721,51034,39,2,70800
1722,51034,10,1,126300
1723,51035,92,1,32500
1724,51036,34,1,60900
1725,51036,10,1,126300
1726,51037,119,1,55800
1727,51037,107,2,57800
1728,51038,45,1,205600
1729,51038,66,1,72100
1730,51039,9,1,84800
1731,51039,98,1,16900
1732,51040,65,1,60000
1733,51041,90,2,33100
1734,51042,119,1,55800
1735,51042,33,1,92800
1736,51043,116,1,103800
1737,51043,86,3,7700
1738,51044,92,2,32500
1739,51045,139,1,30800
1740,51046,83,2,37400
1741,51047,11,1,134400
1742,51048,101,1,109700
1743,51048,117,1,125200
1744,51048,132,1,57700
1745,51049,23,1,311400
1746,51049,101,1,109700
1747,51050,10,1,126300
1748,51050,12,2,402800
1749,51051,70,2,35000
1750,51052,70,1,35000
1751,51053,92,2,32500
1752,51053,107,1,57800
1753,51053,68,2,32900
1754,51054,40,1,100400
1755,51054,66,1,72100
1756,51055,106,1,70400
1757,51056,92,1,32500
1758,51056,132,1,57700
1759,51056,44,1,66500
1760,51057,52,1,6900
1761,51058,23,1,311400
1762,51058,66,2,72100
1763,51059,92,1,32500
1764,51059,111,1,79000
1765,51060,95,1,16400
1766,51060,87,1,45400
1767,51061,37,1,29100
1768,51061,22,1,103700
1769,51061,66,1,72100
1770,51062,28,1,17800
1771,51062,1,3,202700
1772,51062,142,3,23800
1773,51063,10,1,126300
1774,51064,92,2,32500
1775,51065,106,1,70400
1776,51066,23,2,311400
1777,51066,56,1,72000
1778,51067,119,1,55800
1779,51067,90,1,33100
1780,51068,12,1,402800
1781,51069,77,1,16000
1782,51070,8,1,256900
1783,51070,53,2,72500
1784,51071,10,3,126300
1785,51072,76,2,12400
1786,51072,51,1,32900
1787,51073,121,1,26000
1788,51074,27,1,124200
1789,51074,82,2,16500
1790,51075,82,1,16500
1791,51075,15,1,210300
1792,51075,10,2,126300
1793,51075,66,1,72100
1794,51076,132,1,57700
1795,51077,90,4,33100
1796,51077,107,1,57800
1797,51078,68,1,32900
1798,51078,16,2,73600
1799,51078,8,1,256900
1800,51079,92,1,32500
1801,51079,68,1,32900
1802,51080,29,1,40500
1803,51081,8,1,256900
1804,51082,33,1,92800
1805,51083,37,1,29100
1806,51083,132,1,57700
1807,51084,78,4,42000
1808,51084,107,2,57800
1809,51085,90,1,33100
1810,51085,62,1,46600
1811,51086,106,1,70400
1812,51086,87,1,45400
1813,51087,90,2,33100
1814,51088,46,1,118200
1815,51088,95,1,16400
1816,51089,107,1,57800
1817,51090,54,2,84400
1818,51091,10,1,126300
1819,51091,92,3,32500
1820,51091,99,1,27500
1821,51092,121,1,26000
1822,51092,101,1,109700
1823,51092,127,3,19900
1824,51092,52,1,6900
1825,51093,92,2,32500
1826,51094,92,2,32500
1827,51095,12,2,402800
1828,51096,56,1,72000
1829,51097,92,1,32500
1830,51097,10,1,126300
1831,51097,7,1,199600
1832,51098,119,1,55800
1833,51098,43,2,104400
1834,51098,7,2,199600
1835,51098,33,1,92800
1836,51099,95,1,16400
1837,51100,90,1,33100
1838,51101,5,1,52800
1839,51101,83,1,37400
1840,51102,82,1,16500
1841,51103,95,2,16400
1842,51104,52,1,6900
1843,51104,40,1,100400
1844,51104,101,2,109700
1845,51105,70,1,35000
1846,51106,12,1,402800
1847,51106,107,1,57800
1848,51107,68,1,32900
1849,51107,119,3,55800
1850,51108,92,1,32500
1851,51109,137,1,43800
1852,51110,106,1,70400
1853,51111,51,1,32900
1854,51111,127,1,19900
1855,51112,8,1,256900
1856,51112,132,1,57700
1857,51112,52,1,6900
1858,51113,39,1,70800
1859,51114,136,1,12500
1860,51114,66,2,72100
1861,51115,66,2,72100
1862,51116,130,2,26100
1863,51116,76,1,12400
1864,51117,10,1,126300
1865,51118,107,1,57800
1866,51119,7,2,199600
1867,51119,10,1,126300
1868,51119,92,1,32500
1869,51120,10,1,126300
1870,51120,66,1,72100
1871,51121,52,1,6900
1872,51122,119,1,55800
1873,51122,69,1,14200
1874,51123,19,1,215300
1875,51123,82,2,16500
1876,51124,45,2,205600
1877,51125,119,2,55800
1878,51126,52,1,6900
1879,51126,132,1,57700
1880,51127,60,1,23500
1881,51127,52,2,6900
1882,51128,52,1,6900
1883,51129,132,1,57700
1884,51129,98,1,16900
1885,51130,92,3,32500
1886,51130,22,3,103700
1887,51131,101,2,109700
1888,51132,1,2,202700
1889,51133,117,1,125200
1890,51134,80,2,36100
1891,51135,66,3,72100
1892,51136,70,1,35000
1893,51137,36,1,62500
1894,51138,132,1,57700
1895,51138,33,1,92800
1896,51139,89,4,10600
1897,51139,132,3,57700
1898,51139,75,1,8600
1899,51140,12,2,402800
1900,51141,99,1,27500
1901,51142,41,1,87100
1902,51142,39,1,70800
1903,51143,52,1,6900
1904,51143,112,1,23900
1905,51144,130,1,26100
1906,51145,99,1,27500
1907,51146,107,2,57800
1908,51146,75,1,8600
1909,51146,120,2,105100
1910,51147,101,1,109700
1911,51148,107,2,57800
1912,51148,89,2,10600
1913,51149,101,1,109700
1914,51149,39,1,70800
1915,51150,7,1,199600
1916,51150,12,4,402800
1917,51150,66,1,72100
1918,51151,97,2,38300
1919,51151,132,1,57700
1920,51152,12,1,402800
1921,51153,90,1,33100
1922,51154,86,1,7700
1923,51155,68,1,32900
1924,51155,92,3,32500
1925,51156,10,1,126300
1926,51157,10,1,126300
1927,51157,92,2,32500
1928,51157,7,1,199600
1929,51158,56,1,72000
1930,51158,92,3,32500
1931,51159,68,1,32900
1932,51160,52,1,6900
1933,51160,76,1,12400
1934,51161,8,3,256900
1935,51161,43,2,104400
1936,51162,66,1,72100
1937,51163,23,1,311400
1938,51163,119,1,55800
1939,51164,10,1,126300
1940,51165,111,1,79000
1941,51165,92,1,32500
1942,51166,40,1,100400
1943,51166,98,3,16900
1944,51167,105,1,128200
1945,51167,127,1,19900
1946,51168,78,2,42000
1947,51168,40,1,100400
1948,51169,89,1,10600
1949,51170,119,1,55800
1950,51171,23,2,311400
1951,51171,99,1,27500
1952,51172,92,2,32500
1953,51172,129,2,24400
1954,51173,132,1,57700
1955,51173,10,1,126300
1956,51174,8,1,256900
1957,51175,111,1,79000
1958,51176,23,2,311400
1959,51177,41,1,87100
1960,51177,43,2,104400
1961,51178,39,1,70800
1962,51179,15,2,210300
1963,51180,45,1,205600
1964,51181,52,1,6900
1965,51182,108,1,51000
1966,51182,65,2,60000
1967,51182,92,2,32500
1968,51182,90,1,33100
1969,51183,11,1,134400
1970,51184,101,1,109700
1971,51185,10,1,126300
1972,51185,87,3,45400
1973,51186,87,1,45400
1974,51187,28,1,17800
1975,51188,99,1,27500
1976,51189,39,1,70800
1977,51189,8,1,256900
1978,51190,102,1,116200
1979,51191,90,1,33100
1980,51191,95,3,16400
1981,51192,52,1,6900
1982,51193,10,2,126300
1983,51194,119,1,55800
1984,51194,111,1,79000
1985,51194,66,1,72100
1986,51195,99,2,27500
1987,51195,86,2,7700
1988,51196,45,3,205600
1989,51197,39,1,70800
1990,51197,28,1,17800
1991,51198,7,1,199600
1992,51198,135,1,44200
1993,51199,86,2,7700
1994,51200,70,1,35000
1995,51201,87,1,45400
1996,51201,82,2,16500
1997,51201,10,1,126300
1998,51202,92,3,32500
1999,51202,52,1,6900
2000,51203,12,1,402800
2001,51203,119,1,55800
2002,51203,8,1,256900
2003,51204,90,2,33100
2004,51205,56,1,72000
2005,51205,40,1,100400
2006,51205,99,1,27500
2007,51206,34,1,60900
2008,51207,48,1,84500
2009,51208,119,1,55800
2010,51209,62,1,46600
2011,51209,92,2,32500
2012,51210,83,2,37400
2013,51211,104,2,116500
2014,51212,92,2,32500
2015,51213,7,4,199600
2016,51213,98,1,16900
2017,51213,8,1,256900
2018,51214,28,1,17800
2019,51214,136,1,12500
2020,51215,132,1,57700
2021,51216,39,1,70800
2022,51216,48,1,84500
2023,51216,115,1,21600
2024,51217,45,2,205600
2025,51217,98,2,16900
2026,51218,35,1,92500
2027,51219,92,2,32500
2028,51219,33,1,92800
2029,51220,7,2,199600
2030,51220,10,1,126300
2031,51221,90,2,33100
2032,51221,65,1,60000
2033,51221,16,2,73600
2034,51221,39,1,70800
2035,51222,52,2,6900
2036,51222,87,3,45400
2037,51223,100,1,92600
2038,51223,10,1,126300
2039,51224,15,1,210300
2040,51225,10,1,126300
2041,51226,45,1,205600
2042,51227,75,2,8600
2043,51228,92,1,32500
2044,51229,8,1,256900
2045,51229,52,1,6900
2046,51229,46,1,118200
2047,51230,99,3,27500
2048,51231,75,2,8600
2049,51231,92,1,32500
2050,51232,33,1,92800
2051,51232,142,3,23800
2052,51233,10,1,126300
2053,51234,23,2,311400
2054,51235,87,1,45400
2055,51236,82,1,16500
2056,51237,95,2,16400
2057,51237,52,1,6900
2058,51238,101,1,109700
2059,51238,77,1,16000
2060,51239,80,2,36100
2061,51240,62,2,46600
2062,51240,56,1,72000
2063,51241,39,2,70800
2064,51242,23,2,311400
2065,51243,52,1,6900
2066,51243,92,1,32500
2067,51243,110,1,109000
2068,51244,101,1,109700
2069,51244,107,1,57800
2070,51245,10,1,126300
2071,51245,109,2,14300
2072,51245,22,1,103700
2073,51246,106,1,70400
2074,51247,92,1,32500
2075,51248,66,2,72100
2076,51249,89,2,10600
2077,51249,119,1,55800
2078,51249,98,1,16900
2079,51250,107,1,57800
2080,51250,101,1,109700
2081,51251,46,1,118200
2082,51252,29,1,40500
2083,51253,10,1,126300
2084,51253,56,1,72000
2085,51254,132,1,57700
2086,51255,87,2,45400
2087,51255,20,1,211300
2088,51256,92,2,32500
2089,51257,40,1,100400
2090,51257,23,1,311400
2091,51258,10,1,126300
2092,51259,132,2,57700
2093,51259,8,2,256900
2094,51259,10,1,126300
2095,51259,142,2,23800
2096,51260,39,2,70800
2097,51260,90,4,33100
2098,51261,52,1,6900
2099,51261,61,1,50200
2100,51262,119,1,55800
2101,51263,78,1,42000
2102,51264,127,1,19900
2103,51264,132,2,57700
2104,51264,10,1,126300
2105,51264,66,1,72100
2106,51265,90,4,33100
2107,51266,90,1,33100
2108,51266,34,2,60900
2109,51267,34,1,60900
2110,51268,92,1,32500
2111,51269,99,3,27500
2112,51270,101,1,109700
2113,51271,8,1,256900
2114,51272,52,1,6900
2115,51273,12,1,402800
2116,51273,65,2,60000
2117,51274,10,1,126300
2118,51275,95,2,16400
2119,51275,93,1,30100
2120,51275,92,2,32500
2121,51276,19,1,215300
2122,51276,75,1,8600
2123,51277,77,1,16000
2124,51278,43,2,104400
2125,51278,121,2,26000
2126,51278,52,1,6900
2127,51279,107,1,57800
2128,51279,90,2,33100
2129,51279,110,1,109000
2130,51279,92,2,32500
2131,51280,121,2,26000
2132,51281,40,3,100400
2133,51281,87,1,45400
2134,51282,37,1,29100
2135,51282,66,1,72100
2136,51282,8,2,256900
2137,51282,92,2,32500
2138,51283,99,1,27500
2139,51284,10,1,126300
2140,51284,138,1,39800
2141,51285,74,2,13600
2142,51285,102,2,116200
2143,51286,95,1,16400
2144,51286,98,1,16900
2145,51286,92,1,32500
2146,51287,90,2,33100
2147,51287,55,1,52700
2148,51288,111,2,79000
2149,51288,9,1,84800
2150,51289,8,1,256900
2151,51290,85,1,3900
2152,51290,132,2,57700
2153,51290,111,1,79000
2154,51291,21,1,335700
2155,51292,106,3,70400
2156,51292,80,2,36100
2157,51292,4,1,184600
2158,51293,64,1,56600
2159,51294,92,2,32500
2160,51294,107,1,57800
2161,51295,40,1,100400
2162,51295,13,2,172000
2163,51296,74,2,13600
2164,51297,92,2,32500
2165,51298,30,1,172400
2166,51298,106,1,70400
2167,51298,107,1,57800
2168,51299,52,1,6900
2169,51300,28,1,17800
2170,51301,56,2,72000
2171,51302,10,2,126300
2172,51303,45,1,205600
2173,51304,73,1,31200
2174,51305,92,2,32500
2175,51305,33,1,92800
2176,51306,123,1,23700
2177,51306,40,1,100400
2178,51307,52,1,6900
2179,51307,92,1,32500
2180,51308,127,2,19900
2181,51309,92,1,32500
2182,51309,52,1,6900
2183,51310,82,1,16500
2184,51311,92,4,32500
2185,51312,56,2,72000
2186,51312,45,1,205600
2187,51312,36,1,62500
2188,51313,129,1,24400
2189,51313,33,1,92800
2190,51313,82,1,16500
2191,51314,15,1,210300
2192,51314,52,1,6900
2193,51315,38,2,93500
2194,51315,21,1,335700
2195,51315,101,1,109700
2196,51316,92,3,32500
2197,51317,52,2,6900
2198,51317,132,1,57700
2199,51317,92,1,32500
2200,51318,56,1,72000
2201,51318,21,2,335700
2202,51319,92,2,32500
2203,51320,80,1,36100
2204,51320,111,1,79000
2205,51321,15,1,210300
2206,51321,40,1,100400
2207,51321,8,1,256900
2208,51322,80,2,36100
2209,51322,45,3,205600
2210,51323,92,2,32500
2211,51323,52,1,6900
2212,51324,97,1,38300
2213,51325,10,1,126300
2214,51326,89,1,10600
2215,51326,60,3,23500
2216,51327,92,3,32500
2217,51328,127,2,19900
2218,51329,7,1,199600
2219,51330,106,1,70400
2220,51331,87,1,45400
2221,51331,100,1,92600
2222,51332,90,1,33100
2223,51333,56,2,72000
2224,51333,52,1,6900
2225,51334,119,1,55800
2226,51334,116,1,103800
2227,51335,45,1,205600
2228,51335,119,1,55800
2229,51335,132,1,57700
2230,51336,79,1,21500
2231,51337,14,2,267700
2232,51338,10,1,126300
2233,51338,52,1,6900
2234,51339,119,2,55800
2235,51340,90,3,33100
2236,51341,135,2,44200
2237,51341,10,1,126300
2238,51342,83,2,37400
2239,51342,44,2,66500
2240,51343,55,1,52700
2241,51343,66,1,72100
2242,51343,45,3,205600
2243,51344,10,1,126300
2244,51344,119,1,55800
2245,51345,107,2,57800
2246,51345,12,1,402800
2247,51345,79,2,21500
2248,51345,86,1,7700
2249,51345,28,1,17800
2250,51346,105,1,128200
2251,51346,56,1,72000
2252,51346,12,2,402800
2253,51347,92,1,32500
2254,51348,40,1,100400
2255,51348,57,1,61600
2256,51349,119,1,55800
2257,51349,107,1,57800
2258,51349,91,5,8200
2259,51350,52,1,6900
2260,51351,119,1,55800
2261,51352,92,2,32500
2262,51353,98,1,16900
2263,51354,79,1,21500
2264,51355,66,1,72100
2265,51355,68,1,32900
2266,51355,111,1,79000
2267,51356,119,1,55800
2268,51357,90,3,33100
2269,51358,40,1,100400
2270,51358,92,2,32500
2271,51359,107,1,57800
2272,51360,56,2,72000
2273,51360,106,1,70400
2274,51361,132,1,57700
2275,51361,33,1,92800
2276,51362,12,1,402800
2277,51362,92,1,32500
2278,51362,39,1,70800
2279,51362,35,1,92500
2280,51363,95,1,16400
2281,51363,66,1,72100
2282,51363,15,1,210300
2283,51363,92,1,32500
2284,51363,101,1,109700
2285,51364,70,1,35000
2286,51364,40,1,100400
2287,51365,106,1,70400
2288,51365,45,1,205600
2289,51366,99,1,27500
2290,51366,10,2,126300
2291,51367,10,2,126300
2292,51368,68,1,32900
2293,51369,83,1,37400
2294,51369,99,1,27500
2295,51370,90,2,33100
2296,51370,77,1,16000
2297,51371,95,3,16400
2298,51372,86,1,7700
2299,51372,90,3,33100
2300,51373,90,2,33100
2301,51373,92,2,32500
2302,51374,12,1,402800
2303,51375,39,1,70800
2304,51375,22,1,103700
2305,51376,92,1,32500
2306,51377,119,1,55800
2307,51378,48,1,84500
2308,51379,10,2,126300
2309,51380,94,3,15700
2310,51380,2,1,154500
2311,51380,36,3,62500
2312,51381,92,2,32500
2313,51382,28,1,17800
2314,51382,30,1,172400
2315,51383,52,1,6900
2316,51383,92,5,32500
2317,51384,102,1,116200
2318,51385,109,1,14300
2319,51385,68,1,32900
2320,51386,92,2,32500
2321,51386,66,1,72100
2322,51387,10,1,126300
2323,51388,40,3,100400
2324,51389,70,2,35000
2325,51390,107,1,57800
2326,51390,95,1,16400
2327,51391,109,1,14300
2328,51391,45,1,205600
2329,51392,57,2,61600
2330,51392,8,1,256900
2331,51393,96,1,40300
2332,51393,12,1,402800
2333,51394,92,1,32500
2334,51395,92,1,32500
2335,51395,10,1,126300
2336,51396,80,2,36100
2337,51396,15,1,210300
2338,51397,68,1,32900
2339,51397,69,2,14200
2340,51398,106,3,70400
2341,51399,33,1,92800
2342,51399,92,2,32500
2343,51400,39,1,70800
2344,51401,71,1,25600
2345,51402,33,1,92800
2346,51402,92,2,32500
2347,51403,34,1,60900
2348,51404,12,1,402800
2349,51404,106,1,70400
2350,51405,92,1,32500
2351,51406,60,1,23500
2352,51407,23,2,311400
2353,51408,77,1,16000
2354,51408,52,1,6900
2355,51409,132,1,57700
2356,51409,40,2,100400
2357,51409,52,1,6900
2358,51410,92,3,32500
2359,51411,10,2,126300
2360,51412,132,2,57700
2361,51413,40,1,100400
2362,51414,92,3,32500
2363,51414,119,1,55800
2364,51415,30,2,172400
2365,51415,106,1,70400
2366,51416,83,1,37400
2367,51417,10,2,126300
2368,51417,107,1,57800
2369,51418,10,1,126300
2370,51419,92,4,32500
2371,51420,52,2,6900
2372,51421,107,1,57800
2373,51421,77,1,16000
2374,51422,119,1,55800
2375,51423,15,2,210300
2376,51424,95,2,16400
2377,51424,23,1,311400
2378,51425,12,1,402800
2379,51425,107,1,57800
2380,51426,128,1,19300
2381,51427,69,1,14200
2382,51428,80,1,36100
2383,51429,39,2,70800
2384,51429,119,1,55800
2385,51430,132,2,57700
2386,51431,119,1,55800
2387,51432,114,1,97800
2388,51433,38,1,93500
2389,51433,82,4,16500
2390,51434,95,1,16400
2391,51434,10,1,126300
2392,51435,133,2,25900
2393,51435,119,3,55800
2394,51436,101,1,109700
2395,51436,92,3,32500
2396,51437,99,1,27500
2397,51437,92,1,32500
2398,51438,75,4,8600
2399,51439,66,1,72100
2400,51440,79,2,21500
2401,51441,52,1,6900
2402,51441,119,2,55800
2403,51442,132,1,57700
2404,51442,80,2,36100
2405,51443,107,3,57800
2406,51443,80,1,36100
2407,51443,124,1,22000
2408,51444,66,2,72100
2409,51444,77,2,16000
2410,51445,79,4,21500
2411,51445,40,1,100400
2412,51445,30,1,172400
2413,51445,15,1,210300
2414,51446,101,1,109700
2415,51446,34,1,60900
2416,51447,12,2,402800
2417,51447,28,2,17800
2418,51448,40,1,100400
2419,51449,12,1,402800
2420,51449,66,1,72100
2421,51449,76,3,12400
2422,51450,28,2,17800
2423,51451,92,1,32500
2424,51452,38,1,93500
2425,51452,87,1,45400
2426,51453,105,1,128200
2427,51454,132,1,57700
2428,51454,66,1,72100
2429,51455,119,1,55800
2430,51456,119,1,55800
2431,51457,46,1,118200
2432,51458,38,1,93500
2433,51458,28,1,17800
2434,51458,132,1,57700
2435,51458,104,2,116500
2436,51459,90,1,33100
2437,51460,48,1,84500
2438,51460,40,1,100400
2439,51460,107,2,57800
2440,51461,10,2,126300
2441,51461,39,2,70800
2442,51462,141,2,40000
2443,51463,105,1,128200
2444,51464,107,1,57800
2445,51464,10,1,126300
2446,51465,40,1,100400
2447,51466,118,1,70600
2448,51466,68,1,32900
2449,51467,90,3,33100
2450,51467,57,1,61600
2451,51468,106,1,70400
2452,51469,119,2,55800
2453,51469,68,1,32900
2454,51469,52,2,6900
2455,51470,102,1,116200
2456,51470,80,1,36100
2457,51470,89,3,10600
2458,51471,15,2,210300
2459,51472,36,1,62500
2460,51472,52,1,6900
2461,51473,92,3,32500
2462,51474,11,1,134400
2463,51474,106,1,70400
2464,51474,10,1,126300
2465,51474,142,1,23800
2466,51475,33,1,92800
2467,51476,90,2,33100
2468,51476,144,1,43400
2469,51476,57,2,61600
2470,51476,33,1,92800
2471,51476,98,1,16900
2472,51477,10,1,126300
2473,51478,39,1,70800
2474,51479,55,1,52700
2475,51480,81,3,42200
2476,51481,99,1,27500
2477,51481,46,2,118200
2478,51482,80,1,36100
2479,51483,10,1,126300
2480,51483,15,1,210300
2481,51484,92,2,32500
2482,51485,99,1,27500
2483,51485,121,1,26000
2484,51485,109,1,14300
2485,51485,107,1,57800
2486,51486,123,1,23700
2487,51486,36,1,62500
2488,51486,43,1,104400
2489,51487,119,1,55800
2490,51487,127,1,19900
2491,51488,12,2,402800
2492,51489,66,1,72100
2493,51489,12,2,402800
2494,51490,142,2,23800
2495,51490,39,1,70800
2496,51490,127,2,19900
2497,51491,117,1,125200
2498,51491,45,1,205600
2499,51492,38,1,93500
2500,51493,52,1,6900
2501,51493,80,1,36100
2502,51494,119,1,55800
2503,51494,15,1,210300
2504,51494,52,1,6900
2505,51495,92,1,32500
2506,51495,23,1,311400
2507,51496,141,1,40000
2508,51496,78,3,42000
2509,51497,107,3,57800
2510,51498,15,1,210300
2511,51499,15,1,210300
2512,51499,82,1,16500
2513,51499,61,2,50200
2514,51500,39,1,70800
2515,51501,90,2,33100
2516,51502,92,2,32500
2517,51502,89,4,10600
2518,51503,105,2,128200
2519,51503,30,1,172400
2520,51504,12,1,402800
2521,51505,98,1,16900
2522,51505,99,2,27500
2523,51505,92,1,32500
2524,51506,76,1,12400
2525,51507,52,1,6900
2526,51507,132,2,57700
2527,51508,92,3,32500
2528,51509,132,2,57700
2529,51509,119,2,55800
2530,51509,52,2,6900
2531,51510,136,1,12500
2532,51511,45,1,205600
2533,51511,106,1,70400
2534,51511,68,1,32900
2535,51512,40,1,100400
2536,51513,8,2,256900
2537,51514,66,1,72100
2538,51515,52,1,6900
2539,51516,92,3,32500
2540,51517,52,1,6900
2541,51518,68,1,32900
2542,51519,101,1,109700
2543,51519,52,1,6900
2544,51519,10,1,126300
2545,51519,111,1,79000
2546,51520,10,2,126300
2547,51520,8,1,256900
2548,51521,10,1,126300
2549,51521,90,1,33100
2550,51522,45,1,205600
2551,51522,92,1,32500
2552,51523,12,1,402800
2553,51523,28,1,17800
2554,51524,92,2,32500
2555,51524,22,1,103700
2556,51525,29,1,40500
2557,51525,49,1,51200
2558,51526,119,1,55800
2559,51526,52,1,6900
2560,51527,92,4,32500
2561,51528,10,1,126300
2562,51528,45,1,205600
2563,51529,12,1,402800
2564,51529,90,4,33100
2565,51529,46,1,118200
2566,51530,71,2,25600
2567,51530,95,1,16400
2568,51530,90,1,33100
2569,51531,56,2,72000
2570,51531,10,1,126300
2571,51531,119,2,55800
2572,51532,82,1,16500
2573,51533,111,1,79000
2574,51533,89,1,10600
2575,51534,62,1,46600
2576,51535,119,1,55800
2577,51535,92,2,32500
2578,51536,12,1,402800
2579,51537,40,1,100400
2580,51538,142,1,23800
2581,51538,102,1,116200
2582,51539,28,2,17800
2583,51540,84,1,14600
2584,51541,52,1,6900
2585,51542,92,1,32500
2586,51542,66,1,72100
2587,51542,15,1,210300
2588,51543,56,1,72000
2589,51544,107,1,57800
2590,51544,39,1,70800
2591,51544,42,1,205700
2592,51545,10,1,126300
2593,51546,100,1,92600
2594,51546,52,2,6900
2595,51547,92,1,32500
2596,51548,128,2,19300
2597,51549,92,1,32500
2598,51550,56,2,72000
2599,51550,128,1,19300
2600,51550,82,2,16500
2601,51551,105,1,128200
2602,51552,83,2,37400
2603,51553,105,1,128200
2604,51553,119,1,55800
2605,51553,30,2,172400
2606,51554,130,2,26100
2607,51554,8,1,256900
2608,51555,92,2,32500
2609,51556,83,2,37400
2610,51557,92,2,32500
2611,51558,83,2,37400
2612,51559,83,1,37400
2613,51559,142,2,23800
2614,51560,87,1,45400
2615,51560,33,1,92800
2616,51561,8,1,256900
2617,51561,69,2,14200
2618,51562,25,1,114700
2619,51562,92,3,32500
2620,51563,109,1,14300
2621,51564,92,1,32500
2622,51564,19,1,215300
2623,51565,18,1,59200
2624,51566,111,2,79000
2625,51567,136,1,12500
2626,51567,144,1,43400
2627,51568,99,3,27500
2628,51568,28,1,17800
2629,51568,119,1,55800
2630,51569,101,1,109700
2631,51570,95,1,16400
2632,51571,56,1,72000
2633,51571,19,2,215300
2634,51572,128,1,19300
2635,51572,77,1,16000
2636,51573,138,1,39800
2637,51573,52,1,6900
2638,51574,141,1,40000
2639,51575,92,2,32500
2640,51575,18,1,59200
2641,51576,52,1,6900
2642,51576,92,2,32500
2643,51576,107,1,57800
2644,51577,135,1,44200
2645,51577,38,1,93500
2646,51578,18,1,59200
2647,51578,92,2,32500
2648,51579,119,1,55800
2649,51580,8,2,256900
2650,51581,52,1,6900
2651,51582,62,2,46600
2652,51582,10,1,126300
2653,51583,57,1,61600
2654,51583,68,1,32900
2655,51584,92,1,32500
2656,51584,132,1,57700
2657,51585,132,1,57700
2658,51585,45,2,205600
2659,51586,101,1,109700
2660,51587,45,1,205600
2661,51588,52,1,6900
2662,51588,45,1,205600
2663,51588,9,2,84800
2664,51589,92,3,32500
2665,51590,112,1,23900
2666,51590,38,1,93500
2667,51591,10,1,126300
2668,51591,36,2,62500
2669,51592,87,1,45400
2670,51592,45,2,205600
2671,51593,15,1,210300
2672,51594,83,3,37400
2673,51594,13,2,172000
2674,51594,92,4,32500
2675,51594,66,1,72100
2676,51595,12,2,402800
2677,51596,66,2,72100
2678,51596,95,2,16400
2679,51597,111,1,79000
2680,51597,12,2,402800
2681,51597,10,1,126300
2682,51598,141,1,40000
2683,51598,15,1,210300
2684,51599,52,2,6900
2685,51600,45,1,205600
2686,51600,97,1,38300
2687,51601,56,2,72000
2688,51601,34,2,60900
2689,51602,66,1,72100
2690,51602,111,1,79000
2691,51603,119,2,55800
2692,51603,8,1,256900
2693,51603,66,1,72100
2694,51604,92,1,32500
2695,51604,89,2,10600
2696,51605,104,1,116500
2697,51605,66,1,72100
2698,51606,87,1,45400
2699,51606,23,1,311400
2700,51607,23,2,311400
2701,51608,92,1,32500
2702,51609,43,1,104400
2703,51610,52,1,6900
2704,51610,62,1,46600
2705,51611,23,1,311400
2706,51611,92,1,32500
2707,51612,92,2,32500
2708,51612,90,1,33100
2709,51613,92,2,32500
2710,51614,105,1,128200
2711,51615,43,1,104400
2712,51616,71,1,25600
2713,51617,101,1,109700
2714,51618,10,2,126300
2715,51619,64,1,56600
2716,51619,23,1,311400
2717,51619,68,1,32900
2718,51620,45,1,205600
2719,51621,40,1,100400
2720,51621,8,1,256900
2721,51621,10,2,126300
2722,51622,130,1,26100
2723,51623,111,1,79000
2724,51624,66,1,72100
2725,51625,10,1,126300
2726,51626,68,1,32900
2727,51626,8,1,256900
2728,51627,79,3,21500
2729,51628,92,5,32500
2730,51628,28,1,17800
2731,51629,15,1,210300
2732,51630,15,1,210300
2733,51631,36,1,62500
2734,51632,141,1,40000
2735,51632,35,1,92500
2736,51632,92,1,32500
2737,51633,92,1,32500
2738,51633,9,1,84800
2739,51634,87,1,45400
2740,51635,35,1,92500
2741,51635,132,2,57700
2742,51636,36,2,62500
2743,51637,90,2,33100
2744,51637,11,1,134400
2745,51637,119,1,55800
2746,51637,28,1,17800
2747,51638,107,1,57800
2748,51639,52,1,6900
2749,51639,92,3,32500
2750,51639,90,3,33100
2751,51640,69,1,14200
2752,51640,107,1,57800
2753,51641,98,2,16900
2754,51642,92,2,32500
2755,51642,28,2,17800
2756,51643,92,3,32500
2757,51643,70,1,35000
2758,51643,30,1,172400
2759,51643,87,2,45400
2760,51644,143,3,43100
2761,51644,87,3,45400
2762,51644,48,2,84500
2763,51644,92,1,32500
2764,51645,8,1,256900
2765,51645,31,1,110300
2766,51646,92,1,32500
2767,51646,12,2,402800
2768,51647,12,1,402800
2769,51647,39,3,70800
2770,51648,72,1,56000
2771,51649,92,3,32500
2772,51650,127,1,19900
2773,51651,127,1,19900
2774,51652,124,1,22000
2775,51652,35,1,92500
2776,51652,10,1,126300
2777,51653,22,1,103700
2778,51653,13,1,172000
2779,51654,38,1,93500
2780,51654,105,2,128200
2781,51655,62,1,46600
2782,51656,66,1,72100
2783,51657,54,1,84400
2784,51657,15,1,210300
2785,51658,92,3,32500
2786,51659,52,1,6900
2787,51660,10,2,126300
2788,51661,99,1,27500
2789,51661,18,1,59200
2790,51662,15,1,210300
2791,51663,52,1,6900
2792,51663,40,1,100400
2793,51664,41,1,87100
2794,51664,39,1,70800
2795,51665,52,2,6900
2796,51665,28,3,17800
2797,51666,97,2,38300
2798,51667,92,1,32500
2799,51667,46,2,118200
2800,51667,43,1,104400
2801,51668,10,2,126300
2802,51668,99,3,27500
2803,51669,8,2,256900
2804,51670,35,1,92500
2805,51671,142,1,23800
2806,51672,99,1,27500
2807,51673,1,1,202700
2808,51674,25,1,114700
2809,51675,121,1,26000
2810,51675,127,2,19900
2811,51675,8,1,256900
2812,51676,18,1,59200
2813,51677,12,1,402800
2814,51677,107,1,57800
2815,51678,92,2,32500
2816,51679,45,1,205600
2817,51679,15,1,210300
2818,51679,57,1,61600
2819,51680,12,1,402800
2820,51681,107,1,57800
2821,51682,45,1,205600
2822,51682,66,1,72100
2823,51683,90,2,33100
2824,51684,106,1,70400
2825,51685,66,1,72100
2826,51685,92,1,32500
2827,51685,28,1,17800
2828,51686,44,2,66500
2829,51687,38,1,93500
2830,51688,92,1,32500
2831,51689,106,2,70400
2832,51689,15,2,210300
2833,51689,10,1,126300
2834,51690,90,4,33100
2835,51690,52,1,6900
2836,51691,19,1,215300
2837,51692,116,1,103800
2838,51692,66,1,72100
2839,51692,144,1,43400
2840,51693,73,1,31200
2841,51693,10,1,126300
2842,51694,48,2,84500
2843,51694,78,2,42000
2844,51695,40,1,100400
2845,51695,5,1,52800
2846,51695,127,1,19900
2847,51696,122,1,34500
2848,51697,92,2,32500
2849,51698,90,2,33100
2850,51699,133,1,25900
2851,51700,42,1,205700
2852,51701,28,1,17800
2853,51701,10,1,126300
2854,51702,90,2,33100
2855,51702,19,2,215300
2856,51702,121,1,26000
2857,51703,56,1,72000
2858,51704,119,1,55800
2859,51705,7,1,199600
2860,51706,39,2,70800
2861,51707,62,1,46600
2862,51708,13,3,172000
2863,51708,132,1,57700
2864,51709,101,1,109700
2865,51710,119,1,55800
2866,51711,15,1,210300
2867,51712,40,1,100400
2868,51712,20,1,211300
2869,51713,119,1,55800
2870,51713,95,1,16400
2871,51713,76,1,12400
2872,51714,8,1,256900
2873,51715,10,1,126300
2874,51716,66,1,72100
2875,51716,37,1,29100
2876,51717,10,1,126300
2877,51717,107,1,57800
2878,51718,75,3,8600
2879,51719,49,1,51200
2880,51719,90,1,33100
2881,51720,80,3,36100
2882,51720,106,1,70400
2883,51721,144,1,43400
2884,51722,65,1,60000
2885,51722,10,1,126300
2886,51723,48,1,84500
2887,51723,62,2,46600
2888,51724,40,1,100400
2889,51725,45,1,205600
2890,51725,92,1,32500
2891,51726,119,2,55800
2892,51726,90,1,33100
2893,51726,40,1,100400
2894,51727,99,1,27500
2895,51728,25,1,114700
2896,51729,101,1,109700
2897,51729,95,2,16400
2898,51729,18,1,59200
2899,51730,23,2,311400
2900,51730,64,4,56600
2901,51730,68,1,32900
2902,51731,99,1,27500
2903,51732,92,3,32500
2904,51733,30,1,172400
2905,51733,39,2,70800
2906,51734,23,1,311400
2907,51734,28,1,17800
2908,51734,18,2,59200
2909,51735,15,1,210300
2910,51735,22,2,103700
2911,51735,28,2,17800
2912,51735,119,1,55800
2913,51736,12,2,402800
2914,51737,12,1,402800
2915,51738,33,1,92800
2916,51738,14,1,267700
2917,51738,107,1,57800
2918,51738,28,2,17800
2919,51739,58,1,43700
2920,51740,90,1,33100
2921,51740,79,1,21500
2922,51741,132,2,57700
2923,51741,79,1,21500
2924,51742,37,2,29100
2925,51742,43,1,104400
2926,51742,79,1,21500
2927,51743,62,1,46600
2928,51744,52,1,6900
2929,51744,18,1,59200
2930,51745,92,2,32500
2931,51746,12,1,402800
2932,51747,50,1,19500
2933,51748,52,1,6900
2934,51749,10,2,126300
2935,51749,18,1,59200
2936,51750,80,2,36100
2937,51751,132,1,57700
2938,51752,40,1,100400
2939,51752,57,1,61600
2940,51752,92,3,32500
2941,51753,28,1,17800
2942,51753,92,2,32500
2943,51754,132,1,57700
2944,51755,7,1,199600
2945,51756,142,1,23800
2946,51756,87,2,45400
2947,51757,10,1,126300
2948,51757,131,1,20100
2949,51758,52,2,6900
2950,51759,92,2,32500
2951,51760,43,1,104400
2952,51760,68,1,32900
2953,51760,92,1,32500
2954,51761,52,1,6900
2955,51762,40,3,100400
2956,51762,107,1,57800
2957,51763,101,1,109700
2958,51764,15,1,210300
2959,51764,12,1,402800
2960,51764,99,1,27500
2961,51764,87,1,45400
2962,51765,7,1,199600
2963,51766,62,1,46600
2964,51766,36,1,62500
2965,51766,28,1,17800
2966,51767,92,1,32500
2967,51767,83,2,37400
2968,51767,54,2,84400
2969,51768,106,2,70400
2970,51768,135,1,44200
2971,51769,66,1,72100
2972,51770,86,2,7700
2973,51770,92,1,32500
2974,51770,87,1,45400
2975,51771,92,1,32500
2976,51771,18,1,59200
2977,51772,98,1,16900
2978,51772,3,1,375700
2979,51773,37,1,29100
2980,51773,12,1,402800
2981,51774,140,1,17500
2982,51774,24,1,389400
2983,51775,52,1,6900
2984,51776,92,2,32500
2985,51776,45,2,205600
2986,51776,15,1,210300
2987,51777,25,1,114700
2988,51777,66,1,72100
2989,51778,10,2,126300
2990,51779,92,1,32500
2991,51780,109,1,14300
2992,51781,92,2,32500
2993,51782,101,1,109700
2994,51782,106,1,70400
2995,51783,3,1,375700
2996,51784,132,1,57700
2997,51785,46,1,118200
2998,51785,37,1,29100
2999,51786,15,1,210300
3000,51786,92,1,32500
3001,51786,52,1,6900
3002,51786,138,1,39800
3003,51786,107,1,57800
3004,51787,89,1,10600
3005,51787,48,2,84500
3006,51787,8,1,256900
3007,51787,70,1,35000
3008,51788,10,1,126300
3009,51789,1,2,202700
3010,51790,82,1,16500
3011,51790,18,1,59200
3012,51791,12,1,402800
3013,51792,101,1,109700
3014,51793,62,1,46600
3015,51793,25,1,114700
3016,51794,136,2,12500
3017,51795,92,1,32500
3018,51795,36,1,62500
3019,51796,8,1,256900
3020,51797,13,1,172000
3021,51798,92,2,32500
3022,51798,119,1,55800
3023,51799,68,1,32900
3024,51800,5,1,52800
3025,51801,90,1,33100
3026,51801,24,1,389400
3027,51802,108,1,51000
3028,51802,19,1,215300
3029,51803,106,1,70400
3030,51804,142,1,23800
3031,51805,101,1,109700
3032,51806,52,1,6900
3033,51806,10,1,126300
3034,51807,78,2,42000
3035,51807,132,1,57700
3036,51808,92,3,32500
3037,51808,107,2,57800
3038,51808,45,2,205600
3039,51809,106,1,70400
3040,51809,45,1,205600
3041,51810,56,2,72000
3042,51810,90,3,33100
3043,51810,92,1,32500
3044,51811,134,1,25400
3045,51812,10,1,126300
3046,51812,125,1,16200
3047,51813,92,2,32500
3048,51813,80,2,36100
3049,51814,89,3,10600
3050,51815,57,1,61600
3051,51815,144,1,43400
3052,51816,8,1,256900
3053,51817,119,1,55800
3054,51817,132,1,57700
3055,51818,119,1,55800
3056,51819,121,1,26000
3057,51820,45,1,205600
3058,51820,44,1,66500
3059,51820,33,1,92800
3060,51821,98,1,16900
3061,51821,66,2,72100
3062,51822,8,2,256900
3063,51823,92,2,32500
3064,51823,8,2,256900
3065,51824,119,1,55800
3066,51825,62,1,46600
3067,51825,40,1,100400
3068,51826,28,1,17800
3069,51826,12,1,402800
3070,51827,98,1,16900
3071,51828,99,1,27500
3072,51829,78,1,42000
3073,51829,92,1,32500
3074,51829,129,1,24400
3075,51830,52,1,6900
3076,51831,10,1,126300
3077,51832,4,1,184600
3078,51832,90,1,33100
3079,51832,119,1,55800
3080,51833,106,1,70400
3081,51834,99,1,27500
3082,51834,74,3,13600
3083,51835,44,2,66500
3084,51836,87,4,45400
3085,51837,78,1,42000
3086,51838,76,3,12400
3087,51839,28,1,17800
3088,51839,10,2,126300
3089,51839,132,1,57700
3090,51839,121,2,26000
3091,51840,133,1,25900
3092,51840,87,2,45400
3093,51841,127,1,19900
3094,51842,92,1,32500
3095,51843,101,1,109700
3096,51844,15,1,210300
3097,51845,8,1,256900
3098,51846,45,3,205600
3099,51846,21,1,335700
3100,51846,92,4,32500
3101,51846,96,2,40300
3102,51847,45,1,205600
3103,51847,132,2,57700
3104,51848,35,2,92500
3105,51848,127,1,19900
3106,51849,92,1,32500
3107,51849,10,1,126300
3108,51849,90,4,33100
3109,51850,39,1,70800
3110,51850,52,1,6900
3111,51851,66,2,72100
3112,51852,119,1,55800
3113,51852,107,3,57800
3114,51853,52,1,6900
3115,51854,52,1,6900
3116,51855,92,1,32500
3117,51856,82,1,16500
3118,51857,119,2,55800
3119,51858,52,1,6900
3120,51858,98,1,16900
3121,51858,7,1,199600
3122,51859,26,1,47100
3123,51859,3,1,375700
3124,51859,40,1,100400
3125,51860,8,3,256900
3126,51860,92,3,32500
3127,51861,82,2,16500
3128,51862,92,1,32500
3129,51863,52,1,6900
3130,51864,14,3,267700
3131,51865,40,1,100400
3132,51865,10,1,126300
3133,51865,66,2,72100
3134,51866,34,1,60900
3135,51866,15,3,210300
3136,51867,40,2,100400
3137,51868,66,1,72100
3138,51868,107,1,57800
3139,51868,36,2,62500
3140,51869,92,1,32500
3141,51869,107,1,57800
3142,51870,102,1,116200
3143,51870,56,1,72000
3144,51870,36,1,62500
3145,51871,138,1,39800
3146,51871,40,1,100400
3147,51872,28,1,17800
3148,51873,79,1,21500
3149,51873,10,1,126300
3150,51874,67,3,43100
3151,51874,107,1,57800
3152,51875,45,1,205600
3153,51875,75,2,8600
3154,51876,40,1,100400
3155,51876,62,1,46600
3156,51877,23,1,311400
3157,51877,132,1,57700
3158,51878,136,1,12500
3159,51878,92,2,32500
3160,51878,47,1,78900
3161,51879,40,1,100400
3162,51879,52,1,6900
3163,51880,107,1,57800
3164,51880,67,1,43100
3165,51880,92,1,32500
3166,51881,10,1,126300
3167,51881,99,1,27500
3168,51882,40,1,100400
3169,51882,19,1,215300
3170,51882,99,1,27500
3171,51883,52,1,6900
3172,51883,12,1,402800
3173,51884,144,1,43400
3174,51885,87,2,45400
3175,51886,10,1,126300
3176,51886,5,2,52800
3177,51886,30,1,172400
3178,51887,45,1,205600
3179,51888,10,1,126300
3180,51888,12,2,402800
3181,51888,46,2,118200
3182,51889,111,1,79000
3183,51890,10,1,126300
3184,51891,10,1,126300
3185,51891,92,1,32500
3186,51891,107,1,57800
3187,51892,52,1,6900
3188,51892,103,1,29600
3189,51893,66,1,72100
3190,51893,8,1,256900
3191,51894,82,3,16500
3192,51894,52,1,6900
3193,51895,127,2,19900
3194,51895,68,1,32900
3195,51896,99,1,27500
3196,51896,127,1,19900
3197,51896,107,2,57800
3198,51897,66,1,72100
3199,51898,15,1,210300
3200,51899,92,1,32500
3201,51900,139,1,30800
3202,51901,28,1,17800
3203,51902,77,1,16000
3204,51903,19,1,215300
3205,51904,109,1,14300
3206,51904,87,4,45400
3207,51904,40,1,100400
3208,51905,79,1,21500
3209,51905,20,2,211300
3210,51906,132,2,57700
3211,51907,7,1,199600
3212,51907,23,1,311400
3213,51908,75,2,8600
3214,51908,46,1,118200
3215,51909,92,2,32500
3216,51909,23,1,311400
3217,51910,132,2,57700
3218,51911,71,1,25600
3219,51911,28,2,17800
3220,51912,86,2,7700
3221,51913,39,2,70800
3222,51913,107,1,57800
3223,51914,45,1,205600
3224,51914,92,1,32500
3225,51915,80,2,36100
3226,51915,87,1,45400
3227,51915,12,1,402800
3228,51916,92,1,32500
3229,51917,92,2,32500
3230,51917,66,1,72100
3231,51918,12,1,402800
3232,51918,18,1,59200
3233,51918,106,1,70400
3234,51918,90,1,33100
3235,51919,142,1,23800
3236,51919,43,1,104400
3237,51919,132,2,57700
3238,51920,43,1,104400
3239,51920,127,1,19900
3240,51920,101,1,109700
3241,51920,132,1,57700
3242,51921,70,1,35000
3243,51921,118,1,70600
3244,51921,66,1,72100
3245,51922,78,4,42000
3246,51922,70,1,35000
3247,51923,101,1,109700
3248,51924,95,1,16400
3249,51925,62,1,46600
3250,51926,107,1,57800
3251,51927,66,1,72100
3252,51927,99,2,27500
3253,51928,56,2,72000
3254,51928,119,1,55800
3255,51929,98,3,16900
3256,51930,5,1,52800
3257,51931,92,2,32500
3258,51931,10,1,126300
3259,51931,69,1,14200
3260,51932,66,1,72100
3261,51933,70,1,35000
3262,51933,101,2,109700
3263,51934,92,1,32500
3264,51935,87,1,45400
3265,51936,92,1,32500
3266,51937,107,1,57800
3267,51937,106,1,70400
3268,51938,129,4,24400
3269,51939,144,2,43400
3270,51939,15,1,210300
3271,51940,3,1,375700
3272,51941,22,1,103700
3273,51942,90,1,33100
3274,51943,106,1,70400
3275,51944,101,1,109700
3276,51944,72,1,56000
3277,51945,132,1,57700
3278,51945,92,2,32500
3279,51946,40,1,100400
3280,51947,39,1,70800
3281,51947,98,1,16900
3282,51947,43,3,104400
3283,51948,92,1,32500
3284,51948,57,1,61600
3285,51949,107,2,57800
3286,51950,84,3,14600
3287,51950,132,1,57700
3288,51950,56,1,72000
3289,51951,106,1,70400
3290,51951,92,1,32500
3291,51951,119,1,55800
3292,51952,68,3,32900
3293,51952,90,1,33100
3294,51953,52,1,6900
3295,51954,132,1,57700
3296,51955,43,1,104400
3297,51956,90,1,33100
3298,51957,92,3,32500
3299,51958,10,1,126300
3300,51959,8,1,256900
3301,51959,100,1,92600
3302,51959,15,1,210300
3303,51960,119,1,55800
3304,51960,62,1,46600
3305,51961,83,1,37400
3306,51961,52,2,6900
3307,51962,92,1,32500
3308,51962,62,1,46600
3309,51962,45,1,205600
3310,51963,119,1,55800
3311,51964,90,2,33100
3312,51964,12,1,402800
3313,51965,92,1,32500
3314,51965,10,1,126300
3315,51965,51,1,32900
3316,51966,132,2,57700
3317,51966,92,1,32500
3318,51967,119,2,55800
3319,51968,142,2,23800
3320,51968,10,2,126300
3321,51968,45,1,205600
3322,51968,34,1,60900
3323,51969,50,2,19500
3324,51969,106,1,70400
3325,51970,119,1,55800
3326,51971,8,1,256900
3327,51971,90,1,33100
3328,51972,10,1,126300
3329,51972,119,1,55800
3330,51973,106,2,70400
3331,51974,106,1,70400
3332,51974,18,1,59200
3333,51974,56,2,72000
3334,51974,33,1,92800
3335,51975,13,1,172000
3336,51975,101,2,109700
3337,51976,132,1,57700
3338,51976,92,2,32500
3339,51976,40,2,100400
3340,51976,49,1,51200
3341,51977,78,3,42000
3342,51978,95,2,16400
3343,51979,34,3,60900
3344,51979,87,1,45400
3345,51979,90,2,33100
3346,51980,45,2,205600
3347,51980,66,1,72100
3348,51980,90,2,33100
3349,51981,87,2,45400
3350,51982,106,1,70400
3351,51983,10,1,126300
3352,51983,105,1,128200
3353,51984,68,2,32900
3354,51984,36,1,62500
3355,51985,60,1,23500
3356,51986,47,2,78900
3357,51987,10,1,126300
3358,51987,34,1,60900
3359,51988,52,1,6900
3360,51989,73,1,31200
3361,51990,95,2,16400
3362,51991,15,1,210300
3363,51991,101,1,109700
3364,51992,66,3,72100
3365,51993,39,1,70800
3366,51993,110,2,109000
3367,51994,28,1,17800
3368,51994,61,1,50200
3369,51994,7,1,199600
3370,51995,132,1,57700
3371,51996,119,1,55800
3372,51997,92,2,32500
3373,51998,134,1,25400
3374,51998,119,1,55800
3375,51999,92,2,32500
3376,52000,101,1,109700
3377,52000,33,1,92800
3378,52001,34,1,60900
3379,52002,46,1,118200
3380,52002,27,1,124200
3381,52003,10,1,126300
3382,52003,90,3,33100
3383,52004,10,2,126300
3384,52004,119,1,55800
3385,52005,106,1,70400
3386,52006,44,2,66500
3387,52006,68,1,32900
3388,52007,8,2,256900
3389,52008,49,3,51200
3390,52008,29,1,40500
3391,52009,45,1,205600
3392,52009,95,1,16400
3393,52009,129,2,24400
3394,52010,52,1,6900
3395,52010,66,2,72100
3396,52011,142,1,23800
3397,52012,92,1,32500
3398,52013,23,2,311400
3399,52014,89,2,10600
3400,52015,110,1,109000
3401,52016,23,1,311400
3402,52016,89,2,10600
3403,52017,106,1,70400
3404,52018,92,2,32500
3405,52019,20,1,211300
3406,52020,97,1,38300
3407,52021,68,1,32900
3408,52022,95,2,16400
3409,52022,64,1,56600
3410,52022,62,1,46600
3411,52023,92,1,32500
3412,52023,132,2,57700
3413,52024,52,1,6900
3414,52025,61,1,50200
3415,52025,52,1,6900
3416,52026,107,1,57800
3417,52027,92,1,32500
3418,52027,18,1,59200
3419,52028,65,1,60000
3420,52029,44,1,66500
3421,52030,106,1,70400
3422,52030,76,3,12400
3423,52031,92,1,32500
3424,52031,90,2,33100
3425,52032,107,1,57800
3426,52032,39,1,70800
3427,52033,57,2,61600
3428,52034,92,2,32500
3429,52035,97,1,38300
3430,52035,66,3,72100
3431,52036,57,1,61600
3432,52037,109,2,14300
3433,52038,82,1,16500
3434,52038,40,1,100400
3435,52039,12,1,402800
3436,52039,52,1,6900
3437,52040,12,1,402800
3438,52041,87,4,45400
3439,52042,92,3,32500
3440,52043,51,2,32900
3441,52044,98,2,16900
3442,52045,92,1,32500
3443,52045,95,1,16400
3444,52046,105,1,128200
3445,52046,70,1,35000
3446,52047,132,1,57700
3447,52047,53,1,72500
3448,52047,40,1,100400
3449,52048,8,1,256900
3450,52048,68,1,32900
3451,52048,23,1,311400
3452,52049,96,1,40300
3453,52050,127,1,19900
3454,52051,144,1,43400
3455,52052,99,1,27500
3456,52052,92,1,32500
3457,52053,101,1,109700
3458,52053,15,2,210300
3459,52054,107,1,57800
3460,52054,83,4,37400
3461,52055,78,3,42000
3462,52056,68,1,32900
3463,52057,76,1,12400
3464,52058,139,1,30800
3465,52058,10,1,126300
3466,52059,129,1,24400
3467,52059,48,1,84500
3468,52059,45,1,205600
3469,52060,6,1,422300
3470,52060,76,1,12400
3471,52060,62,1,46600
3472,52061,92,1,32500
3473,52061,56,3,72000
3474,52062,8,1,256900
3475,52063,52,1,6900
3476,52064,55,1,52700
3477,52064,52,2,6900
3478,52065,56,2,72000
3479,52065,98,3,16900
3480,52066,111,2,79000
3481,52066,14,1,267700
3482,52067,98,1,16900
3483,52068,40,1,100400
3484,52068,92,3,32500
3485,52069,92,1,32500
3486,52070,34,1,60900
3487,52071,107,1,57800
3488,52072,77,1,16000
3489,52072,92,1,32500
3490,52073,38,1,93500
3491,52074,38,1,93500
3492,52075,92,1,32500
3493,52075,8,1,256900
3494,52076,10,2,126300
3495,52077,18,1,59200
3496,52078,132,1,57700
3497,52078,101,1,109700
3498,52079,52,2,6900
3499,52079,10,1,126300
3500,52080,106,1,70400
3501,52081,92,1,32500
3502,52082,6,1,422300
3503,52083,92,2,32500
3504,52083,96,1,40300
3505,52084,80,2,36100
3506,52084,70,2,35000
3507,52084,45,3,205600
3508,52084,95,1,16400
3509,52085,40,1,100400
3510,52085,95,2,16400
3511,52086,15,1,210300
3512,52087,10,1,126300
3513,52087,34,2,60900
3514,52088,45,1,205600
3515,52089,66,2,72100
3516,52089,107,1,57800
3517,52090,28,2,17800
3518,52091,92,1,32500
3519,52092,90,1,33100
3520,52092,92,2,32500
3521,52093,40,1,100400
3522,52093,126,1,40300
3523,52094,133,2,25900
3524,52094,98,1,16900
3525,52095,92,1,32500
3526,52096,10,1,126300
3527,52096,28,1,17800
3528,52096,95,2,16400
3529,52097,107,1,57800
3530,52097,15,2,210300
3531,52098,52,1,6900
3532,52099,10,2,126300
3533,52100,99,1,27500
3534,52101,144,1,43400
3535,52102,82,2,16500
3536,52103,39,1,70800
3537,52104,112,1,23900
3538,52105,92,2,32500
3539,52105,105,1,128200
3540,52105,28,1,17800
3541,52106,105,1,128200
3542,52106,132,1,57700
3543,52107,80,1,36100
3544,52108,92,3,32500
3545,52109,90,1,33100
3546,52109,80,2,36100
3547,52109,10,1,126300
3548,52110,8,1,256900
3549,52111,37,1,29100
3550,52111,60,1,23500
3551,52112,92,1,32500
3552,52112,90,3,33100
3553,52113,87,1,45400
3554,52113,99,1,27500
3555,52114,142,1,23800
3556,52115,119,2,55800
3557,52116,132,3,57700
3558,52116,10,1,126300
3559,52117,92,3,32500
3560,52118,57,2,61600
3561,52119,98,1,16900
3562,52119,10,2,126300
3563,52119,90,2,33100
3564,52119,39,1,70800
3565,52119,18,1,59200
3566,52120,90,1,33100
3567,52120,120,2,105100
3568,52121,10,1,126300
3569,52121,136,1,12500
3570,52122,37,2,29100
3571,52123,68,1,32900
3572,52123,107,1,57800
3573,52123,52,1,6900
3574,52124,49,1,51200
3575,52124,44,2,66500
3576,52125,106,1,70400
3577,52126,39,1,70800
3578,52126,132,1,57700
3579,52126,107,2,57800
3580,52127,142,1,23800
3581,52127,100,4,92600
3582,52128,40,1,100400
3583,52128,92,3,32500
3584,52128,66,2,72100
3585,52129,38,1,93500
3586,52130,10,1,126300
3587,52130,66,1,72100
3588,52130,5,1,52800
3589,52131,12,1,402800
3590,52132,107,1,57800
3591,52132,28,1,17800
3592,52133,65,2,60000
3593,52133,37,2,29100
3594,52134,99,2,27500
3595,52135,86,2,7700
3596,52136,26,1,47100
3597,52137,8,2,256900
3598,52138,12,1,402800
3599,52139,92,2,32500
3600,52139,132,1,57700
3601,52140,101,1,109700
3602,52140,66,2,72100
3603,52141,92,2,32500
3604,52141,132,2,57700
3605,52142,52,2,6900
3606,52142,15,1,210300
3607,52143,92,4,32500
3608,52144,142,1,23800
3609,52145,40,1,100400
3610,52145,34,3,60900
3611,52146,132,1,57700
3612,52147,90,2,33100
3613,52147,105,2,128200
3614,52148,7,1,199600
3615,52148,133,1,25900
3616,52149,92,3,32500
3617,52149,119,2,55800
3618,52150,133,2,25900
3619,52151,92,2,32500
3620,52152,12,2,402800
3621,52153,70,2,35000
3622,52154,27,1,124200
3623,52154,62,1,46600
3624,52155,92,2,32500
3625,52156,92,1,32500
3626,52156,108,1,51000
3627,52157,56,1,72000
3628,52157,2,2,154500
3629,52158,62,1,46600
3630,52158,98,1,16900
3631,52158,10,2,126300
3632,52158,132,1,57700
3633,52159,82,1,16500
3634,52159,52,1,6900
3635,52159,8,1,256900
3636,52160,92,1,32500
3637,52160,40,1,100400
3638,52161,92,5,32500
3639,52162,66,1,72100
3640,52163,132,1,57700
3641,52163,92,1,32500
3642,52164,92,1,32500
3643,52165,12,1,402800
3644,52165,95,1,16400
3645,52165,33,1,92800
3646,52166,66,1,72100
3647,52167,35,2,92500
3648,52167,78,1,42000
3649,52168,130,1,26100
3650,52169,92,1,32500
3651,52169,119,1,55800
3652,52170,123,1,23700
3653,52170,56,1,72000
3654,52170,18,1,59200
3655,52170,43,1,104400
3656,52171,14,1,267700
3657,52171,133,1,25900
3658,52172,90,1,33100
3659,52172,70,1,35000
3660,52173,132,1,57700
3661,52173,111,1,79000
3662,52174,7,1,199600
3663,52174,107,1,57800
3664,52175,119,1,55800
3665,52176,34,1,60900
3666,52177,106,1,70400
3667,52178,41,1,87100
3668,52179,52,1,6900
3669,52180,40,1,100400
3670,52181,39,1,70800
3671,52182,15,2,210300
3672,52183,90,2,33100
3673,52183,132,2,57700
3674,52184,92,2,32500
3675,52185,45,1,205600
3676,52186,119,1,55800
3677,52186,127,1,19900
3678,52187,90,1,33100
3679,52188,99,1,27500
3680,52188,15,2,210300
3681,52188,28,1,17800
3682,52189,90,3,33100
3683,52190,39,1,70800
3684,52191,115,1,21600
3685,52191,74,1,13600
3686,52192,39,1,70800
3687,52192,92,2,32500
3688,52193,35,1,92500
3689,52194,111,1,79000
3690,52195,39,1,70800
3691,52196,52,1,6900
3692,52197,106,1,70400
3693,52198,10,2,126300
3694,52198,132,1,57700
3695,52198,92,1,32500
3696,52199,4,1,184600
3697,52200,132,1,57700
3698,52200,69,1,14200
3699,52201,127,1,19900
3700,52201,52,1,6900
3701,52202,57,1,61600
3702,52202,41,1,87100
3703,52202,98,1,16900
3704,52203,65,1,60000
3705,52204,107,1,57800
3706,52204,90,2,33100
3707,52205,92,3,32500
3708,52206,92,3,32500
3709,52206,39,1,70800
3710,52207,123,1,23700
3711,52208,65,1,60000
3712,52209,66,1,72100
3713,52210,95,2,16400
3714,52211,132,1,57700
3715,52212,12,1,402800
3716,52212,74,4,13600
3717,52212,52,1,6900
3718,52213,10,2,126300
3719,52214,68,1,32900
3720,52214,62,1,46600
3721,52214,37,2,29100
3722,52215,52,1,6900
3723,52215,92,1,32500
3724,52216,10,2,126300
3725,52217,107,2,57800
3726,52217,119,2,55800
3727,52218,8,1,256900
3728,52219,52,1,6900
3729,52220,68,1,32900
3730,52221,106,2,70400
3731,52221,60,1,23500
3732,52221,101,1,109700
3733,52222,40,1,100400
3734,52222,68,2,32900
3735,52223,33,1,92800
3736,52223,92,2,32500
3737,52224,92,2,32500
3738,52224,8,1,256900
3739,52225,40,1,100400
3740,52226,21,1,335700
3741,52226,7,1,199600
3742,52226,10,2,126300
3743,52227,56,1,72000
3744,52227,12,1,402800
3745,52228,52,1,6900
3746,52228,23,2,311400
3747,52229,119,1,55800
3748,52229,92,1,32500
3749,52230,15,1,210300
3750,52231,92,2,32500
3751,52232,2,1,154500
3752,52233,23,2,311400
3753,52233,92,1,32500
3754,52234,92,1,32500
3755,52235,95,1,16400
3756,52235,132,3,57700
3757,52236,107,1,57800
3758,52237,12,1,402800
3759,52237,10,1,126300
3760,52237,45,1,205600
3761,52237,76,1,12400
3762,52237,111,1,79000
3763,52237,5,1,52800
3764,52238,14,1,267700
3765,52239,29,1,40500
3766,52240,40,1,100400
3767,52240,22,1,103700
3768,52240,92,2,32500
3769,52241,41,1,87100
3770,52241,92,2,32500
3771,52242,87,2,45400
3772,52242,92,1,32500
3773,52243,99,1,27500
3774,52244,67,1,43100
3775,52245,92,1,32500
3776,52245,90,5,33100
3777,52245,136,1,12500
3778,52246,90,1,33100
3779,52246,80,1,36100
3780,52247,29,1,40500
3781,52248,40,1,100400
3782,52249,121,1,26000
3783,52249,107,2,57800
3784,52249,130,1,26100
3785,52250,10,1,126300
3786,52250,52,1,6900
3787,52251,98,1,16900
3788,52252,52,1,6900
3789,52253,111,2,79000
3790,52253,66,1,72100
3791,52253,107,1,57800
3792,52253,99,1,27500
3793,52253,56,1,72000
3794,52254,28,1,17800
3795,52254,87,4,45400
3796,52254,56,2,72000
3797,52254,101,2,109700
3798,52255,62,1,46600
3799,52256,108,3,51000
3800,52256,52,1,6900
3801,52257,52,1,6900
3802,52257,95,2,16400
3803,52258,107,2,57800
3804,52258,10,2,126300
3805,52258,66,1,72100
3806,52258,83,2,37400
3807,52259,52,1,6900
3808,52259,87,2,45400
3809,52260,107,1,57800
3810,52261,132,2,57700
3811,52261,111,1,79000
3812,52262,23,2,311400
3813,52263,107,1,57800
3814,52263,132,1,57700
3815,52264,18,1,59200
3816,52265,7,1,199600
3817,52265,121,1,26000
3818,52265,92,2,32500
3819,52266,86,1,7700
3820,52266,52,1,6900
3821,52266,10,1,126300
3822,52267,75,3,8600
3823,52267,89,3,10600
3824,52267,92,3,32500
3825,52267,45,1,205600
3826,52268,82,2,16500
3827,52269,92,1,32500
3828,52269,106,1,70400
3829,52270,132,1,57700
3830,52271,68,1,32900
3831,52271,142,1,23800
3832,52271,66,2,72100
3833,52272,8,1,256900
3834,52273,80,2,36100
3835,52273,92,1,32500
3836,52274,117,1,125200
3837,52275,106,1,70400
3838,52275,92,2,32500
3839,52276,101,2,109700
3840,52277,78,1,42000
3841,52278,52,1,6900
3842,52278,62,1,46600
3843,52279,66,1,72100
3844,52280,90,2,33100
3845,52280,119,2,55800
3846,52281,111,1,79000
3847,52281,25,1,114700
3848,52281,87,2,45400
3849,52281,66,1,72100
3850,52282,98,1,16900
3851,52282,84,3,14600
3852,52283,14,1,267700
3853,52283,98,1,16900
3854,52283,36,1,62500
3855,52284,95,1,16400
3856,52285,41,1,87100
3857,52286,90,3,33100
3858,52286,108,1,51000
3859,52287,144,1,43400
3860,52288,92,1,32500
3861,52289,69,1,14200
3862,52289,15,1,210300
3863,52290,46,1,118200
3864,52291,12,1,402800
3865,52292,87,3,45400
3866,52293,107,1,57800
3867,52293,34,1,60900
3868,52293,100,1,92600
3869,52293,10,1,126300
3870,52294,119,1,55800
3871,52294,90,1,33100
3872,52294,10,1,126300
3873,52294,132,1,57700
3874,52295,5,1,52800
3875,52296,52,1,6900
3876,52296,40,2,100400
3877,52297,17,1,188600
3878,52298,28,1,17800
3879,52299,92,4,32500
3880,52299,52,1,6900
3881,52300,1,1,202700
3882,52300,15,1,210300
3883,52301,10,1,126300
3884,52301,133,1,25900
3885,52302,15,1,210300
3886,52303,10,1,126300
3887,52304,92,1,32500
3888,52305,62,1,46600
3889,52306,139,1,30800
3890,52307,92,2,32500
3891,52308,23,1,311400
3892,52309,87,2,45400
3893,52309,92,1,32500
3894,52310,28,1,17800
3895,52310,43,1,104400
3896,52311,52,1,6900
3897,52312,45,1,205600
3898,52313,10,1,126300
3899,52314,12,1,402800
3900,52315,106,1,70400
3901,52315,136,1,12500
3902,52315,87,2,45400
3903,52315,92,1,32500
3904,52316,30,1,172400
3905,52316,107,1,57800
3906,52316,92,1,32500
3907,52317,52,1,6900
3908,52318,26,1,47100
3909,52318,40,2,100400
3910,52318,92,2,32500
3911,52319,10,1,126300
3912,52320,90,2,33100
3913,52320,57,1,61600
3914,52321,127,1,19900
3915,52321,119,1,55800
3916,52322,106,2,70400
3917,52323,39,2,70800
3918,52323,43,1,104400
3919,52323,90,4,33100
3920,52323,38,2,93500
3921,52324,92,1,32500
3922,52325,92,3,32500
3923,52326,111,2,79000
3924,52326,132,1,57700
3925,52326,2,1,154500
3926,52327,8,1,256900
3927,52328,76,2,12400
3928,52329,38,1,93500
3929,52330,53,1,72500
3930,52331,95,1,16400
3931,52332,52,1,6900
3932,52332,65,1,60000
3933,52332,108,1,51000
3934,52333,15,1,210300
3935,52333,10,1,126300
3936,52334,107,2,57800
3937,52335,12,1,402800
3938,52335,106,1,70400
3939,52336,10,1,126300
3940,52337,92,3,32500
3941,52338,10,3,126300
3942,52338,34,1,60900
3943,52338,107,1,57800
3944,52338,45,2,205600
3945,52339,119,1,55800
3946,52339,80,2,36100
3947,52340,10,1,126300
3948,52340,101,1,109700
3949,52341,127,1,19900
3950,52341,90,2,33100
3951,52342,8,3,256900
3952,52343,80,1,36100
3953,52343,66,1,72100
3954,52344,62,1,46600
3955,52344,12,1,402800
3956,52345,52,1,6900
3957,52346,40,1,100400
3958,52346,10,1,126300
3959,52346,111,1,79000
3960,52347,62,1,46600
3961,52347,14,1,267700
3962,52348,74,2,13600
3963,52348,132,1,57700
3964,52349,66,1,72100
3965,52350,39,2,70800
3966,52351,90,2,33100
3967,52351,101,1,109700
3968,52352,52,1,6900
3969,52353,44,1,66500
3970,52354,83,1,37400
3971,52355,92,3,32500
3972,52355,36,2,62500
3973,52356,92,1,32500
3974,52357,100,1,92600
3975,52357,107,2,57800
3976,52358,21,1,335700
3977,52358,47,2,78900
3978,52359,21,1,335700
3979,52360,10,1,126300
3980,52361,101,1,109700
3981,52361,119,1,55800
3982,52362,74,1,13600
3983,52363,99,2,27500
3984,52363,92,2,32500
3985,52364,40,2,100400
3986,52364,129,2,24400
3987,52365,80,1,36100
3988,52366,12,1,402800
3989,52366,52,1,6900
3990,52367,36,1,62500
3991,52367,66,1,72100
3992,52368,52,1,6900
3993,52368,98,1,16900
3994,52368,28,1,17800
3995,52369,10,1,126300
3996,52369,52,1,6900
3997,52370,2,1,154500
3998,52371,45,1,205600
3999,52371,18,1,59200
4000,52372,26,1,47100
4001,52372,92,1,32500
4002,52373,12,2,402800
4003,52373,53,1,72500
4004,52374,144,1,43400
4005,52375,10,1,126300
4006,52376,10,1,126300
4007,52377,12,1,402800
4008,52377,52,1,6900
4009,52378,12,1,402800
4010,52379,8,2,256900
4011,52380,82,2,16500
4012,52380,85,1,3900
4013,52380,66,1,72100
4014,52381,52,1,6900
4015,52382,119,2,55800
4016,52382,84,1,14600
4017,52383,106,1,70400
4018,52384,119,1,55800
4019,52385,89,1,10600
4020,52386,132,2,57700
4021,52387,99,1,27500
4022,52388,52,2,6900
4023,52389,39,1,70800
4024,52390,45,1,205600
4025,52391,66,1,72100
4026,52392,23,2,311400
4027,52392,7,1,199600
4028,52393,66,1,72100
4029,52394,142,4,23800
4030,52394,72,1,56000
4031,52394,109,1,14300
4032,52394,25,1,114700
4033,52394,74,2,13600
4034,52395,70,1,35000
4035,52396,66,1,72100
4036,52396,10,2,126300
4037,52397,89,4,10600
4038,52397,7,1,199600
4039,52398,39,2,70800
4040,52398,132,1,57700
4041,52398,92,4,32500
4042,52399,90,3,33100
4043,52399,91,2,8200
4044,52400,92,1,32500
4045,52401,51,1,32900
4046,52401,39,1,70800
4047,52402,80,4,36100
4048,52402,10,1,126300
4049,52403,28,2,17800
4050,52404,66,1,72100
4051,52405,36,1,62500
4052,52406,15,2,210300
4053,52406,88,2,18300
4054,52407,69,1,14200
4055,52408,52,1,6900
4056,52409,99,1,27500
4057,52410,132,1,57700
4058,52410,10,2,126300
4059,52411,66,1,72100
4060,52411,132,3,57700
4061,52412,132,1,57700
4062,52413,52,1,6900
4063,52413,119,1,55800
4064,52414,132,1,57700
4065,52415,89,2,10600
4066,52416,92,4,32500
4067,52417,66,1,72100
4068,52417,132,1,57700
4069,52417,52,1,6900
4070,52418,134,1,25400
4071,52418,22,1,103700
4072,52419,106,1,70400
4073,52420,119,1,55800
4074,52421,10,1,126300
4075,52422,92,2,32500
4076,52423,12,1,402800
4077,52424,8,1,256900
4078,52424,32,2,174600
4079,52424,92,1,32500
4080,52425,119,1,55800
4081,52426,57,1,61600
4082,52427,92,2,32500
4083,52427,57,1,61600
4084,52428,122,1,34500
4085,52428,17,1,188600
4086,52428,92,5,32500
4087,52429,98,2,16900
4088,52430,119,1,55800
4089,52431,10,2,126300
4090,52431,66,1,72100
4091,52432,110,1,109000
4092,52433,106,1,70400
4093,52434,56,1,72000
4094,52434,52,1,6900
4095,52434,44,2,66500
4096,52435,99,1,27500
4097,52436,12,1,402800
4098,52436,132,2,57700
4099,52437,66,1,72100
4100,52438,23,1,311400
4101,52439,99,1,27500
4102,52440,107,1,57800
4103,52440,90,2,33100
4104,52441,144,1,43400
4105,52441,10,1,126300
4106,52442,132,1,57700
4107,52443,87,2,45400
4108,52443,56,1,72000
4109,52444,107,1,57800
4110,52445,52,1,6900
4111,52446,52,1,6900
4112,52447,139,1,30800
4113,52447,27,2,124200
4114,52448,92,3,32500
4115,52449,111,1,79000
4116,52449,40,1,100400
4117,52450,92,1,32500
4118,52451,92,3,32500
4119,52451,87,2,45400
4120,52452,78,2,42000
4121,52453,28,1,17800
4122,52453,92,2,32500
4123,52454,43,1,104400
4124,52454,87,1,45400
4125,52455,28,2,17800
4126,52456,77,5,16000
4127,52456,105,1,128200
4128,52457,101,1,109700
4129,52458,92,3,32500
4130,52458,131,2,20100
4131,52459,19,1,215300
4132,52459,56,1,72000
4133,52459,111,1,79000
4134,52460,119,1,55800
4135,52460,52,1,6900
4136,52461,14,1,267700
4137,52462,15,1,210300
4138,52462,90,2,33100
4139,52463,74,3,13600
4140,52464,10,1,126300
4141,52465,45,1,205600
4142,52465,62,1,46600
4143,52465,101,1,109700
4144,52465,38,1,93500
4145,52466,92,2,32500
4146,52466,40,2,100400
4147,52467,101,1,109700
4148,52467,30,1,172400
4149,52468,134,1,25400
4150,52469,74,2,13600
4151,52470,92,3,32500
4152,52471,92,1,32500
4153,52471,87,2,45400
4154,52471,66,1,72100
4155,52472,119,1,55800
4156,52472,136,1,12500
4157,52472,12,1,402800
4158,52473,45,2,205600
4159,52473,92,2,32500
4160,52474,23,2,311400
4161,52474,44,1,66500
4162,52475,39,3,70800
4163,52475,90,1,33100
4164,52476,2,1,154500
4165,52476,92,3,32500
4166,52477,119,1,55800
4167,52478,10,1,126300
4168,52478,37,2,29100
4169,52479,46,2,118200
4170,52480,40,1,100400
4171,52480,86,4,7700
4172,52481,69,1,14200
4173,52482,141,1,40000
4174,52482,107,2,57800
4175,52482,92,1,32500
4176,52483,46,1,118200
4177,52483,92,1,32500
4178,52483,30,2,172400
4179,52484,132,1,57700
4180,52485,130,2,26100
4181,52485,10,1,126300
4182,52485,101,1,109700
4183,52486,79,1,21500
4184,52486,8,1,256900
4185,52487,90,1,33100
4186,52488,92,3,32500
4187,52488,142,1,23800
4188,52489,39,1,70800
4189,52490,45,3,205600
4190,52491,57,1,61600
4191,52492,92,2,32500
4192,52493,1,1,202700
4193,52493,89,2,10600
4194,52494,92,1,32500
4195,52495,92,2,32500
4196,52496,10,1,126300
4197,52497,39,1,70800
4198,52497,28,1,17800
4199,52498,119,2,55800
4200,52498,99,1,27500
4201,52499,39,1,70800
4202,52500,90,1,33100
4203,52500,49,1,51200
4204,52500,111,1,79000
4205,52501,66,2,72100
4206,52502,136,1,12500
4207,52502,106,1,70400
4208,52503,52,1,6900
4209,52504,119,1,55800
4210,52505,80,2,36100
4211,52505,92,3,32500
4212,52505,18,1,59200
4213,52506,51,1,32900
4214,52506,10,1,126300
4215,52506,78,2,42000
4216,52507,92,1,32500
4217,52508,43,1,104400
4218,52509,83,2,37400
4219,52510,92,3,32500
4220,52510,52,1,6900
4221,52511,52,2,6900
4222,52512,23,1,311400
4223,52513,68,1,32900
4224,52513,98,1,16900
4225,52514,92,1,32500
4226,52514,105,1,128200
4227,52514,12,1,402800
4228,52515,46,1,118200
4229,52515,74,1,13600
4230,52515,10,1,126300
4231,52516,95,2,16400
4232,52516,40,1,100400
4233,52517,10,1,126300
4234,52517,101,2,109700
4235,52518,105,1,128200
4236,52519,43,1,104400
4237,52519,90,1,33100
4238,52520,132,1,57700
4239,52520,90,2,33100
4240,52521,109,1,14300
4241,52522,58,1,43700
4242,52523,52,2,6900
4243,52524,119,2,55800
4244,52525,119,2,55800
4245,52526,112,1,23900
4246,52527,10,2,126300
4247,52528,26,1,47100
4248,52528,95,7,16400
4249,52528,30,1,172400
4250,52529,87,2,45400
4251,52530,15,1,210300
4252,52530,90,1,33100
4253,52531,12,1,402800
4254,52531,62,1,46600
4255,52532,10,1,126300
4256,52533,119,2,55800
4257,52533,33,1,92800
4258,52533,7,1,199600
4259,52534,12,1,402800
4260,52534,21,1,335700
4261,52535,52,1,6900
4262,52535,10,1,126300
4263,52536,12,2,402800
4264,52537,52,1,6900
4265,52538,15,1,210300
4266,52538,52,2,6900
4267,52539,30,1,172400
4268,52540,28,2,17800
4269,52540,52,2,6900
4270,52541,129,1,24400
4271,52541,33,1,92800
4272,52541,90,2,33100
4273,52541,57,1,61600
4274,52542,111,1,79000
4275,52542,92,3,32500
4276,52543,111,1,79000
4277,52544,142,1,23800
4278,52545,8,2,256900
4279,52545,39,1,70800
4280,52545,92,1,32500
4281,52546,62,1,46600
4282,52547,107,2,57800
4283,52547,98,1,16900
4284,52548,142,1,23800
4285,52549,12,2,402800
4286,52549,92,2,32500
4287,52550,23,2,311400
4288,52551,66,1,72100
4289,52552,132,1,57700
4290,52553,39,1,70800
4291,52554,92,2,32500
4292,52554,52,2,6900
4293,52555,32,1,174600
4294,52555,33,1,92800
4295,52555,40,2,100400
4296,52556,55,1,52700
4297,52556,40,1,100400
4298,52557,15,3,210300
4299,52557,80,1,36100
4300,52558,26,1,47100
4301,52558,98,1,16900
4302,52559,66,1,72100
4303,52560,10,2,126300
4304,52560,33,1,92800
4305,52561,107,1,57800
4306,52561,38,1,93500
4307,52561,92,1,32500
4308,52562,46,1,118200
4309,52563,56,1,72000
4310,52563,10,1,126300
4311,52564,40,2,100400
4312,52564,45,1,205600
4313,52565,11,1,134400
4314,52565,92,1,32500
4315,52565,30,1,172400
4316,52566,92,3,32500
4317,52566,90,3,33100
4318,52567,7,1,199600
4319,52567,107,1,57800
4320,52568,55,1,52700
4321,52569,92,1,32500
4322,52570,24,1,389400
4323,52570,90,3,33100
4324,52571,92,2,32500
4325,52572,69,1,14200
4326,52573,33,1,92800
4327,52574,90,1,33100
4328,52574,52,2,6900
4329,52574,132,1,57700
4330,52575,90,1,33100
4331,52575,3,1,375700
4332,52576,15,1,210300
4333,52576,30,1,172400
4334,52577,95,1,16400
4335,52577,79,2,21500
4336,52577,56,1,72000
4337,52578,26,2,47100
4338,52578,105,1,128200
4339,52578,138,1,39800
4340,52579,101,1,109700
4341,52580,90,3,33100
4342,52580,10,1,126300
4343,52581,121,2,26000
4344,52582,43,1,104400
4345,52583,65,1,60000
4346,52583,10,1,126300
4347,52583,40,1,100400
4348,52584,129,1,24400
4349,52584,10,1,126300
4350,52585,100,1,92600
4351,52585,70,1,35000
4352,52586,57,2,61600
4353,52586,13,2,172000
4354,52587,106,1,70400
4355,52587,9,2,84800
4356,52587,10,1,126300
4357,52588,127,2,19900
4358,52589,78,2,42000
4359,52589,56,1,72000
4360,52589,9,1,84800
4361,52589,103,1,29600
4362,52590,100,1,92600
4363,52590,89,2,10600
4364,52591,70,1,35000
4365,52591,66,1,72100
4366,52592,103,1,29600
4367,52593,12,1,402800
4368,52593,102,3,116200
4369,52593,92,2,32500
4370,52594,38,1,93500
4371,52594,62,1,46600
4372,52595,119,2,55800
4373,52596,62,1,46600
4374,52596,28,1,17800
4375,52597,7,1,199600
4376,52597,56,1,72000
4377,52598,40,1,100400
4378,52598,101,1,109700
4379,52598,21,1,335700
4380,52599,127,2,19900
4381,52600,60,1,23500
4382,52600,107,1,57800
4383,52600,89,1,10600
4384,52601,76,1,12400
4385,52601,132,1,57700
4386,52602,92,2,32500
4387,52603,109,1,14300
4388,52604,101,1,109700
4389,52604,119,1,55800
4390,52605,92,3,32500
4391,52606,119,1,55800
4392,52606,90,2,33100
4393,52607,139,2,30800
4394,52608,92,1,32500
4395,52608,45,1,205600
4396,52609,15,1,210300
4397,52610,45,1,205600
4398,52611,52,2,6900
4399,52612,28,1,17800
4400,52613,56,1,72000
4401,52613,99,1,27500
4402,52613,90,3,33100
4403,52614,18,1,59200
4404,52614,92,2,32500
4405,52615,92,1,32500
4406,52616,132,1,57700
4407,52617,90,2,33100
4408,52617,106,1,70400
4409,52618,39,1,70800
4410,52619,52,1,6900
4411,52620,10,1,126300
4412,52621,40,2,100400
4413,52621,92,3,32500
4414,52621,106,2,70400
4415,52621,127,2,19900
4416,52622,99,1,27500
4417,52622,59,1,19500
4418,52623,52,1,6900
4419,52624,106,1,70400
4420,52625,28,2,17800
4421,52625,35,2,92500
4422,52625,8,1,256900
4423,52625,66,2,72100
4424,52626,22,2,103700
4425,52626,27,2,124200
4426,52627,45,1,205600
4427,52627,52,1,6900
4428,52627,68,1,32900
4429,52627,23,2,311400
4430,52628,48,2,84500
4431,52628,80,2,36100
4432,52629,80,2,36100
4433,52630,98,2,16900
4434,52630,82,1,16500
4435,52631,45,1,205600
4436,52632,124,2,22000
4437,52633,107,2,57800
4438,52634,92,1,32500
4439,52635,122,1,34500
4440,52636,92,3,32500
4441,52636,12,1,402800
4442,52636,111,1,79000
4443,52636,81,1,42200
4444,52637,101,2,109700
4445,52637,99,1,27500
4446,52638,62,1,46600
4447,52638,119,2,55800
4448,52639,137,3,43800
4449,52640,92,4,32500
4450,52641,35,1,92500
4451,52642,12,1,402800
4452,52643,19,1,215300
4453,52644,101,2,109700
4454,52644,92,1,32500
4455,52645,15,1,210300
4456,52646,92,2,32500
4457,52647,57,2,61600
4458,52647,30,1,172400
4459,52648,52,2,6900
4460,52648,30,1,172400
4461,52649,87,1,45400
4462,52650,130,1,26100
4463,52651,96,3,40300
4464,52651,90,1,33100
4465,52652,66,1,72100
4466,52653,70,2,35000
4467,52654,135,1,44200
4468,52655,45,2,205600
4469,52656,136,1,12500
4470,52656,101,2,109700
4471,52656,8,2,256900
4472,52657,121,1,26000
4473,52658,105,2,128200
4474,52659,8,1,256900
4475,52659,101,1,109700
4476,52659,10,1,126300
4477,52660,28,1,17800
4478,52660,58,1,43700
4479,52661,82,1,16500
4480,52661,90,2,33100
4481,52662,90,2,33100
4482,52663,62,1,46600
4483,52664,4,1,184600
4484,52665,12,1,402800
4485,52666,45,1,205600
4486,52666,92,5,32500
4487,52666,95,1,16400
4488,52667,116,1,103800
4489,52668,87,1,45400
4490,52669,101,1,109700
4491,52670,107,1,57800
4492,52670,56,1,72000
4493,52671,56,2,72000
4494,52671,10,1,126300
4495,52672,12,1,402800
4496,52673,92,4,32500
4497,52674,99,3,27500
4498,52675,11,1,134400
4499,52675,55,1,52700
4500,52675,92,2,32500
4501,52676,28,1,17800
4502,52676,52,3,6900
4503,52676,92,2,32500
4504,52677,119,1,55800
4505,52677,92,2,32500
4506,52678,52,1,6900
4507,52679,18,1,59200
4508,52680,90,2,33100
4509,52680,83,1,37400
4510,52681,92,2,32500
4511,52681,52,2,6900
4512,52682,112,2,23900
4513,52682,120,1,105100
4514,52683,10,1,126300
4515,52684,90,1,33100
4516,52685,1,1,202700
4517,52685,48,1,84500
4518,52685,95,3,16400
4519,52686,52,1,6900
4520,52687,37,1,29100
4521,52687,15,2,210300
4522,52688,89,3,10600
4523,52688,119,1,55800
4524,52688,99,1,27500
4525,52689,114,1,97800
4526,52689,12,2,402800
4527,52689,10,1,126300
4528,52690,68,2,32900
4529,52690,107,1,57800
4530,52691,87,1,45400
4531,52692,142,1,23800
4532,52692,132,1,57700
4533,52693,65,2,60000
4534,52694,90,2,33100
4535,52694,132,1,57700
4536,52695,107,1,57800
4537,52695,37,1,29100
4538,52696,83,3,37400
4539,52696,62,1,46600
4540,52696,105,1,128200
4541,52697,90,1,33100
4542,52698,77,2,16000
4543,52699,40,1,100400
4544,52699,90,2,33100
4545,52700,40,1,100400
4546,52700,107,1,57800
4547,52700,66,1,72100
4548,52701,132,1,57700
4549,52701,8,2,256900
4550,52702,119,2,55800
4551,52703,92,3,32500
4552,52704,45,1,205600
4553,52705,32,3,174600
4554,52705,90,1,33100
4555,52706,10,2,126300
4556,52706,52,1,6900
4557,52706,102,1,116200
4558,52706,119,1,55800
4559,52707,127,2,19900
4560,52707,40,1,100400
4561,52707,144,1,43400
4562,52707,119,1,55800
4563,52708,75,2,8600
4564,52708,64,1,56600
4565,52708,39,1,70800
4566,52709,28,1,17800
4567,52709,66,1,72100
4568,52710,10,1,126300
4569,52710,7,1,199600
4570,52711,12,1,402800
4571,52711,121,1,26000
4572,52712,52,1,6900
4573,52713,44,2,66500
4574,52714,78,2,42000
4575,52715,28,2,17800
4576,52715,92,2,32500
4577,52716,5,1,52800
4578,52716,66,2,72100
4579,52716,99,1,27500
4580,52717,15,1,210300
4581,52717,92,5,32500
4582,52718,79,1,21500
4583,52719,7,1,199600
4584,52720,132,1,57700
4585,52721,100,1,92600
4586,52721,132,1,57700
4587,52722,95,1,16400
4588,52722,66,1,72100
4589,52723,57,1,61600
4590,52724,77,1,16000
4591,52724,40,1,100400
4592,52725,75,2,8600
4593,52726,48,2,84500
4594,52726,119,1,55800
4595,52727,34,2,60900
4596,52727,52,1,6900
4597,52728,39,1,70800
4598,52729,40,2,100400
4599,52729,121,1,26000
4600,52729,69,1,14200
4601,52730,92,1,32500
4602,52731,121,2,26000
4603,52732,142,1,23800
4604,52733,58,1,43700
4605,52733,107,1,57800
4606,52734,36,1,62500
4607,52734,132,1,57700
4608,52735,15,1,210300
4609,52736,92,1,32500
4610,52736,106,1,70400
4611,52737,107,1,57800
4612,52738,107,2,57800
4613,52739,48,1,84500
4614,52739,123,1,23700
4615,52740,23,1,311400
4616,52741,7,1,199600
4617,52741,43,1,104400
4618,52741,52,2,6900
4619,52742,36,2,62500
4620,52742,132,1,57700
4621,52743,120,1,105100
4622,52744,109,1,14300
4623,52744,95,1,16400
4624,52744,40,1,100400
4625,52745,92,1,32500
4626,52746,92,1,32500
4627,52747,10,1,126300
4628,52747,52,1,6900
4629,52747,74,1,13600
4630,52748,62,1,46600
4631,52748,99,2,27500
4632,52748,18,2,59200
4633,52748,57,1,61600
4634,52749,144,1,43400
4635,52750,10,1,126300
4636,52750,107,1,57800
4637,52750,8,1,256900
4638,52750,52,1,6900
4639,52751,80,1,36100
4640,52751,105,1,128200
4641,52751,52,1,6900
4642,52752,79,2,21500
4643,52753,28,1,17800
4644,52754,99,1,27500
4645,52755,18,2,59200
4646,52756,106,1,70400
4647,52756,92,3,32500
4648,52757,132,1,57700
4649,52758,66,2,72100
4650,52758,92,1,32500
4651,52759,40,1,100400
4652,52759,107,1,57800
4653,52760,107,1,57800
4654,52761,142,1,23800
4655,52761,56,1,72000
4656,52761,106,1,70400
4657,52762,40,1,100400
4658,52762,39,1,70800
4659,52762,119,1,55800
4660,52763,33,1,92800
4661,52763,65,1,60000
4662,52764,128,1,19300
4663,52764,132,1,57700
4664,52765,90,2,33100
4665,52765,16,2,73600
4666,52766,25,1,114700
4667,52767,10,1,126300
4668,52767,82,1,16500
4669,52767,45,1,205600
4670,52768,92,2,32500
4671,52769,10,1,126300
4672,52770,92,2,32500
4673,52770,135,1,44200
4674,52771,39,1,70800
4675,52772,15,1,210300
4676,52772,10,2,126300
4677,52773,62,1,46600
4678,52773,40,1,100400
4679,52773,12,1,402800
4680,52774,98,1,16900
4681,52774,74,2,13600
4682,52775,92,1,32500
4683,52775,15,1,210300
4684,52775,89,2,10600
4685,52776,132,1,57700
4686,52777,40,1,100400
4687,52778,98,1,16900
4688,52778,10,1,126300
4689,52778,92,1,32500
4690,52779,10,1,126300
4691,52779,66,1,72100
4692,52779,40,1,100400
4693,52780,123,2,23700
4694,52781,92,2,32500
4695,52781,10,1,126300
4696,52782,52,2,6900
4697,52783,132,1,57700
4698,52783,66,2,72100
4699,52784,15,1,210300
4700,52785,79,1,21500
4701,52786,102,1,116200
4702,52786,18,1,59200
4703,52786,99,1,27500
4704,52786,52,1,6900
4705,52787,62,1,46600
4706,52787,39,1,70800
4707,52787,92,1,32500
4708,52787,119,1,55800
4709,52788,52,1,6900
4710,52788,40,2,100400
4711,52789,92,3,32500
4712,52789,119,1,55800
4713,52789,66,1,72100
4714,52790,111,1,79000
4715,52790,92,3,32500
4716,52791,23,1,311400
4717,52791,119,1,55800
4718,52792,30,2,172400
4719,52793,92,1,32500
4720,52794,80,2,36100
4721,52795,90,4,33100
4722,52795,33,1,92800
4723,52796,39,1,70800
4724,52797,45,1,205600
4725,52797,12,1,402800
4726,52798,92,1,32500
4727,52798,95,1,16400
4728,52799,12,2,402800
4729,52799,41,1,87100
4730,52800,66,1,72100
4731,52801,92,3,32500
4732,52802,92,4,32500
4733,52803,90,2,33100
4734,52804,10,2,126300
4735,52804,144,1,43400
4736,52805,10,2,126300
4737,52806,92,3,32500
4738,52807,23,1,311400
4739,52808,40,1,100400
4740,52808,52,3,6900
4741,52809,132,1,57700
4742,52810,95,2,16400
4743,52811,12,1,402800
4744,52812,40,1,100400
4745,52812,111,1,79000
4746,52813,92,3,32500
4747,52813,124,1,22000
4748,52814,62,1,46600
4749,52814,92,2,32500
4750,52814,53,1,72500
4751,52814,68,1,32900
4752,52815,7,1,199600
4753,52816,40,1,100400
4754,52817,132,1,57700
4755,52817,40,1,100400
4756,52817,87,2,45400
4757,52818,101,1,109700
4758,52818,52,1,6900
4759,52819,70,1,35000
4760,52819,87,1,45400
4761,52820,90,2,33100
4762,52821,119,4,55800
4763,52821,10,1,126300
4764,52822,28,1,17800
4765,52822,139,1,30800
4766,52823,6,2,422300
4767,52824,34,2,60900
4768,52825,45,1,205600
4769,52825,52,1,6900
4770,52826,66,1,72100
4771,52827,52,1,6900
4772,52827,107,1,57800
4773,52828,82,2,16500
4774,52829,106,2,70400
4775,52829,44,1,66500
4776,52829,39,1,70800
4777,52830,132,1,57700
4778,52830,1,1,202700
4779,52831,28,1,17800
4780,52832,87,2,45400
4781,52832,40,1,100400
4782,52832,80,2,36100
4783,52833,12,1,402800
4784,52833,92,1,32500
4785,52834,89,1,10600
4786,52834,119,2,55800
4787,52835,68,1,32900
4788,52836,70,1,35000
4789,52836,106,1,70400
4790,52836,28,1,17800
4791,52837,92,3,32500
4792,52838,99,2,27500
4793,52838,119,1,55800
4794,52839,127,1,19900
4795,52840,52,1,6900
4796,52841,71,1,25600
4797,52841,66,1,72100
4798,52842,15,1,210300
4799,52843,12,1,402800
4800,52843,39,1,70800
4801,52843,127,2,19900
4802,52843,132,1,57700
4803,52844,62,1,46600
4804,52844,105,1,128200
4805,52844,92,2,32500
4806,52845,10,1,126300
4807,52845,40,1,100400
4808,52845,62,1,46600
4809,52846,15,2,210300
4810,52846,92,2,32500
4811,52847,74,1,13600
4812,52847,40,1,100400
4813,52848,92,3,32500
4814,52848,40,1,100400
4815,52849,80,1,36100
4816,52849,90,1,33100
4817,52850,99,1,27500
4818,52851,144,1,43400
4819,52851,92,1,32500
4820,52851,17,1,188600
4821,52851,90,3,33100
4822,52852,127,2,19900
4823,52853,56,1,72000
4824,52854,87,1,45400
4825,52855,57,1,61600
4826,52855,64,1,56600
4827,52855,68,1,32900
4828,52856,49,1,51200
4829,52857,90,1,33100
4830,52857,52,1,6900
4831,52858,107,1,57800
4832,52859,129,1,24400
4833,52859,92,4,32500
4834,52859,65,1,60000
4835,52859,44,1,66500
4836,52860,52,1,6900
4837,52861,53,1,72500
4838,52862,92,4,32500
4839,52863,37,1,29100
4840,52864,15,1,210300
4841,52864,92,1,32500
4842,52865,12,2,402800
4843,52866,10,2,126300
4844,52867,52,1,6900
4845,52868,10,1,126300
4846,52869,112,1,23900
4847,52870,15,1,210300
4848,52871,114,1,97800
4849,52872,96,1,40300
4850,52873,62,1,46600
4851,52874,8,1,256900
4852,52874,15,2,210300
4853,52875,9,1,84800
4854,52875,92,1,32500
4855,52876,128,1,19300
4856,52876,52,1,6900
4857,52877,56,1,72000
4858,52878,89,1,10600
4859,52879,95,1,16400
4860,52879,132,2,57700
4861,52880,132,1,57700
4862,52881,10,1,126300
4863,52882,66,1,72100
4864,52882,132,1,57700
4865,52883,52,1,6900
4866,52884,100,1,92600
4867,52884,52,1,6900
4868,52885,107,1,57800
4869,52885,89,2,10600
4870,52886,25,2,114700
4871,52887,37,1,29100
4872,52888,1,1,202700
4873,52889,132,1,57700
4874,52890,107,1,57800
4875,52891,92,1,32500
4876,52892,127,1,19900
4877,52893,90,4,33100
4878,52893,34,2,60900
4879,52893,52,1,6900
4880,52894,30,1,172400
4881,52894,19,1,215300
4882,52895,23,2,311400
4883,52896,111,1,79000
4884,52897,37,1,29100
4885,52898,75,4,8600
4886,52898,22,1,103700
4887,52899,54,1,84400
4888,52899,105,1,128200
4889,52899,66,1,72100
4890,52900,119,1,55800
4891,52900,92,2,32500
4892,52901,77,1,16000
4893,52902,56,1,72000
4894,52903,122,2,34500
4895,52904,52,1,6900
4896,52905,79,3,21500
4897,52905,92,1,32500
4898,52906,92,1,32500
4899,52907,100,1,92600
4900,52908,12,1,402800
4901,52908,96,1,40300
4902,52909,30,1,172400
4903,52909,41,1,87100
4904,52910,142,1,23800
4905,52910,90,1,33100
4906,52911,60,1,23500
4907,52911,92,1,32500
4908,52911,99,1,27500
4909,52912,56,1,72000
4910,52913,133,1,25900
4911,52913,92,2,32500
4912,52914,90,2,33100
4913,52914,70,1,35000
4914,52914,82,2,16500
4915,52915,142,1,23800
4916,52916,10,2,126300
4917,52917,34,1,60900
4918,52918,12,1,402800
4919,52918,98,1,16900
4920,52918,28,1,17800
4921,52918,52,2,6900
4922,52919,79,1,21500
4923,52919,66,1,72100
4924,52920,62,3,46600
4925,52920,40,1,100400
4926,52921,99,1,27500
4927,52922,45,2,205600
4928,52923,45,2,205600
4929,52924,85,2,3900
4930,52924,70,2,35000
4931,52924,33,1,92800
4932,52924,10,2,126300
4933,52924,144,1,43400
4934,52925,87,3,45400
4935,52926,87,2,45400
4936,52927,83,1,37400
4937,52928,10,2,126300
4938,52929,28,1,17800
4939,52929,92,1,32500
4940,52930,107,2,57800
4941,52930,12,1,402800
4942,52930,40,1,100400
4943,52931,62,1,46600
4944,52932,80,1,36100
4945,52933,10,1,126300
4946,52933,87,4,45400
4947,52934,90,1,33100
4948,52934,40,2,100400
4949,52935,95,1,16400
4950,52936,77,1,16000
4951,52936,111,1,79000
4952,52937,43,2,104400
4953,52938,107,1,57800
4954,52939,90,1,33100
4955,52940,41,1,87100
4956,52940,92,3,32500
4957,52941,107,1,57800
4958,52942,52,1,6900
4959,52943,92,3,32500
4960,52943,132,1,57700
4961,52943,90,2,33100
4962,52943,66,1,72100
4963,52944,123,1,23700
4964,52944,127,1,19900
4965,52945,8,3,256900
4966,52946,92,1,32500
4967,52947,133,2,25900
4968,52948,99,1,27500
4969,52949,45,1,205600
4970,52950,92,1,32500
4971,52951,132,1,57700
4972,52952,18,2,59200
4973,52952,138,1,39800
4974,52952,107,1,57800
4975,52953,23,3,311400
4976,52954,38,1,93500
4977,52955,89,4,10600
4978,52956,107,1,57800
4979,52957,10,1,126300
4980,52957,92,1,32500
4981,52958,34,1,60900
4982,52958,35,1,92500
4983,52958,141,1,40000
4984,52958,52,1,6900
4985,52959,132,1,57700
4986,52960,132,2,57700
4987,52960,92,3,32500
4988,52961,11,3,134400
4989,52962,40,1,100400
4990,52962,90,3,33100
4991,52962,32,1,174600
4992,52963,8,1,256900
4993,52964,1,1,202700
4994,52964,92,2,32500
4995,52964,130,2,26100
4996,52964,79,1,21500
4997,52965,15,1,210300
4998,52965,92,1,32500
4999,52966,68,1,32900
5000,52967,12,3,402800
5001,52968,10,1,126300
5002,52969,10,1,126300
5003,52970,12,1,402800
5004,52970,57,1,61600
5005,52970,19,1,215300
5006,52971,11,1,134400
5007,52972,52,2,6900
5008,52972,90,1,33100
5009,52972,132,1,57700
5010,52973,107,1,57800
5011,52973,7,2,199600
5012,52973,92,2,32500
5013,52974,92,2,32500
5014,52975,142,1,23800
5015,52976,24,1,389400
5016,52977,30,1,172400
5017,52978,9,1,84800
5018,52979,106,1,70400
5019,52980,92,2,32500
5020,52980,47,1,78900
5021,52981,92,1,32500
5022,52981,107,1,57800
5023,52982,63,2,73400
5024,52983,40,1,100400
5025,52983,105,1,128200
5026,52984,70,2,35000
5027,52985,37,2,29100
5028,52985,57,2,61600
5029,52985,41,1,87100
5030,52986,12,1,402800
5031,52986,71,1,25600
5032,52987,66,1,72100
5033,52987,132,2,57700
5034,52988,15,2,210300
5035,52988,95,3,16400
5036,52989,12,1,402800
5037,52990,52,1,6900
5038,52990,107,1,57800
5039,52991,121,1,26000
5040,52992,45,1,205600
5041,52993,7,2,199600
5042,52994,112,1,23900
5043,52994,119,1,55800
5044,52995,45,1,205600
5045,52995,5,1,52800
5046,52995,39,1,70800
5047,52996,15,1,210300
5048,52996,12,1,402800
5049,52997,28,1,17800
5050,52997,8,1,256900
5051,52997,92,3,32500
5052,52998,62,1,46600
5053,52999,106,2,70400
5054,52999,92,2,32500
5055,52999,33,1,92800
5056,53000,14,1,267700
5057,53000,10,1,126300
5058,53001,7,1,199600
5059,53002,117,1,125200
5060,53003,111,1,79000
5061,53003,16,1,73600
5062,53004,40,1,100400
5063,53005,74,2,13600
5064,53006,109,1,14300
5065,53006,48,1,84500
5066,53007,40,1,100400
5067,53008,66,2,72100
5068,53008,99,1,27500
5069,53009,107,1,57800
5070,53010,127,2,19900
5071,53011,62,1,46600
5072,53012,92,2,32500
5073,53012,68,1,32900
5074,53013,99,1,27500
5075,53014,92,1,32500
5076,53014,119,1,55800
5077,53014,105,1,128200
5078,53015,98,1,16900
5079,53015,33,2,92800
5080,53015,141,1,40000
5081,53016,53,2,72500
5082,53016,10,1,126300
5083,53017,56,2,72000
5084,53017,18,1,59200
5085,53018,39,1,70800
5086,53018,132,1,57700
5087,53018,81,1,42200
5088,53019,57,1,61600
5089,53019,103,2,29600
5090,53020,95,3,16400
5091,53020,23,1,311400
5092,53021,39,1,70800
5093,53021,52,1,6900
5094,53022,65,2,60000
5095,53022,10,1,126300
5096,53022,92,2,32500
5097,53023,107,1,57800
5098,53023,41,2,87100
5099,53023,143,2,43100
5100,53024,52,1,6900
5101,53024,90,1,33100
5102,53025,106,1,70400
5103,53026,101,1,109700
5104,53026,84,3,14600
5105,53027,102,1,116200
5106,53027,6,2,422300
5107,53028,92,2,32500
5108,53028,82,2,16500
5109,53028,38,1,93500
5110,53029,15,1,210300
5111,53029,27,1,124200
5112,53030,97,1,38300
5113,53030,132,1,57700
5114,53031,107,1,57800
5115,53031,48,1,84500
5116,53032,8,1,256900
5117,53033,119,1,55800
5118,53033,36,1,62500
5119,53034,92,2,32500
5120,53035,36,1,62500
5121,53035,43,1,104400
5122,53036,8,3,256900
5123,53036,119,2,55800
5124,53037,92,2,32500
5125,53037,99,1,27500
5126,53038,99,2,27500
5127,53038,40,1,100400
5128,53039,95,3,16400
5129,53040,99,1,27500
5130,53040,18,1,59200
5131,53040,107,1,57800
5132,53040,106,1,70400
5133,53041,52,1,6900
5134,53042,115,1,21600
5135,53043,101,2,109700
5136,53043,92,1,32500
5137,53043,10,2,126300
5138,53044,15,1,210300
5139,53044,13,1,172000
5140,53045,74,2,13600
5141,53046,24,1,389400
5142,53047,87,3,45400
5143,53047,77,1,16000
5144,53047,132,1,57700
5145,53047,142,1,23800
5146,53048,52,2,6900
5147,53048,7,1,199600
5148,53049,92,1,32500
5149,53049,99,1,27500
5150,53050,12,1,402800
5151,53050,62,1,46600
5152,53050,99,1,27500
5153,53051,119,1,55800
5154,53051,87,2,45400
5155,53052,40,1,100400
5156,53052,28,2,17800
5157,53053,119,1,55800
5158,53054,8,1,256900
5159,53054,142,1,23800
5160,53054,10,2,126300
5161,53055,34,1,60900
5162,53055,101,1,109700
5163,53055,105,2,128200
5164,53056,8,1,256900
5165,53056,35,1,92500
5166,53057,23,1,311400
5167,53057,110,1,109000
5168,53057,92,1,32500
5169,53058,45,1,205600
5170,53059,99,1,27500
5171,53059,78,1,42000
5172,53060,43,2,104400
5173,53061,36,1,62500
5174,53062,99,1,27500
5175,53062,92,2,32500
5176,53063,52,1,6900
5177,53063,92,1,32500
5178,53064,92,1,32500
5179,53064,101,1,109700
5180,53064,107,1,57800
5181,53064,99,1,27500
5182,53064,39,1,70800
5183,53064,56,1,72000
5184,53065,92,1,32500
5185,53066,80,2,36100
5186,53067,121,1,26000
5187,53067,10,1,126300
5188,53067,99,1,27500
5189,53068,133,1,25900
5190,53069,92,2,32500
5191,53070,28,1,17800
5192,53070,62,1,46600
5193,53070,10,2,126300
5194,53071,98,2,16900
5195,53071,131,1,20100
5196,53071,53,1,72500
5197,53072,44,1,66500
5198,53072,8,1,256900
5199,53072,132,1,57700
5200,53073,90,3,33100
5201,53074,28,1,17800
5202,53075,90,1,33100
5203,53075,55,1,52700
5204,53076,92,1,32500
5205,53077,40,1,100400
5206,53077,127,1,19900
5207,53078,90,1,33100
5208,53079,61,2,50200
5209,53080,127,1,19900
5210,53081,46,1,118200
5211,53081,90,2,33100
5212,53082,119,2,55800
5213,53083,101,2,109700
5214,53084,111,1,79000
5215,53084,68,1,32900
5216,53085,64,1,56600
5217,53086,101,1,109700
5218,53087,132,1,57700
5219,53088,95,2,16400
5220,53088,52,1,6900
5221,53089,35,1,92500
5222,53090,79,1,21500
5223,53091,12,1,402800
5224,53091,87,2,45400
5225,53092,72,1,56000
5226,53092,12,1,402800
5227,53093,107,2,57800
5228,53093,119,2,55800
5229,53093,66,1,72100
5230,53094,21,1,335700
5231,53094,92,1,32500
5232,53095,62,1,46600
5233,53095,92,1,32500
5234,53096,132,1,57700
5235,53097,52,1,6900
5236,53097,46,2,118200
5237,53097,68,1,32900
5238,53098,86,1,7700
5239,53098,42,1,205700
5240,53098,127,2,19900
5241,53099,48,1,84500
5242,53100,119,1,55800
5243,53101,98,1,16900
5244,53101,52,2,6900
5245,53102,8,1,256900
5246,53102,102,1,116200
5247,53102,33,1,92800
5248,53102,73,1,31200
5249,53103,10,1,126300
5250,53104,111,2,79000
5251,53105,10,1,126300
5252,53106,10,2,126300
5253,53106,52,1,6900
5254,53107,8,1,256900
5255,53108,40,2,100400
5256,53108,111,1,79000
5257,53109,119,1,55800
5258,53109,99,3,27500
5259,53110,65,1,60000
5260,53111,92,2,32500
5261,53112,56,1,72000
5262,53113,119,1,55800
5263,53114,90,2,33100
5264,53114,92,1,32500
5265,53115,111,1,79000
5266,53115,37,1,29100
5267,53116,52,2,6900
5268,53116,92,2,32500
5269,53117,10,1,126300
5270,53118,96,1,40300
5271,53119,10,1,126300
5272,53119,92,1,32500
5273,53120,101,1,109700
5274,53120,123,1,23700
5275,53121,56,2,72000
5276,53122,90,2,33100
5277,53122,70,1,35000
5278,53123,40,1,100400
5279,53123,83,2,37400
5280,53124,3,1,375700
5281,53125,90,1,33100
5282,53126,9,1,84800
5283,53127,10,1,126300
5284,53128,56,1,72000
5285,53128,95,2,16400
5286,53128,109,3,14300
5287,53129,15,2,210300
5288,53130,111,1,79000
5289,53130,106,2,70400
5290,53131,10,1,126300
5291,53131,92,4,32500
5292,53132,107,1,57800
5293,53133,1,1,202700
5294,53133,30,2,172400
5295,53134,92,1,32500
5296,53135,10,1,126300
5297,53135,100,1,92600
5298,53136,90,2,33100
5299,53137,48,1,84500
5300,53137,23,1,311400
5301,53138,132,1,57700
5302,53139,82,2,16500
5303,53139,10,1,126300
5304,53140,92,1,32500
5305,53141,65,1,60000
5306,53142,92,1,32500
5307,53142,57,1,61600
5308,53142,28,1,17800
5309,53143,56,2,72000
5310,53144,116,1,103800
5311,53144,46,1,118200
5312,53144,8,1,256900
5313,53145,90,1,33100
5314,53146,92,3,32500
5315,53146,23,1,311400
5316,53147,43,2,104400
5317,53147,1,1,202700
5318,53148,53,1,72500
5319,53148,106,2,70400
5320,53149,92,1,32500
5321,53150,90,1,33100
5322,53150,127,1,19900
5323,53151,43,1,104400
5324,53152,87,1,45400
5325,53153,70,1,35000
5326,53153,46,1,118200
5327,53154,14,1,267700
5328,53154,92,1,32500
5329,53155,66,2,72100
5330,53155,10,2,126300
5331,53155,56,1,72000
5332,53156,40,1,100400
5333,53156,52,1,6900
5334,53156,78,1,42000
5335,53157,139,1,30800
5336,53157,48,2,84500
5337,53158,39,2,70800
5338,53158,92,2,32500
5339,53159,87,3,45400
5340,53160,52,1,6900
5341,53160,43,1,104400
5342,53161,62,1,46600
5343,53162,92,1,32500
5344,53163,2,1,154500
5345,53164,10,1,126300
5346,53164,99,1,27500
5347,53165,56,2,72000
5348,53166,106,1,70400
5349,53166,40,2,100400
5350,53167,82,1,16500
5351,53167,90,3,33100
5352,53167,99,1,27500
5353,53168,15,2,210300
5354,53168,2,1,154500
5355,53169,140,3,17500
5356,53169,132,1,57700
5357,53170,92,2,32500
5358,53170,72,1,56000
5359,53171,74,1,13600
5360,53171,101,3,109700
5361,53172,10,1,126300
5362,53172,46,1,118200
5363,53172,52,1,6900
5364,53173,44,1,66500
5365,53173,87,2,45400
5366,53174,92,1,32500
5367,53175,123,1,23700
5368,53175,144,1,43400
5369,53176,7,1,199600
5370,53177,18,1,59200
5371,53178,52,1,6900
5372,53178,101,1,109700
5373,53178,92,1,32500
5374,53179,107,2,57800
5375,53180,111,1,79000
5376,53181,87,2,45400
5377,53181,40,3,100400
5378,53182,66,1,72100
5379,53182,29,1,40500
5380,53183,127,1,19900
5381,53183,140,1,17500
5382,53184,132,1,57700
5383,53184,92,3,32500
5384,53185,92,2,32500
5385,53185,45,1,205600
5386,53186,82,2,16500
5387,53187,28,1,17800
5388,53188,101,2,109700
5389,53188,92,1,32500
5390,53188,10,1,126300
5391,53188,107,1,57800
5392,53189,132,1,57700
5393,53189,99,2,27500
5394,53190,28,2,17800
5395,53191,92,1,32500
5396,53191,48,2,84500
5397,53192,52,2,6900
5398,53192,90,1,33100
5399,53193,111,1,79000
5400,53194,87,2,45400
5401,53195,8,1,256900
5402,53196,10,1,126300
5403,53196,79,2,21500
5404,53197,101,1,109700
5405,53198,27,1,124200
5406,53199,45,2,205600
5407,53199,99,1,27500
5408,53199,40,1,100400
5409,53200,132,1,57700
5410,53201,66,2,72100
5411,53202,90,1,33100
5412,53203,52,1,6900
5413,53204,142,1,23800
5414,53204,36,1,62500
5415,53204,10,1,126300
5416,53205,56,1,72000
5417,53205,52,1,6900
5418,53206,101,1,109700
5419,53206,29,1,40500
5420,53207,15,1,210300
5421,53207,90,2,33100
5422,53208,127,1,19900
5423,53209,56,1,72000
5424,53210,66,1,72100
5425,53210,111,3,79000
5426,53211,66,1,72100
5427,53212,92,1,32500
5428,53212,7,1,199600
5429,53213,62,1,46600
5430,53213,28,1,17800
5431,53214,107,1,57800
5432,53215,10,2,126300
5433,53215,92,1,32500
5434,53216,87,2,45400
5435,53216,107,2,57800
5436,53217,92,1,32500
5437,53218,92,1,32500
5438,53219,85,2,3900
5439,53220,62,1,46600
5440,53221,90,1,33100
5441,53222,40,1,100400
5442,53222,92,2,32500
5443,53223,79,2,21500
5444,53224,122,1,34500
5445,53224,45,1,205600
5446,53225,10,1,126300
5447,53226,70,1,35000
5448,53226,66,1,72100
5449,53227,62,1,46600
5450,53228,107,1,57800
5451,53228,8,1,256900
5452,53229,92,2,32500
5453,53230,23,1,311400
5454,53231,142,1,23800
5455,53231,98,1,16900
5456,53231,12,1,402800
5457,53232,14,1,267700
5458,53233,52,1,6900
5459,53234,98,1,16900
5460,53234,92,1,32500
5461,53235,92,1,32500
5462,53236,15,1,210300
5463,53237,45,1,205600
5464,53237,106,2,70400
5465,53238,98,1,16900
5466,53238,10,2,126300
5467,53239,119,1,55800
5468,53239,12,1,402800
5469,53240,36,1,62500
5470,53241,70,1,35000
5471,53242,101,2,109700
5472,53243,92,3,32500
5473,53244,100,1,92600
5474,53245,52,2,6900
5475,53245,92,4,32500
5476,53246,39,1,70800
5477,53247,12,2,402800
5478,53248,92,2,32500
5479,53249,52,2,6900
5480,53250,12,1,402800
5481,53250,22,1,103700
5482,53251,19,1,215300
5483,53252,66,4,72100
5484,53252,92,2,32500
5485,53253,109,1,14300
5486,53254,127,1,19900
5487,53254,80,3,36100
5488,53255,100,1,92600
5489,53255,90,3,33100
5490,53256,95,2,16400
5491,53256,132,2,57700
5492,53257,7,1,199600
5493,53258,87,1,45400
5494,53259,80,1,36100
5495,53260,44,1,66500
5496,53261,87,2,45400
5497,53262,90,2,33100
5498,53262,52,1,6900
5499,53263,86,1,7700
5500,53264,15,2,210300
5501,53265,118,1,70600
5502,53265,95,1,16400
5503,53266,92,5,32500
5504,53267,90,2,33100
5505,53267,105,1,128200
5506,53267,132,1,57700
5507,53268,39,1,70800
5508,53269,21,1,335700
5509,53270,76,1,12400
5510,53271,99,1,27500
5511,53271,40,2,100400
5512,53272,40,1,100400
5513,53272,70,1,35000
5514,53272,38,1,93500
5515,53273,57,2,61600
5516,53273,92,1,32500
5517,53273,8,1,256900
5518,53274,106,1,70400
5519,53274,19,1,215300
5520,53275,135,2,44200
5521,53275,106,1,70400
5522,53276,106,1,70400
5523,53277,80,1,36100
5524,53277,45,1,205600
5525,53278,66,1,72100
5526,53278,40,2,100400
5527,53279,92,2,32500
5528,53279,56,1,72000
5529,53280,18,1,59200
5530,53281,142,1,23800
5531,53281,45,1,205600
5532,53282,34,1,60900
5533,53283,40,2,100400
5534,53283,52,2,6900
5535,53284,92,2,32500
5536,53285,107,1,57800
5537,53286,92,1,32500
5538,53287,107,1,57800
5539,53288,66,1,72100
5540,53288,107,1,57800
5541,53288,10,2,126300
5542,53289,18,1,59200
5543,53290,10,1,126300
5544,53291,121,1,26000
5545,53292,107,1,57800
5546,53292,79,2,21500
5547,53293,92,2,32500
5548,53293,106,2,70400
5549,53294,92,1,32500
5550,53294,90,2,33100
5551,53295,39,1,70800
5552,53295,52,1,6900
5553,53296,14,2,267700
5554,53297,92,1,32500
5555,53297,10,1,126300
5556,53298,1,1,202700
5557,53299,127,1,19900
5558,53299,90,1,33100
5559,53300,92,1,32500
5560,53301,98,1,16900
5561,53302,74,1,13600
5562,53302,19,1,215300
5563,53303,105,1,128200
5564,53304,87,1,45400
5565,53304,92,2,32500
5566,53305,87,2,45400
5567,53305,12,1,402800
5568,53306,62,1,46600
5569,53306,8,1,256900
5570,53306,92,1,32500
5571,53306,28,1,17800
5572,53306,132,1,57700
5573,53307,119,1,55800
5574,53308,10,1,126300
5575,53309,40,2,100400
5576,53310,109,2,14300
5577,53311,99,1,27500
5578,53312,92,3,32500
5579,53312,90,2,33100
5580,53313,12,1,402800
5581,53314,105,1,128200
5582,53315,10,1,126300
5583,53316,92,2,32500
5584,53316,117,1,125200
5585,53317,22,1,103700
5586,53317,127,1,19900
5587,53318,92,1,32500
5588,53318,49,1,51200
5589,53318,70,2,35000
5590,53319,132,2,57700
5591,53319,64,1,56600
5592,53320,66,1,72100
5593,53320,56,1,72000
5594,53320,107,1,57800
5595,53321,99,2,27500
5596,53321,87,1,45400
5597,53322,106,1,70400
5598,53322,23,1,311400
5599,53322,119,2,55800
5600,53322,83,1,37400
5601,53323,39,1,70800
5602,53324,49,1,51200
5603,53324,92,1,32500
5604,53324,52,1,6900
5605,53324,45,1,205600
5606,53325,142,2,23800
5607,53325,9,1,84800
5608,53325,92,2,32500
5609,53326,125,2,16200
5610,53326,70,1,35000
5611,53327,92,1,32500
5612,53327,10,1,126300
5613,53328,132,2,57700
5614,53329,92,1,32500
5615,53329,15,1,210300
5616,53330,100,1,92600
5617,53330,87,2,45400
5618,53331,139,1,30800
5619,53331,10,2,126300
5620,53332,23,1,311400
5621,53333,3,1,375700
5622,53333,19,2,215300
5623,53334,142,2,23800
5624,53334,95,2,16400
5625,53335,2,2,154500
5626,53335,87,1,45400
5627,53336,15,1,210300
5628,53336,107,1,57800
5629,53337,8,1,256900
5630,53338,23,1,311400
5631,53338,52,1,6900
5632,53338,44,2,66500
5633,53338,107,1,57800
5634,53338,66,1,72100
5635,53339,142,1,23800
5636,53339,107,1,57800
5637,53340,87,1,45400
5638,53340,66,1,72100
5639,53340,30,1,172400
5640,53340,11,1,134400
5641,53340,12,1,402800
5642,53341,8,2,256900
5643,53342,87,2,45400
5644,53342,8,2,256900
5645,53342,107,1,57800
5646,53342,86,2,7700
5647,53343,1,1,202700
5648,53343,92,1,32500
5649,53344,70,2,35000
5650,53344,98,1,16900
5651,53344,111,2,79000
5652,53344,83,1,37400
5653,53345,92,3,32500
5654,53346,92,1,32500
5655,53346,52,2,6900
5656,53347,90,1,33100
5657,53347,92,3,32500
5658,53348,10,1,126300
5659,53349,66,1,72100
5660,53349,52,1,6900
5661,53350,92,2,32500
5662,53350,52,2,6900
5663,53351,89,1,10600
5664,53352,30,1,172400
5665,53353,119,1,55800
5666,53354,56,1,72000
5667,53354,105,2,128200
5668,53355,90,2,33100
5669,53355,119,1,55800
5670,53355,101,2,109700
5671,53356,132,1,57700
5672,53356,66,1,72100
5673,53357,119,2,55800
5674,53357,52,1,6900
5675,53358,65,1,60000
5676,53359,62,1,46600
5677,53359,46,1,118200
5678,53360,39,2,70800
5679,53360,96,1,40300
5680,53361,7,2,199600
5681,53362,8,1,256900
5682,53363,80,2,36100
5683,53364,90,1,33100
5684,53365,119,1,55800
5685,53365,45,1,205600
5686,53366,101,1,109700
5687,53366,8,1,256900
5688,53366,97,2,38300
5689,53367,107,1,57800
5690,53368,62,1,46600
5691,53369,99,1,27500
5692,53369,116,1,103800
5693,53370,10,1,126300
5694,53370,45,2,205600
5695,53371,90,1,33100
5696,53371,69,1,14200
5697,53372,92,1,32500
5698,53372,10,1,126300
5699,53373,92,3,32500
5700,53374,104,1,116500
5701,53375,89,3,10600
5702,53376,82,1,16500
5703,53376,132,1,57700
5704,53377,78,4,42000
5705,53378,29,1,40500
5706,53379,6,1,422300
5707,53379,92,1,32500
5708,53380,107,1,57800
5709,53381,45,2,205600
5710,53381,89,1,10600
5711,53382,83,3,37400
5712,53382,12,1,402800
5713,53383,43,1,104400
5714,53383,92,1,32500
5715,53383,142,1,23800
5716,53384,70,1,35000
5717,53385,106,1,70400
5718,53386,92,1,32500
5719,53386,89,2,10600
5720,53387,10,1,126300
5721,53388,62,1,46600
5722,53388,127,1,19900
5723,53388,12,1,402800
5724,53389,95,4,16400
5725,53389,10,1,126300
5726,53389,12,2,402800
5727,53390,92,2,32500
5728,53391,40,1,100400
5729,53391,97,1,38300
5730,53392,40,1,100400
5731,53393,132,1,57700
5732,53394,98,1,16900
5733,53394,87,1,45400
5734,53395,80,3,36100
5735,53395,111,1,79000
5736,53396,38,1,93500
5737,53396,95,2,16400
5738,53396,33,2,92800
5739,53396,119,1,55800
5740,53397,8,2,256900
5741,53397,38,1,93500
5742,53398,90,1,33100
5743,53399,132,2,57700
5744,53399,105,1,128200
5745,53400,40,1,100400
5746,53400,66,1,72100
5747,53400,119,1,55800
5748,53401,106,1,70400
5749,53401,99,2,27500
5750,53402,107,4,57800
5751,53402,40,1,100400
5752,53403,129,1,24400
5753,53404,62,1,46600
5754,53405,107,1,57800
5755,53405,39,1,70800
5756,53406,51,1,32900
5757,53406,92,2,32500
5758,53407,40,1,100400
5759,53407,72,1,56000
5760,53408,132,1,57700
5761,53409,12,1,402800
5762,53410,45,1,205600
5763,53410,86,2,7700
5764,53410,19,1,215300
5765,53410,7,1,199600
5766,53411,52,1,6900
5767,53411,89,1,10600
5768,53412,138,1,39800
5769,53413,85,1,3900
5770,53413,10,3,126300
5771,53414,22,1,103700
5772,53415,12,2,402800
5773,53415,66,2,72100
5774,53416,71,1,25600
5775,53417,134,1,25400
5776,53417,18,2,59200
5777,53417,12,1,402800
5778,53417,101,1,109700
5779,53418,129,1,24400
5780,53418,60,1,23500
5781,53419,78,2,42000
5782,53419,101,1,109700
5783,53419,92,4,32500
5784,53420,12,1,402800
5785,53421,139,1,30800
5786,53421,8,1,256900
5787,53421,28,1,17800
5788,53422,99,1,27500
5789,53422,23,1,311400
5790,53423,99,1,27500
5791,53424,107,1,57800
5792,53424,10,2,126300
5793,53425,66,1,72100
5794,53426,40,2,100400
5795,53426,91,3,8200
5796,53426,144,1,43400
5797,53427,8,2,256900
5798,53427,92,2,32500
5799,53428,111,2,79000
5800,53429,119,1,55800
5801,53429,92,3,32500
5802,53430,8,1,256900
5803,53431,90,2,33100
5804,53431,7,1,199600
5805,53432,52,2,6900
5806,53433,62,2,46600
5807,53433,19,1,215300
5808,53434,66,1,72100
5809,53435,45,1,205600
5810,53436,119,1,55800
5811,53436,92,1,32500
5812,53437,40,1,100400
5813,53437,90,1,33100
5814,53438,7,1,199600
5815,53438,101,2,109700
5816,53439,68,1,32900
5817,53440,119,1,55800
5818,53440,15,1,210300
5819,53440,28,3,17800
5820,53440,52,1,6900
5821,53440,10,1,126300
5822,53440,77,1,16000
5823,53441,39,1,70800
5824,53441,43,1,104400
5825,53442,12,1,402800
5826,53442,92,1,32500
5827,53442,34,1,60900
5828,53443,52,2,6900
5829,53444,143,1,43100
5830,53444,90,3,33100
5831,53445,52,1,6900
5832,53445,132,1,57700
5833,53445,119,1,55800
