user_id,signup_date,country,device,channel,age_group,marketing_opt_in
1001,2025-01-01,VN,web,email,18-24,false
1002,2025-01-01,US,android,organic,55+,true
1003,2025-01-01,KR,android,organic,35-44,true
1004,2025-01-01,JP,web,organic,35-44,true
1005,2025-01-01,US,web,organic,35-44,true
1006,2025-01-01,KR,android,paid_search,35-44,true
1007,2025-01-01,KR,web,organic,35-44,true
1008,2025-01-01,US,android,paid_search,25-34,true
1009,2025-01-01,TW,android,paid_search,35-44,true
1010,2025-01-01,KR,ios,organic,35-44,false
1011,2025-01-01,VN,web,paid_search,25-34,false
1012,2025-01-01,TW,android,paid_search,35-44,false
1013,2025-01-01,VN,android,paid_search,25-34,true
1014,2025-01-01,KR,web,paid_search,25-34,true
1015,2025-01-02,KR,android,organic,45-54,true
1016,2025-01-02,KR,ios,paid_search,35-44,false
1017,2025-01-02,KR,web,social,25-34,true
1018,2025-01-02,KR,web,organic,25-34,false
1019,2025-01-02,US,android,social,18-24,false
1020,2025-01-02,KR,ios,email,25-34,true
1021,2025-01-02,KR,ios,organic,35-44,false
1022,2025-01-03,JP,ios,paid_search,45-54,true
1023,2025-01-03,KR,ios,paid_search,25-34,false
1024,2025-01-03,TW,ios,social,25-34,true
1025,2025-01-03,JP,android,email,25-34,true
1026,2025-01-03,KR,ios,referral,35-44,true
1027,2025-01-03,KR,android,social,18-24,true
1028,2025-01-03,KR,android,paid_search,18-24,true
1029,2025-01-03,KR,ios,referral,35-44,true
1030,2025-01-03,KR,ios,referral,35-44,true
1031,2025-01-03,VN,web,referral,25-34,true
1032,2025-01-03,JP,android,social,35-44,true
1033,2025-01-03,KR,android,organic,35-44,false
1034,2025-01-03,KR,android,paid_search,35-44,true
1035,2025-01-03,JP,android,organic,35-44,false
1036,2025-01-03,KR,android,email,45-54,true
1037,2025-01-03,KR,web,paid_search,18-24,true
1038,2025-01-04,JP,android,organic,25-34,false
1039,2025-01-04,KR,web,social,55+,false
1040,2025-01-04,KR,android,organic,55+,true
1041,2025-01-04,KR,web,organic,45-54,true
1042,2025-01-04,KR,android,paid_search,35-44,false
1043,2025-01-04,KR,android,referral,35-44,true
1044,2025-01-04,VN,ios,paid_search,35-44,false
1045,2025-01-04,KR,ios,social,18-24,true
1046,2025-01-04,JP,android,organic,25-34,false
1047,2025-01-04,KR,ios,organic,25-34,false
1048,2025-01-04,KR,ios,paid_search,18-24,true
1049,2025-01-05,TW,android,organic,25-34,true
1050,2025-01-05,KR,android,paid_search,35-44,false
1051,2025-01-05,KR,web,paid_search,25-34,false
1052,2025-01-05,KR,android,social,25-34,false
1053,2025-01-05,KR,web,organic,18-24,true
1054,2025-01-05,US,ios,referral,25-34,true
1055,2025-01-06,KR,ios,email,25-34,false
1056,2025-01-06,KR,android,social,45-54,false
1057,2025-01-06,KR,android,social,25-34,false
1058,2025-01-06,KR,android,email,55+,false
1059,2025-01-06,KR,android,organic,25-34,true
1060,2025-01-06,KR,web,referral,25-34,true
1061,2025-01-06,JP,android,referral,55+,true
1062,2025-01-07,KR,ios,organic,25-34,true
1063,2025-01-07,KR,ios,organic,35-44,true
1064,2025-01-07,US,ios,organic,18-24,false
1065,2025-01-07,KR,android,organic,55+,true
1066,2025-01-07,KR,web,organic,25-34,false
1067,2025-01-07,KR,ios,paid_search,18-24,false
1068,2025-01-07,KR,android,organic,35-44,false
1069,2025-01-07,KR,web,paid_search,45-54,true
1070,2025-01-07,KR,android,social,25-34,true
1071,2025-01-07,US,ios,organic,35-44,true
1072,2025-01-07,KR,ios,referral,25-34,false
1073,2025-01-07,TW,android,paid_search,25-34,true
1074,2025-01-07,KR,web,social,25-34,true
1075,2025-01-07,US,ios,referral,25-34,false
1076,2025-01-08,US,android,organic,45-54,true
1077,2025-01-08,KR,android,paid_search,35-44,true
1078,2025-01-08,KR,web,organic,25-34,false
1079,2025-01-08,US,android,referral,25-34,true
1080,2025-01-08,VN,web,paid_search,25-34,true
1081,2025-01-08,KR,web,referral,25-34,true
1082,2025-01-08,KR,ios,social,35-44,true
1083,2025-01-09,KR,web,organic,25-34,true
1084,2025-01-09,KR,android,social,18-24,true
1085,2025-01-09,US,ios,social,35-44,false
1086,2025-01-09,JP,web,social,25-34,true
1087,2025-01-09,KR,android,organic,25-34,true
1088,2025-01-09,KR,ios,social,35-44,false
1089,2025-01-09,KR,web,social,18-24,false
1090,2025-01-09,KR,android,social,25-34,false
1091,2025-01-10,KR,ios,organic,18-24,true
1092,2025-01-10,KR,android,paid_search,35-44,true
1093,2025-01-10,KR,android,referral,25-34,true
1094,2025-01-10,JP,web,paid_search,25-34,true
1095,2025-01-10,KR,web,social,25-34,false
1096,2025-01-10,US,android,referral,25-34,true
1097,2025-01-10,KR,android,email,25-34,true
1098,2025-01-10,KR,android,organic,35-44,true
1099,2025-01-11,KR,android,organic,35-44,true
1100,2025-01-11,KR,android,social,45-54,true
1101,2025-01-11,KR,android,paid_search,35-44,false
1102,2025-01-11,JP,ios,paid_search,18-24,true
1103,2025-01-11,KR,android,paid_search,45-54,false
1104,2025-01-11,KR,web,paid_search,35-44,true
1105,2025-01-11,KR,ios,organic,25-34,true
1106,2025-01-11,KR,ios,organic,55+,false
1107,2025-01-12,VN,android,organic,35-44,false
1108,2025-01-12,KR,web,social,35-44,true
1109,2025-01-12,KR,ios,email,25-34,true
1110,2025-01-12,KR,android,email,45-54,false
1111,2025-01-12,TW,android,organic,35-44,true
1112,2025-01-12,KR,android,organic,55+,false
1113,2025-01-12,KR,android,paid_search,18-24,true
1114,2025-01-12,KR,ios,organic,18-24,true
1115,2025-01-12,VN,ios,organic,25-34,true
1116,2025-01-12,KR,ios,social,35-44,false
1117,2025-01-12,KR,android,organic,25-34,true
1118,2025-01-13,KR,ios,social,18-24,true
1119,2025-01-13,KR,android,referral,55+,false
1120,2025-01-13,KR,ios,social,35-44,false
1121,2025-01-13,KR,ios,organic,18-24,true
1122,2025-01-13,VN,ios,social,55+,true
1123,2025-01-13,KR,android,organic,25-34,false
1124,2025-01-13,JP,web,email,25-34,false
1125,2025-01-13,KR,android,social,35-44,false
1126,2025-01-13,KR,android,organic,35-44,false
1127,2025-01-14,JP,android,paid_search,25-34,true
1128,2025-01-14,KR,web,organic,55+,true
1129,2025-01-14,JP,android,social,35-44,false
1130,2025-01-14,VN,android,organic,25-34,false
1131,2025-01-14,KR,android,paid_search,25-34,false
1132,2025-01-14,JP,android,social,45-54,false
1133,2025-01-14,TW,ios,social,35-44,true
1134,2025-01-14,KR,android,paid_search,45-54,true
1135,2025-01-14,KR,android,paid_search,18-24,false
1136,2025-01-14,KR,ios,paid_search,35-44,false
1137,2025-01-14,KR,ios,email,35-44,true
1138,2025-01-15,US,ios,social,35-44,false
1139,2025-01-15,TW,ios,social,25-34,false
1140,2025-01-15,KR,ios,organic,18-24,true
1141,2025-01-15,KR,web,paid_search,45-54,false
1142,2025-01-15,JP,android,referral,35-44,false
1143,2025-01-15,VN,android,paid_search,45-54,true
1144,2025-01-15,US,ios,organic,25-34,true
1145,2025-01-15,TW,ios,social,25-34,false
1146,2025-01-15,KR,ios,organic,35-44,false
1147,2025-01-15,TW,ios,paid_search,18-24,true
1148,2025-01-15,KR,ios,social,45-54,true
1149,2025-01-15,KR,ios,organic,18-24,false
1150,2025-01-16,KR,android,referral,55+,false
1151,2025-01-16,KR,ios,organic,55+,false
1152,2025-01-16,KR,ios,paid_search,25-34,false
1153,2025-01-16,KR,ios,paid_search,18-24,true
1154,2025-01-16,US,ios,paid_search,25-34,true
1155,2025-01-16,KR,ios,organic,25-34,false
1156,2025-01-16,JP,web,paid_search,35-44,false
1157,2025-01-16,KR,ios,paid_search,45-54,true
1158,2025-01-17,KR,web,organic,55+,false
1159,2025-01-17,US,android,organic,35-44,false
1160,2025-01-17,JP,ios,organic,25-34,true
1161,2025-01-17,KR,web,social,35-44,true
1162,2025-01-17,KR,ios,organic,18-24,true
1163,2025-01-17,KR,android,organic,25-34,true
1164,2025-01-17,KR,android,organic,18-24,false
1165,2025-01-17,KR,android,paid_search,45-54,false
1166,2025-01-17,KR,android,organic,35-44,true
1167,2025-01-17,KR,web,referral,25-34,false
1168,2025-01-17,KR,android,referral,25-34,true
1169,2025-01-18,KR,ios,paid_search,25-34,false
1170,2025-01-18,KR,ios,social,18-24,true
1171,2025-01-18,JP,android,organic,45-54,false
1172,2025-01-18,KR,android,social,35-44,false
1173,2025-01-18,JP,web,paid_search,45-54,false
1174,2025-01-18,US,web,organic,18-24,false
1175,2025-01-18,KR,android,social,55+,true
1176,2025-01-18,JP,ios,paid_search,18-24,true
1177,2025-01-18,KR,android,social,25-34,true
1178,2025-01-18,KR,web,email,25-34,true
1179,2025-01-18,KR,android,organic,18-24,true
1180,2025-01-18,KR,ios,organic,35-44,true
1181,2025-01-18,KR,android,paid_search,45-54,false
1182,2025-01-18,KR,web,social,35-44,true
1183,2025-01-19,KR,ios,email,35-44,true
1184,2025-01-19,KR,ios,organic,35-44,true
1185,2025-01-19,JP,android,social,45-54,true
1186,2025-01-19,JP,android,organic,25-34,true
1187,2025-01-19,KR,android,organic,35-44,true
1188,2025-01-19,KR,ios,organic,55+,true
1189,2025-01-19,KR,ios,paid_search,35-44,false
1190,2025-01-19,KR,android,paid_search,45-54,false
1191,2025-01-19,KR,android,referral,25-34,false
1192,2025-01-19,US,ios,social,35-44,true
1193,2025-01-20,KR,web,social,25-34,true
1194,2025-01-20,KR,web,social,18-24,false
1195,2025-01-20,US,android,organic,35-44,true
1196,2025-01-20,KR,android,referral,25-34,false
1197,2025-01-20,VN,ios,organic,35-44,false
1198,2025-01-20,KR,android,social,35-44,false
1199,2025-01-20,KR,ios,organic,55+,false
1200,2025-01-20,JP,ios,paid_search,25-34,true
1201,2025-01-20,KR,web,organic,35-44,false
1202,2025-01-20,JP,ios,referral,35-44,true
1203,2025-01-20,KR,web,paid_search,25-34,true
1204,2025-01-20,KR,android,organic,25-34,true
1205,2025-01-20,KR,android,social,25-34,true
1206,2025-01-21,US,web,paid_search,25-34,true
1207,2025-01-21,KR,android,email,35-44,true
1208,2025-01-21,TW,android,organic,25-34,true
1209,2025-01-21,US,ios,social,25-34,false
1210,2025-01-21,KR,android,organic,45-54,true
1211,2025-01-21,KR,web,organic,25-34,true
1212,2025-01-21,KR,android,organic,18-24,true
1213,2025-01-21,KR,web,paid_search,25-34,true
1214,2025-01-21,JP,ios,organic,35-44,true
1215,2025-01-21,JP,web,referral,25-34,true
1216,2025-01-21,KR,android,referral,55+,true
1217,2025-01-21,US,android,referral,35-44,true
1218,2025-01-21,KR,web,paid_search,25-34,true
1219,2025-01-22,KR,web,organic,18-24,false
1220,2025-01-22,KR,ios,organic,25-34,true
1221,2025-01-22,KR,ios,social,45-54,false
1222,2025-01-22,KR,ios,email,35-44,true
1223,2025-01-22,KR,ios,paid_search,35-44,true
1224,2025-01-22,TW,android,paid_search,25-34,false
1225,2025-01-22,JP,ios,paid_search,35-44,false
1226,2025-01-22,KR,web,paid_search,18-24,true
1227,2025-01-22,KR,ios,paid_search,35-44,true
1228,2025-01-22,TW,ios,paid_search,55+,false
1229,2025-01-22,KR,android,organic,18-24,true
1230,2025-01-22,KR,ios,organic,45-54,false
1231,2025-01-22,US,android,organic,18-24,false
1232,2025-01-22,KR,ios,paid_search,25-34,true
1233,2025-01-23,KR,android,social,55+,true
1234,2025-01-23,JP,web,organic,35-44,true
1235,2025-01-23,KR,ios,referral,55+,true
1236,2025-01-23,KR,ios,social,35-44,true
1237,2025-01-23,US,ios,paid_search,25-34,true
1238,2025-01-23,KR,ios,paid_search,45-54,true
1239,2025-01-23,VN,android,social,25-34,false
1240,2025-01-23,KR,ios,organic,18-24,false
1241,2025-01-23,TW,android,organic,45-54,false
1242,2025-01-23,KR,android,social,18-24,true
1243,2025-01-23,JP,ios,paid_search,25-34,false
1244,2025-01-23,TW,web,social,35-44,false
1245,2025-01-23,KR,ios,social,35-44,true
1246,2025-01-23,US,android,paid_search,18-24,true
1247,2025-01-23,KR,android,organic,25-34,true
1248,2025-01-24,JP,android,paid_search,18-24,true
1249,2025-01-24,KR,android,organic,25-34,false
1250,2025-01-24,KR,web,organic,25-34,false
1251,2025-01-24,KR,android,email,35-44,true
1252,2025-01-24,KR,ios,organic,18-24,false
1253,2025-01-24,KR,ios,organic,35-44,false
1254,2025-01-24,KR,ios,referral,45-54,false
1255,2025-01-24,KR,ios,paid_search,25-34,false
1256,2025-01-24,KR,android,referral,55+,false
1257,2025-01-24,VN,ios,organic,18-24,false
1258,2025-01-24,VN,ios,organic,25-34,true
1259,2025-01-24,US,ios,social,35-44,true
1260,2025-01-24,KR,web,social,25-34,true
1261,2025-01-24,VN,web,referral,35-44,false
1262,2025-01-25,KR,android,paid_search,35-44,false
1263,2025-01-25,TW,android,paid_search,45-54,false
1264,2025-01-25,JP,ios,organic,45-54,false
1265,2025-01-25,JP,android,paid_search,25-34,false
1266,2025-01-25,KR,android,social,45-54,true
1267,2025-01-25,JP,ios,organic,25-34,true
1268,2025-01-25,VN,web,organic,45-54,true
1269,2025-01-25,JP,web,paid_search,18-24,true
1270,2025-01-25,KR,web,paid_search,25-34,true
1271,2025-01-25,VN,ios,social,35-44,true
1272,2025-01-25,KR,android,organic,35-44,false
1273,2025-01-26,KR,android,organic,25-34,false
1274,2025-01-26,JP,android,organic,35-44,true
1275,2025-01-26,TW,android,email,18-24,true
1276,2025-01-26,JP,ios,social,25-34,false
1277,2025-01-26,KR,web,paid_search,25-34,true
1278,2025-01-26,KR,web,referral,55+,false
1279,2025-01-26,KR,android,referral,18-24,false
1280,2025-01-26,KR,android,paid_search,25-34,true
1281,2025-01-26,KR,android,organic,25-34,false
1282,2025-01-26,KR,web,organic,35-44,true
1283,2025-01-26,KR,android,social,25-34,true
1284,2025-01-26,KR,android,paid_search,35-44,true
1285,2025-01-26,JP,android,organic,25-34,true
1286,2025-01-26,KR,web,social,25-34,true
1287,2025-01-26,US,ios,paid_search,45-54,true
1288,2025-01-27,KR,ios,social,18-24,false
1289,2025-01-27,KR,ios,organic,45-54,true
1290,2025-01-27,JP,android,organic,25-34,true
1291,2025-01-27,KR,web,referral,35-44,false
1292,2025-01-27,KR,android,organic,45-54,false
1293,2025-01-27,KR,web,referral,25-34,false
1294,2025-01-27,KR,ios,organic,35-44,true
1295,2025-01-27,VN,ios,organic,35-44,true
1296,2025-01-27,JP,ios,email,35-44,true
1297,2025-01-27,KR,ios,email,35-44,true
1298,2025-01-28,KR,web,organic,35-44,false
1299,2025-01-28,KR,android,organic,25-34,false
1300,2025-01-28,JP,web,paid_search,25-34,false
1301,2025-01-28,KR,ios,paid_search,35-44,false
1302,2025-01-28,KR,web,paid_search,25-34,true
1303,2025-01-28,US,ios,paid_search,25-34,false
1304,2025-01-28,JP,ios,email,18-24,true
1305,2025-01-28,KR,android,organic,35-44,true
1306,2025-01-28,KR,android,email,25-34,false
1307,2025-01-28,KR,ios,organic,55+,true
1308,2025-01-28,JP,ios,referral,25-34,false
1309,2025-01-28,JP,ios,social,35-44,true
1310,2025-01-29,KR,android,social,25-34,false
1311,2025-01-29,KR,ios,paid_search,18-24,true
1312,2025-01-29,KR,ios,organic,35-44,true
1313,2025-01-29,US,android,paid_search,25-34,false
1314,2025-01-29,KR,ios,referral,35-44,false
1315,2025-01-29,KR,ios,paid_search,35-44,true
1316,2025-01-29,KR,ios,paid_search,35-44,true
1317,2025-01-29,KR,ios,organic,35-44,true
1318,2025-01-29,KR,android,email,55+,true
1319,2025-01-29,KR,ios,social,18-24,true
1320,2025-01-29,KR,ios,social,35-44,true
1321,2025-01-29,VN,ios,organic,25-34,false
1322,2025-01-29,KR,ios,email,25-34,true
1323,2025-01-29,KR,web,social,55+,true
1324,2025-01-30,KR,web,paid_search,25-34,false
1325,2025-01-30,KR,android,referral,45-54,false
1326,2025-01-30,US,ios,email,25-34,false
1327,2025-01-30,KR,web,paid_search,45-54,true
1328,2025-01-30,KR,android,organic,35-44,true
1329,2025-01-30,KR,ios,organic,35-44,true
1330,2025-01-30,KR,ios,organic,35-44,true
1331,2025-01-30,KR,android,paid_search,35-44,true
1332,2025-01-30,VN,android,organic,45-54,false
1333,2025-01-30,KR,web,organic,45-54,false
1334,2025-01-30,KR,ios,organic,55+,true
1335,2025-01-30,KR,android,social,18-24,false
1336,2025-01-31,KR,web,organic,18-24,false
1337,2025-01-31,KR,android,organic,35-44,false
1338,2025-01-31,US,web,referral,25-34,true
1339,2025-01-31,VN,web,email,35-44,true
1340,2025-01-31,VN,web,social,45-54,false
1341,2025-01-31,VN,ios,referral,18-24,true
1342,2025-01-31,KR,android,organic,55+,false
1343,2025-01-31,VN,ios,organic,35-44,false
1344,2025-01-31,KR,web,referral,35-44,false
1345,2025-01-31,JP,android,paid_search,18-24,true
1346,2025-02-01,JP,android,organic,35-44,true
1347,2025-02-01,KR,web,paid_search,25-34,true
1348,2025-02-01,KR,android,email,35-44,false
1349,2025-02-01,KR,android,organic,18-24,false
1350,2025-02-01,KR,android,organic,45-54,true
1351,2025-02-01,KR,web,paid_search,55+,true
1352,2025-02-01,JP,web,paid_search,35-44,true
1353,2025-02-01,JP,web,social,55+,false
1354,2025-02-01,KR,ios,social,45-54,false
1355,2025-02-01,KR,android,social,55+,true
1356,2025-02-01,KR,android,organic,55+,true
1357,2025-02-01,KR,ios,paid_search,55+,true
1358,2025-02-01,KR,ios,email,55+,true
1359,2025-02-01,KR,ios,paid_search,18-24,false
1360,2025-02-01,VN,ios,paid_search,18-24,true
1361,2025-02-01,KR,ios,email,18-24,false
1362,2025-02-02,KR,android,paid_search,55+,true
1363,2025-02-02,KR,android,social,35-44,true
1364,2025-02-02,KR,web,social,35-44,true
1365,2025-02-02,KR,web,social,18-24,false
1366,2025-02-02,KR,ios,paid_search,35-44,true
1367,2025-02-02,KR,android,organic,55+,true
1368,2025-02-02,KR,android,social,25-34,false
1369,2025-02-02,VN,web,referral,25-34,true
1370,2025-02-02,KR,ios,social,25-34,true
1371,2025-02-02,KR,ios,organic,35-44,false
1372,2025-02-03,KR,ios,referral,18-24,true
1373,2025-02-03,KR,android,referral,35-44,false
1374,2025-02-03,US,ios,organic,25-34,true
1375,2025-02-03,KR,ios,organic,25-34,false
1376,2025-02-03,JP,web,organic,25-34,false
1377,2025-02-03,JP,android,paid_search,18-24,false
1378,2025-02-03,KR,android,paid_search,25-34,true
1379,2025-02-03,JP,android,organic,25-34,false
1380,2025-02-03,KR,android,social,45-54,false
1381,2025-02-03,US,ios,email,45-54,true
1382,2025-02-03,KR,ios,paid_search,25-34,true
1383,2025-02-03,TW,ios,paid_search,25-34,true
1384,2025-02-04,KR,ios,social,55+,true
1385,2025-02-04,TW,android,social,25-34,true
1386,2025-02-04,US,android,paid_search,45-54,true
1387,2025-02-04,JP,ios,email,25-34,true
1388,2025-02-04,JP,ios,email,35-44,true
1389,2025-02-04,KR,web,social,45-54,true
1390,2025-02-04,VN,android,social,25-34,true
1391,2025-02-04,TW,web,paid_search,55+,true
1392,2025-02-04,KR,ios,paid_search,18-24,true
1393,2025-02-04,KR,android,referral,35-44,true
1394,2025-02-04,JP,ios,social,35-44,true
1395,2025-02-05,KR,web,email,35-44,false
1396,2025-02-05,VN,ios,social,25-34,true
1397,2025-02-05,KR,web,social,25-34,true
1398,2025-02-05,KR,android,email,25-34,true
1399,2025-02-05,KR,android,paid_search,18-24,true
1400,2025-02-05,KR,web,organic,25-34,false
1401,2025-02-05,VN,android,organic,35-44,true
1402,2025-02-05,KR,ios,organic,25-34,false
1403,2025-02-05,KR,ios,paid_search,35-44,true
1404,2025-02-05,JP,android,paid_search,55+,false
1405,2025-02-06,KR,ios,organic,25-34,true
1406,2025-02-06,VN,web,organic,25-34,true
1407,2025-02-06,KR,ios,email,45-54,true
1408,2025-02-06,JP,android,referral,25-34,true
1409,2025-02-06,KR,ios,paid_search,25-34,false
1410,2025-02-06,US,ios,paid_search,35-44,true
1411,2025-02-06,KR,android,organic,45-54,true
1412,2025-02-06,KR,ios,organic,18-24,false
1413,2025-02-06,US,web,organic,25-34,false
1414,2025-02-06,KR,ios,referral,18-24,true
1415,2025-02-06,VN,android,paid_search,35-44,false
1416,2025-02-06,KR,android,organic,18-24,true
1417,2025-02-06,KR,ios,paid_search,35-44,false
1418,2025-02-06,JP,web,paid_search,25-34,true
1419,2025-02-07,KR,ios,organic,18-24,true
1420,2025-02-07,TW,android,paid_search,35-44,false
1421,2025-02-07,KR,android,social,18-24,true
1422,2025-02-07,KR,android,email,45-54,true
1423,2025-02-07,KR,android,referral,55+,false
1424,2025-02-07,KR,android,referral,35-44,false
1425,2025-02-07,KR,android,organic,18-24,false
1426,2025-02-07,VN,web,organic,18-24,true
1427,2025-02-07,US,android,email,25-34,false
1428,2025-02-07,JP,ios,email,35-44,true
1429,2025-02-07,KR,web,social,35-44,false
1430,2025-02-07,KR,android,email,18-24,false
1431,2025-02-07,KR,ios,paid_search,45-54,true
1432,2025-02-07,KR,android,organic,45-54,false
1433,2025-02-07,KR,ios,email,25-34,true
1434,2025-02-07,TW,web,social,35-44,false
1435,2025-02-08,KR,android,referral,35-44,true
1436,2025-02-08,KR,android,paid_search,25-34,true
1437,2025-02-08,US,android,organic,25-34,true
1438,2025-02-08,JP,android,organic,45-54,true
1439,2025-02-08,KR,web,paid_search,35-44,false
1440,2025-02-08,VN,ios,social,35-44,true
1441,2025-02-08,VN,android,referral,35-44,true
1442,2025-02-08,KR,web,paid_search,18-24,true
1443,2025-02-08,JP,ios,paid_search,35-44,true
1444,2025-02-08,KR,ios,email,45-54,true
1445,2025-02-08,KR,android,email,25-34,false
1446,2025-02-08,VN,ios,paid_search,18-24,false
1447,2025-02-08,KR,web,paid_search,18-24,false
1448,2025-02-08,US,android,social,25-34,false
1449,2025-02-08,KR,ios,email,35-44,true
1450,2025-02-08,KR,web,organic,25-34,true
1451,2025-02-08,KR,ios,email,25-34,true
1452,2025-02-09,JP,android,social,35-44,false
1453,2025-02-09,KR,android,social,45-54,true
1454,2025-02-09,KR,android,organic,45-54,true
1455,2025-02-09,KR,web,organic,25-34,true
1456,2025-02-09,VN,android,social,45-54,false
1457,2025-02-09,VN,web,paid_search,55+,true
1458,2025-02-09,KR,ios,social,18-24,false
1459,2025-02-09,KR,android,organic,45-54,true
1460,2025-02-10,KR,android,paid_search,35-44,true
1461,2025-02-10,KR,web,paid_search,18-24,false
1462,2025-02-10,KR,android,paid_search,25-34,true
1463,2025-02-10,KR,ios,email,35-44,true
1464,2025-02-10,KR,android,organic,18-24,true
1465,2025-02-10,JP,android,organic,18-24,false
1466,2025-02-10,KR,android,organic,35-44,false
1467,2025-02-10,KR,ios,social,25-34,true
1468,2025-02-10,KR,web,paid_search,45-54,true
1469,2025-02-10,KR,ios,social,18-24,true
1470,2025-02-10,KR,android,paid_search,18-24,true
1471,2025-02-10,TW,ios,organic,25-34,true
1472,2025-02-11,JP,ios,paid_search,35-44,true
1473,2025-02-11,VN,web,organic,25-34,true
1474,2025-02-11,KR,android,paid_search,25-34,true
1475,2025-02-11,KR,web,email,18-24,false
1476,2025-02-11,KR,android,paid_search,45-54,true
1477,2025-02-11,KR,web,organic,18-24,false
1478,2025-02-11,JP,android,social,35-44,true
1479,2025-02-11,KR,android,referral,25-34,true
1480,2025-02-11,JP,ios,organic,45-54,true
1481,2025-02-12,KR,ios,organic,45-54,true
1482,2025-02-12,KR,ios,organic,18-24,true
1483,2025-02-12,KR,ios,organic,25-34,true
1484,2025-02-12,KR,ios,organic,25-34,false
1485,2025-02-12,KR,android,social,18-24,true
1486,2025-02-12,KR,ios,paid_search,18-24,false
1487,2025-02-12,KR,android,social,25-34,false
1488,2025-02-13,TW,ios,organic,25-34,true
1489,2025-02-13,KR,ios,paid_search,35-44,true
1490,2025-02-13,KR,ios,social,35-44,true
1491,2025-02-13,KR,ios,social,35-44,true
1492,2025-02-13,JP,web,social,35-44,false
1493,2025-02-13,KR,android,referral,18-24,true
1494,2025-02-13,KR,ios,paid_search,25-34,false
1495,2025-02-13,KR,ios,social,25-34,true
1496,2025-02-13,JP,web,paid_search,18-24,true
1497,2025-02-14,TW,android,social,35-44,true
1498,2025-02-14,KR,android,referral,25-34,false
1499,2025-02-14,KR,web,organic,35-44,true
1500,2025-02-14,KR,android,organic,45-54,false
1501,2025-02-14,US,ios,social,35-44,false
1502,2025-02-14,KR,android,organic,25-34,true
1503,2025-02-14,KR,ios,organic,35-44,true
1504,2025-02-15,KR,android,referral,45-54,false
1505,2025-02-15,TW,android,email,55+,true
1506,2025-02-15,US,android,social,45-54,true
1507,2025-02-15,KR,android,social,45-54,false
1508,2025-02-15,JP,web,organic,55+,true
1509,2025-02-15,KR,ios,paid_search,25-34,true
1510,2025-02-15,KR,android,organic,35-44,true
1511,2025-02-15,KR,ios,paid_search,35-44,false
1512,2025-02-15,US,android,social,55+,true
1513,2025-02-15,KR,ios,paid_search,35-44,true
1514,2025-02-15,US,web,organic,25-34,true
1515,2025-02-15,KR,web,paid_search,18-24,true
1516,2025-02-15,KR,android,paid_search,35-44,true
1517,2025-02-15,US,ios,social,18-24,true
1518,2025-02-16,US,android,organic,25-34,false
1519,2025-02-16,VN,android,organic,25-34,true
1520,2025-02-16,KR,android,social,18-24,false
1521,2025-02-16,JP,android,organic,25-34,true
1522,2025-02-16,KR,ios,organic,18-24,true
1523,2025-02-16,VN,android,organic,55+,true
1524,2025-02-16,KR,web,paid_search,25-34,true
1525,2025-02-16,KR,android,paid_search,25-34,true
1526,2025-02-16,KR,ios,referral,35-44,true
1527,2025-02-16,JP,ios,organic,25-34,true
1528,2025-02-16,JP,web,paid_search,25-34,false
1529,2025-02-16,KR,ios,email,45-54,false
1530,2025-02-16,KR,ios,paid_search,55+,true
1531,2025-02-17,KR,ios,social,35-44,false
1532,2025-02-17,KR,android,paid_search,18-24,true
1533,2025-02-17,KR,ios,email,25-34,true
1534,2025-02-17,KR,android,organic,35-44,true
1535,2025-02-17,KR,android,paid_search,25-34,true
1536,2025-02-17,KR,ios,referral,25-34,false
1537,2025-02-17,KR,web,organic,25-34,true
1538,2025-02-17,KR,web,social,35-44,true
1539,2025-02-17,KR,android,referral,35-44,false
1540,2025-02-17,KR,web,organic,25-34,false
1541,2025-02-17,KR,ios,paid_search,25-34,false
1542,2025-02-17,US,android,email,35-44,false
1543,2025-02-18,KR,android,organic,18-24,false
1544,2025-02-18,KR,android,social,18-24,true
1545,2025-02-18,JP,web,organic,55+,false
1546,2025-02-18,KR,android,social,45-54,true
1547,2025-02-18,TW,web,paid_search,35-44,true
1548,2025-02-18,JP,web,organic,18-24,true
1549,2025-02-18,VN,android,referral,25-34,true
1550,2025-02-18,VN,android,paid_search,18-24,true
1551,2025-02-18,KR,ios,social,25-34,true
1552,2025-02-18,KR,android,email,25-34,true
1553,2025-02-18,KR,web,social,45-54,false
1554,2025-02-18,KR,web,organic,45-54,false
1555,2025-02-19,VN,android,social,25-34,false
1556,2025-02-19,KR,android,social,25-34,true
1557,2025-02-19,KR,android,social,35-44,true
1558,2025-02-19,US,android,organic,25-34,true
1559,2025-02-19,KR,ios,organic,18-24,true
1560,2025-02-19,KR,web,paid_search,25-34,false
1561,2025-02-19,KR,ios,organic,25-34,false
1562,2025-02-19,KR,android,paid_search,55+,true
1563,2025-02-19,KR,android,social,35-44,false
1564,2025-02-19,KR,android,referral,25-34,false
1565,2025-02-19,KR,android,paid_search,25-34,false
1566,2025-02-19,KR,android,social,45-54,false
1567,2025-02-19,TW,web,organic,45-54,false
1568,2025-02-19,KR,android,organic,35-44,true
1569,2025-02-20,JP,android,paid_search,18-24,false
1570,2025-02-20,KR,android,organic,18-24,true
1571,2025-02-20,VN,ios,social,18-24,false
1572,2025-02-20,KR,android,paid_search,18-24,true
1573,2025-02-20,KR,android,email,25-34,false
1574,2025-02-20,KR,ios,organic,25-34,true
1575,2025-02-20,US,android,paid_search,25-34,true
1576,2025-02-20,KR,ios,organic,25-34,true
1577,2025-02-20,KR,ios,organic,45-54,false
1578,2025-02-20,KR,android,social,18-24,true
1579,2025-02-20,KR,android,email,35-44,false
1580,2025-02-20,JP,android,social,35-44,true
1581,2025-02-20,KR,android,organic,25-34,true
1582,2025-02-20,KR,ios,organic,25-34,true
1583,2025-02-20,TW,android,organic,18-24,false
1584,2025-02-21,KR,android,organic,35-44,false
1585,2025-02-21,KR,ios,organic,18-24,false
1586,2025-02-21,TW,web,social,18-24,false
1587,2025-02-21,KR,ios,social,18-24,false
1588,2025-02-21,TW,android,social,25-34,true
1589,2025-02-21,JP,android,referral,18-24,true
1590,2025-02-21,KR,android,social,55+,true
1591,2025-02-21,KR,ios,organic,25-34,false
1592,2025-02-21,KR,ios,social,45-54,true
1593,2025-02-21,KR,android,social,45-54,true
1594,2025-02-21,KR,web,paid_search,25-34,false
1595,2025-02-21,KR,android,referral,18-24,false
1596,2025-02-21,KR,web,referral,45-54,true
1597,2025-02-21,JP,web,social,35-44,true
1598,2025-02-22,US,ios,organic,55+,false
1599,2025-02-22,TW,android,organic,25-34,true
1600,2025-02-22,US,android,paid_search,18-24,true
1601,2025-02-22,US,android,organic,18-24,true
1602,2025-02-22,KR,web,social,18-24,false
1603,2025-02-22,KR,ios,paid_search,18-24,true
1604,2025-02-22,US,web,organic,35-44,true
1605,2025-02-22,KR,ios,paid_search,18-24,false
1606,2025-02-22,US,ios,social,18-24,false
1607,2025-02-22,KR,ios,social,25-34,true
1608,2025-02-22,KR,ios,organic,35-44,false
1609,2025-02-22,KR,ios,social,35-44,false
1610,2025-02-23,KR,android,paid_search,25-34,true
1611,2025-02-23,KR,web,organic,35-44,false
1612,2025-02-23,KR,web,social,18-24,false
1613,2025-02-23,KR,ios,social,35-44,true
1614,2025-02-23,TW,android,social,18-24,true
1615,2025-02-23,KR,android,paid_search,35-44,true
1616,2025-02-23,JP,web,social,35-44,false
1617,2025-02-23,KR,android,email,35-44,true
1618,2025-02-23,TW,ios,organic,18-24,true
1619,2025-02-23,KR,android,email,25-34,true
1620,2025-02-23,US,web,organic,18-24,false
1621,2025-02-23,US,android,organic,35-44,false
1622,2025-02-23,KR,web,social,35-44,false
1623,2025-02-23,KR,android,paid_search,35-44,false
1624,2025-02-23,KR,ios,social,35-44,true
1625,2025-02-24,KR,ios,email,45-54,false
1626,2025-02-24,KR,android,paid_search,55+,true
1627,2025-02-24,KR,android,organic,35-44,false
1628,2025-02-24,KR,android,social,45-54,true
1629,2025-02-24,KR,android,paid_search,35-44,false
1630,2025-02-24,KR,android,paid_search,18-24,false
1631,2025-02-24,VN,android,organic,35-44,true
1632,2025-02-24,KR,android,organic,25-34,false
1633,2025-02-24,KR,web,social,25-34,true
1634,2025-02-24,KR,ios,paid_search,55+,false
1635,2025-02-24,KR,ios,organic,55+,true
1636,2025-02-24,KR,android,paid_search,25-34,false
1637,2025-02-25,KR,ios,organic,25-34,false
1638,2025-02-25,KR,android,organic,35-44,false
1639,2025-02-25,KR,web,social,35-44,true
1640,2025-02-25,KR,android,email,45-54,true
1641,2025-02-25,VN,web,paid_search,18-24,true
1642,2025-02-25,KR,ios,email,25-34,false
1643,2025-02-25,KR,android,organic,35-44,false
1644,2025-02-25,KR,ios,social,18-24,false
1645,2025-02-25,KR,ios,referral,18-24,false
1646,2025-02-25,US,ios,organic,18-24,false
1647,2025-02-25,KR,ios,paid_search,18-24,false
1648,2025-02-25,KR,ios,referral,25-34,true
1649,2025-02-25,KR,web,paid_search,45-54,true
1650,2025-02-26,US,ios,social,18-24,false
1651,2025-02-26,TW,android,paid_search,35-44,true
1652,2025-02-26,KR,android,paid_search,18-24,false
1653,2025-02-26,KR,android,organic,18-24,true
1654,2025-02-26,KR,android,paid_search,35-44,false
1655,2025-02-26,KR,ios,social,35-44,false
1656,2025-02-26,KR,web,organic,35-44,true
1657,2025-02-26,KR,android,social,18-24,false
1658,2025-02-26,KR,android,organic,18-24,false
1659,2025-02-27,KR,ios,referral,45-54,false
1660,2025-02-27,KR,android,social,18-24,false
1661,2025-02-27,KR,web,social,25-34,true
1662,2025-02-27,KR,ios,social,35-44,true
1663,2025-02-27,KR,android,paid_search,25-34,false
1664,2025-02-27,KR,android,email,25-34,false
1665,2025-02-27,JP,android,organic,18-24,true
1666,2025-02-27,KR,ios,paid_search,35-44,true
1667,2025-02-27,JP,web,social,35-44,false
1668,2025-02-27,KR,ios,email,35-44,false
1669,2025-02-27,TW,ios,organic,35-44,true
1670,2025-02-28,KR,web,social,25-34,false
1671,2025-02-28,KR,web,organic,45-54,true
1672,2025-02-28,KR,android,organic,25-34,false
1673,2025-02-28,US,ios,social,45-54,false
1674,2025-02-28,KR,ios,email,25-34,true
1675,2025-02-28,JP,ios,referral,18-24,false
1676,2025-02-28,TW,web,email,45-54,true
1677,2025-02-28,TW,web,paid_search,25-34,true
1678,2025-02-28,KR,android,paid_search,25-34,false
1679,2025-02-28,KR,web,organic,18-24,true
1680,2025-02-28,US,web,organic,18-24,true
1681,2025-02-28,KR,android,organic,35-44,true
1682,2025-02-28,KR,android,organic,25-34,true
1683,2025-02-28,KR,web,organic,25-34,true
1684,2025-02-28,JP,web,social,35-44,false
1685,2025-02-28,KR,web,social,18-24,true
1686,2025-02-28,KR,ios,referral,18-24,false
1687,2025-03-01,TW,android,paid_search,35-44,false
1688,2025-03-01,KR,ios,social,55+,true
1689,2025-03-01,KR,web,organic,18-24,false
1690,2025-03-01,KR,ios,social,35-44,true
1691,2025-03-01,KR,android,social,45-54,false
1692,2025-03-01,KR,web,referral,18-24,false
1693,2025-03-01,VN,ios,organic,35-44,true
1694,2025-03-01,JP,android,organic,25-34,false
1695,2025-03-01,KR,android,organic,25-34,true
1696,2025-03-01,KR,android,social,18-24,true
1697,2025-03-02,JP,android,paid_search,35-44,true
1698,2025-03-02,KR,android,social,45-54,true
1699,2025-03-02,KR,android,organic,25-34,false
1700,2025-03-02,KR,ios,organic,45-54,true
1701,2025-03-02,KR,ios,organic,25-34,false
1702,2025-03-02,KR,ios,organic,25-34,true
1703,2025-03-02,KR,android,social,25-34,false
1704,2025-03-02,JP,ios,paid_search,35-44,true
1705,2025-03-02,KR,android,organic,55+,true
1706,2025-03-02,KR,ios,paid_search,45-54,false
1707,2025-03-02,VN,android,paid_search,25-34,true
1708,2025-03-02,VN,android,paid_search,25-34,false
1709,2025-03-03,KR,android,social,45-54,true
1710,2025-03-03,KR,android,referral,55+,false
1711,2025-03-03,KR,ios,social,25-34,false
1712,2025-03-03,US,android,paid_search,18-24,true
1713,2025-03-03,JP,ios,organic,18-24,true
1714,2025-03-03,KR,android,paid_search,25-34,true
1715,2025-03-03,KR,ios,email,18-24,true
1716,2025-03-03,KR,android,organic,55+,true
1717,2025-03-03,US,android,organic,25-34,true
1718,2025-03-03,US,web,organic,25-34,true
1719,2025-03-03,KR,android,organic,25-34,false
1720,2025-03-03,JP,android,organic,45-54,false
1721,2025-03-04,KR,ios,referral,35-44,false
1722,2025-03-04,KR,android,social,55+,true
1723,2025-03-04,KR,android,paid_search,35-44,false
1724,2025-03-04,KR,android,organic,45-54,true
1725,2025-03-04,KR,web,organic,25-34,true
1726,2025-03-04,KR,android,organic,45-54,true
1727,2025-03-04,KR,android,organic,18-24,false
1728,2025-03-04,KR,ios,social,25-34,true
1729,2025-03-04,JP,android,organic,45-54,true
1730,2025-03-04,KR,ios,social,35-44,false
1731,2025-03-04,KR,android,paid_search,25-34,true
1732,2025-03-04,US,ios,social,35-44,true
1733,2025-03-04,TW,web,paid_search,35-44,true
1734,2025-03-04,JP,ios,paid_search,25-34,true
1735,2025-03-04,KR,ios,email,18-24,true
1736,2025-03-04,KR,android,organic,25-34,false
1737,2025-03-05,KR,web,organic,35-44,true
1738,2025-03-05,JP,web,organic,18-24,true
1739,2025-03-05,KR,web,paid_search,35-44,false
1740,2025-03-05,US,web,organic,25-34,true
1741,2025-03-05,KR,ios,organic,25-34,true
1742,2025-03-05,KR,ios,paid_search,25-34,false
1743,2025-03-05,JP,ios,organic,25-34,true
1744,2025-03-06,KR,web,organic,25-34,false
1745,2025-03-06,KR,ios,organic,55+,true
1746,2025-03-06,KR,android,organic,35-44,true
1747,2025-03-06,KR,ios,email,25-34,true
1748,2025-03-06,VN,ios,referral,35-44,false
1749,2025-03-06,JP,android,organic,55+,false
1750,2025-03-06,VN,android,paid_search,25-34,true
1751,2025-03-06,KR,android,social,25-34,true
1752,2025-03-06,KR,android,email,35-44,true
1753,2025-03-06,KR,android,paid_search,45-54,true
1754,2025-03-06,KR,android,social,55+,false
1755,2025-03-06,KR,web,organic,35-44,false
1756,2025-03-06,KR,web,organic,18-24,true
1757,2025-03-06,VN,ios,referral,18-24,false
1758,2025-03-06,KR,ios,social,35-44,true
1759,2025-03-07,KR,ios,email,35-44,false
1760,2025-03-07,JP,web,organic,25-34,false
1761,2025-03-07,KR,ios,social,45-54,false
1762,2025-03-07,KR,web,organic,25-34,false
1763,2025-03-07,JP,web,referral,35-44,true
1764,2025-03-07,KR,web,referral,25-34,true
1765,2025-03-07,KR,ios,referral,18-24,true
1766,2025-03-07,VN,android,paid_search,25-34,true
1767,2025-03-07,KR,ios,organic,18-24,true
1768,2025-03-07,KR,web,organic,25-34,false
1769,2025-03-07,KR,android,referral,35-44,true
1770,2025-03-08,JP,android,paid_search,18-24,true
1771,2025-03-08,US,ios,organic,25-34,false
1772,2025-03-08,KR,ios,paid_search,35-44,true
1773,2025-03-08,VN,ios,organic,25-34,true
1774,2025-03-08,KR,android,organic,35-44,true
1775,2025-03-08,KR,ios,paid_search,18-24,false
1776,2025-03-08,VN,web,referral,18-24,true
1777,2025-03-08,KR,web,organic,25-34,false
1778,2025-03-08,KR,android,organic,35-44,false
1779,2025-03-08,KR,ios,organic,18-24,true
1780,2025-03-08,KR,ios,organic,25-34,false
1781,2025-03-08,KR,ios,paid_search,18-24,false
1782,2025-03-08,KR,android,social,45-54,false
1783,2025-03-08,JP,android,paid_search,35-44,false
1784,2025-03-08,KR,ios,organic,25-34,true
1785,2025-03-08,KR,ios,paid_search,35-44,false
1786,2025-03-09,JP,ios,organic,35-44,false
1787,2025-03-09,JP,android,social,35-44,false
1788,2025-03-09,JP,ios,organic,25-34,true
1789,2025-03-09,JP,ios,organic,35-44,true
1790,2025-03-09,US,ios,organic,25-34,true
1791,2025-03-09,KR,ios,organic,25-34,false
1792,2025-03-09,KR,android,organic,55+,false
1793,2025-03-09,TW,web,organic,35-44,true
1794,2025-03-09,US,android,paid_search,45-54,false
1795,2025-03-09,TW,ios,organic,25-34,true
1796,2025-03-09,KR,ios,social,25-34,false
1797,2025-03-09,US,android,organic,25-34,true
1798,2025-03-09,JP,android,organic,55+,false
1799,2025-03-10,US,android,email,25-34,true
1800,2025-03-10,VN,web,paid_search,18-24,true
1801,2025-03-10,JP,web,organic,18-24,false
1802,2025-03-10,JP,android,paid_search,55+,true
1803,2025-03-10,KR,android,paid_search,45-54,false
1804,2025-03-10,KR,ios,social,18-24,true
1805,2025-03-10,KR,android,email,35-44,false
1806,2025-03-10,KR,android,email,25-34,false
1807,2025-03-10,KR,ios,paid_search,25-34,true
1808,2025-03-11,KR,ios,paid_search,45-54,true
1809,2025-03-11,US,android,organic,25-34,false
1810,2025-03-11,KR,web,organic,35-44,false
1811,2025-03-11,TW,ios,email,25-34,false
1812,2025-03-11,KR,android,organic,45-54,true
1813,2025-03-11,KR,android,social,25-34,false
1814,2025-03-11,KR,android,social,35-44,false
1815,2025-03-11,KR,ios,social,18-24,true
1816,2025-03-11,JP,android,paid_search,55+,true
1817,2025-03-11,KR,ios,organic,35-44,false
1818,2025-03-11,KR,ios,paid_search,18-24,false
1819,2025-03-11,KR,ios,referral,35-44,true
1820,2025-03-11,KR,android,organic,25-34,false
1821,2025-03-11,VN,android,paid_search,35-44,true
1822,2025-03-11,KR,android,referral,45-54,false
1823,2025-03-11,KR,android,paid_search,25-34,true
1824,2025-03-12,JP,android,social,25-34,true
1825,2025-03-12,KR,ios,paid_search,25-34,false
1826,2025-03-12,KR,ios,organic,35-44,true
1827,2025-03-12,KR,android,organic,35-44,true
1828,2025-03-12,KR,android,paid_search,35-44,true
1829,2025-03-12,KR,ios,paid_search,25-34,false
1830,2025-03-12,KR,web,referral,25-34,true
1831,2025-03-12,KR,web,social,35-44,true
1832,2025-03-12,US,ios,organic,25-34,true
1833,2025-03-12,VN,android,organic,25-34,false
1834,2025-03-12,KR,ios,paid_search,35-44,false
1835,2025-03-13,KR,ios,social,25-34,false
1836,2025-03-13,KR,ios,paid_search,25-34,true
1837,2025-03-13,KR,android,referral,25-34,true
1838,2025-03-13,KR,android,organic,45-54,false
1839,2025-03-13,KR,android,social,25-34,false
1840,2025-03-13,KR,ios,email,35-44,true
1841,2025-03-13,KR,web,paid_search,45-54,false
1842,2025-03-13,KR,android,social,35-44,true
1843,2025-03-13,KR,ios,social,35-44,false
1844,2025-03-13,KR,ios,organic,35-44,true
1845,2025-03-13,JP,ios,paid_search,45-54,true
1846,2025-03-13,KR,android,paid_search,55+,false
1847,2025-03-13,JP,ios,paid_search,45-54,true
1848,2025-03-13,TW,android,organic,25-34,false
1849,2025-03-13,KR,ios,social,18-24,true
1850,2025-03-13,JP,android,paid_search,55+,false
1851,2025-03-13,KR,ios,social,25-34,false
1852,2025-03-13,KR,android,paid_search,25-34,false
1853,2025-03-13,KR,web,organic,35-44,false
1854,2025-03-14,KR,ios,referral,45-54,true
1855,2025-03-14,KR,web,organic,35-44,true
1856,2025-03-14,KR,web,organic,55+,false
1857,2025-03-14,KR,android,paid_search,45-54,false
1858,2025-03-14,JP,android,organic,18-24,false
1859,2025-03-14,KR,android,paid_search,25-34,false
1860,2025-03-14,KR,web,organic,35-44,true
1861,2025-03-14,US,android,paid_search,45-54,true
1862,2025-03-14,KR,android,organic,45-54,false
1863,2025-03-14,JP,web,social,25-34,true
1864,2025-03-14,KR,web,email,35-44,true
1865,2025-03-15,KR,web,organic,35-44,true
1866,2025-03-15,KR,android,email,35-44,true
1867,2025-03-15,KR,web,paid_search,25-34,false
1868,2025-03-15,KR,ios,referral,35-44,true
1869,2025-03-15,KR,web,social,35-44,true
1870,2025-03-15,TW,web,paid_search,25-34,false
1871,2025-03-15,US,android,email,35-44,true
1872,2025-03-15,KR,web,organic,25-34,false
1873,2025-03-15,KR,web,organic,25-34,true
1874,2025-03-15,JP,android,paid_search,25-34,true
1875,2025-03-15,JP,web,social,25-34,false
1876,2025-03-15,KR,ios,organic,18-24,true
1877,2025-03-15,JP,ios,social,55+,false
1878,2025-03-15,KR,android,organic,25-34,true
1879,2025-03-15,US,web,referral,35-44,true
1880,2025-03-16,US,web,paid_search,55+,false
1881,2025-03-16,KR,ios,organic,35-44,true
1882,2025-03-16,KR,android,referral,45-54,false
1883,2025-03-16,KR,ios,social,25-34,false
1884,2025-03-16,TW,android,social,35-44,false
1885,2025-03-16,KR,android,organic,35-44,true
1886,2025-03-16,KR,android,organic,35-44,true
1887,2025-03-16,KR,ios,organic,55+,false
1888,2025-03-16,JP,android,social,45-54,true
1889,2025-03-17,KR,android,email,25-34,true
1890,2025-03-17,KR,android,social,25-34,false
1891,2025-03-17,JP,ios,referral,35-44,true
1892,2025-03-17,KR,web,paid_search,18-24,true
1893,2025-03-17,KR,android,organic,35-44,true
1894,2025-03-17,US,android,email,45-54,true
1895,2025-03-17,JP,ios,referral,35-44,true
1896,2025-03-17,KR,android,referral,45-54,true
1897,2025-03-17,KR,android,paid_search,18-24,true
1898,2025-03-17,US,android,social,25-34,true
1899,2025-03-17,KR,ios,organic,55+,false
1900,2025-03-17,JP,ios,organic,18-24,false
1901,2025-03-17,US,android,email,18-24,false
1902,2025-03-17,KR,ios,email,45-54,true
1903,2025-03-18,KR,android,organic,35-44,false
1904,2025-03-18,KR,ios,organic,55+,true
1905,2025-03-18,KR,ios,social,18-24,true
1906,2025-03-18,JP,android,organic,25-34,false
1907,2025-03-18,KR,ios,paid_search,25-34,false
1908,2025-03-18,JP,android,social,25-34,false
1909,2025-03-18,KR,ios,social,25-34,true
1910,2025-03-18,KR,android,organic,35-44,false
1911,2025-03-18,KR,ios,referral,25-34,false
1912,2025-03-18,JP,ios,social,25-34,true
1913,2025-03-18,KR,android,social,45-54,true
1914,2025-03-18,KR,android,social,25-34,true
1915,2025-03-18,JP,ios,organic,35-44,true
1916,2025-03-18,KR,ios,social,55+,true
1917,2025-03-19,KR,web,organic,55+,false
1918,2025-03-19,KR,android,organic,35-44,true
1919,2025-03-19,US,android,referral,45-54,true
1920,2025-03-19,KR,web,paid_search,18-24,true
1921,2025-03-19,KR,web,paid_search,35-44,false
1922,2025-03-19,KR,android,organic,18-24,true
1923,2025-03-19,KR,android,paid_search,25-34,true
1924,2025-03-19,KR,ios,referral,55+,false
1925,2025-03-19,KR,android,social,55+,false
1926,2025-03-19,KR,android,referral,18-24,true
1927,2025-03-19,KR,android,paid_search,25-34,true
1928,2025-03-19,KR,web,referral,25-34,true
1929,2025-03-20,JP,android,paid_search,25-34,true
1930,2025-03-20,JP,android,paid_search,45-54,false
1931,2025-03-20,VN,android,paid_search,55+,false
1932,2025-03-20,TW,web,paid_search,25-34,true
1933,2025-03-20,VN,ios,social,55+,false
1934,2025-03-20,VN,android,paid_search,55+,true
1935,2025-03-20,KR,web,social,25-34,true
1936,2025-03-20,KR,web,social,25-34,false
1937,2025-03-20,US,web,paid_search,35-44,true
1938,2025-03-20,KR,ios,paid_search,35-44,true
1939,2025-03-20,KR,ios,organic,35-44,true
1940,2025-03-20,KR,web,organic,45-54,false
1941,2025-03-20,JP,android,organic,45-54,false
1942,2025-03-20,KR,android,paid_search,45-54,false
1943,2025-03-20,KR,web,email,35-44,true
1944,2025-03-20,US,android,organic,45-54,false
1945,2025-03-20,US,android,organic,55+,false
1946,2025-03-20,KR,android,organic,35-44,true
1947,2025-03-20,VN,web,social,25-34,false
1948,2025-03-20,KR,web,paid_search,55+,true
1949,2025-03-20,KR,web,paid_search,45-54,false
1950,2025-03-20,KR,android,paid_search,45-54,false
1951,2025-03-20,KR,android,organic,35-44,false
1952,2025-03-20,US,android,paid_search,25-34,true
1953,2025-03-21,KR,web,paid_search,25-34,false
1954,2025-03-21,KR,ios,email,18-24,true
1955,2025-03-21,KR,ios,organic,25-34,true
1956,2025-03-21,VN,android,paid_search,25-34,false
1957,2025-03-21,KR,web,organic,55+,true
1958,2025-03-21,KR,android,organic,35-44,false
1959,2025-03-21,JP,ios,social,25-34,false
1960,2025-03-21,JP,android,referral,35-44,false
1961,2025-03-21,KR,android,paid_search,18-24,false
1962,2025-03-21,KR,android,organic,25-34,false
1963,2025-03-21,KR,android,social,45-54,true
1964,2025-03-21,JP,android,paid_search,25-34,true
1965,2025-03-21,KR,ios,paid_search,35-44,true
1966,2025-03-21,KR,ios,paid_search,35-44,false
1967,2025-03-21,KR,android,organic,55+,true
1968,2025-03-21,KR,ios,organic,45-54,true
1969,2025-03-21,KR,ios,email,35-44,false
1970,2025-03-21,US,web,paid_search,18-24,true
1971,2025-03-21,KR,android,organic,18-24,false
1972,2025-03-21,KR,ios,organic,35-44,true
1973,2025-03-22,KR,ios,social,25-34,true
1974,2025-03-22,VN,web,organic,25-34,true
1975,2025-03-22,JP,ios,email,45-54,false
1976,2025-03-22,KR,web,social,35-44,true
1977,2025-03-22,JP,web,email,35-44,true
1978,2025-03-22,KR,android,email,35-44,true
1979,2025-03-22,KR,android,referral,18-24,true
1980,2025-03-22,VN,android,organic,25-34,true
1981,2025-03-22,KR,android,paid_search,35-44,false
1982,2025-03-22,KR,ios,organic,18-24,false
1983,2025-03-22,KR,android,organic,18-24,true
1984,2025-03-22,KR,android,referral,18-24,false
1985,2025-03-23,JP,ios,organic,18-24,true
1986,2025-03-23,US,ios,paid_search,35-44,true
1987,2025-03-23,KR,ios,paid_search,18-24,true
1988,2025-03-23,KR,android,social,35-44,true
1989,2025-03-23,TW,ios,referral,35-44,false
1990,2025-03-23,KR,android,social,18-24,false
1991,2025-03-23,KR,android,social,45-54,true
1992,2025-03-23,KR,android,organic,25-34,true
1993,2025-03-23,JP,ios,organic,25-34,true
1994,2025-03-23,KR,ios,paid_search,25-34,false
1995,2025-03-23,US,android,organic,18-24,true
1996,2025-03-23,KR,android,organic,25-34,true
1997,2025-03-23,KR,web,organic,18-24,true
1998,2025-03-23,KR,ios,paid_search,25-34,true
1999,2025-03-24,KR,android,organic,45-54,true
2000,2025-03-24,TW,web,paid_search,25-34,false
2001,2025-03-24,KR,ios,paid_search,25-34,false
2002,2025-03-24,JP,web,social,35-44,true
2003,2025-03-24,TW,web,referral,35-44,false
2004,2025-03-24,KR,web,organic,25-34,true
2005,2025-03-24,KR,android,organic,18-24,true
2006,2025-03-24,KR,ios,social,25-34,true
2007,2025-03-24,KR,android,referral,18-24,true
2008,2025-03-24,JP,ios,referral,55+,false
2009,2025-03-24,TW,android,paid_search,18-24,true
2010,2025-03-24,KR,android,paid_search,25-34,false
2011,2025-03-24,KR,ios,organic,35-44,true
2012,2025-03-24,JP,ios,paid_search,55+,true
2013,2025-03-25,KR,ios,organic,25-34,true
2014,2025-03-25,KR,web,organic,18-24,false
2015,2025-03-25,KR,web,organic,35-44,false
2016,2025-03-25,KR,web,social,45-54,true
2017,2025-03-25,KR,ios,email,18-24,true
2018,2025-03-25,VN,ios,paid_search,25-34,false
2019,2025-03-25,KR,android,paid_search,25-34,true
2020,2025-03-25,KR,android,organic,25-34,true
2021,2025-03-25,KR,android,paid_search,45-54,false
2022,2025-03-25,US,android,organic,55+,false
2023,2025-03-25,KR,ios,organic,35-44,true
2024,2025-03-26,KR,ios,paid_search,25-34,true
2025,2025-03-26,KR,web,paid_search,55+,false
2026,2025-03-26,JP,android,referral,55+,false
2027,2025-03-26,KR,android,organic,18-24,false
2028,2025-03-26,US,ios,organic,45-54,true
2029,2025-03-26,KR,android,referral,25-34,true
2030,2025-03-26,KR,ios,social,45-54,true
2031,2025-03-26,KR,ios,organic,25-34,true
2032,2025-03-26,JP,ios,social,35-44,false
2033,2025-03-26,TW,ios,organic,35-44,true
2034,2025-03-26,KR,ios,referral,18-24,true
2035,2025-03-26,KR,android,organic,45-54,false
2036,2025-03-26,KR,ios,referral,35-44,true
2037,2025-03-26,KR,ios,organic,18-24,true
2038,2025-03-27,KR,web,social,45-54,false
2039,2025-03-27,KR,ios,social,25-34,true
2040,2025-03-27,TW,web,organic,35-44,true
2041,2025-03-27,KR,ios,organic,35-44,true
2042,2025-03-27,KR,web,paid_search,25-34,true
2043,2025-03-27,KR,android,social,45-54,true
2044,2025-03-27,KR,ios,referral,25-34,true
2045,2025-03-27,TW,android,organic,25-34,true
2046,2025-03-27,TW,android,organic,35-44,true
2047,2025-03-27,KR,web,organic,45-54,false
2048,2025-03-27,KR,android,social,35-44,false
2049,2025-03-27,KR,ios,social,18-24,true
2050,2025-03-28,KR,ios,social,45-54,false
2051,2025-03-28,KR,android,referral,25-34,false
2052,2025-03-28,KR,ios,organic,35-44,true
2053,2025-03-28,US,android,organic,35-44,true
2054,2025-03-28,KR,web,social,35-44,false
2055,2025-03-28,KR,android,organic,18-24,true
2056,2025-03-28,KR,android,paid_search,35-44,false
2057,2025-03-28,TW,ios,referral,45-54,true
2058,2025-03-28,KR,ios,social,35-44,true
2059,2025-03-28,JP,ios,paid_search,45-54,false
2060,2025-03-28,JP,ios,organic,25-34,true
2061,2025-03-28,KR,web,social,25-34,true
2062,2025-03-28,KR,android,social,18-24,false
2063,2025-03-29,KR,ios,email,25-34,true
2064,2025-03-29,KR,android,organic,18-24,true
2065,2025-03-29,KR,ios,social,45-54,true
2066,2025-03-29,KR,ios,organic,25-34,false
2067,2025-03-29,KR,android,social,45-54,true
2068,2025-03-29,KR,web,organic,35-44,false
2069,2025-03-29,KR,ios,organic,25-34,true
2070,2025-03-29,JP,android,referral,55+,false
2071,2025-03-29,KR,android,social,35-44,true
2072,2025-03-29,KR,ios,organic,45-54,true
2073,2025-03-29,KR,android,paid_search,25-34,false
2074,2025-03-29,KR,android,organic,55+,false
2075,2025-03-29,KR,ios,paid_search,35-44,false
2076,2025-03-30,JP,web,paid_search,35-44,true
2077,2025-03-30,KR,android,social,18-24,true
2078,2025-03-30,KR,web,paid_search,25-34,true
2079,2025-03-30,KR,web,email,45-54,false
2080,2025-03-30,KR,ios,paid_search,35-44,true
2081,2025-03-30,JP,ios,organic,25-34,false
2082,2025-03-30,JP,android,referral,45-54,true
2083,2025-03-30,JP,ios,paid_search,18-24,true
2084,2025-03-30,KR,ios,paid_search,35-44,false
2085,2025-03-30,KR,ios,organic,45-54,false
2086,2025-03-30,KR,android,paid_search,55+,true
2087,2025-03-30,KR,android,organic,18-24,true
2088,2025-03-30,KR,android,social,25-34,false
2089,2025-03-30,KR,web,organic,45-54,false
2090,2025-03-30,US,web,paid_search,35-44,false
2091,2025-03-30,KR,web,organic,25-34,false
2092,2025-03-30,KR,ios,organic,35-44,false
2093,2025-03-30,KR,android,paid_search,35-44,false
2094,2025-03-30,TW,ios,organic,35-44,true
2095,2025-03-31,KR,ios,organic,55+,true
2096,2025-03-31,KR,android,organic,25-34,true
2097,2025-03-31,KR,ios,social,25-34,true
2098,2025-03-31,KR,ios,paid_search,55+,true
2099,2025-03-31,KR,android,social,35-44,true
2100,2025-03-31,KR,ios,social,25-34,false
2101,2025-03-31,KR,android,organic,35-44,false
2102,2025-03-31,KR,ios,organic,25-34,false
2103,2025-03-31,KR,android,social,35-44,false
2104,2025-03-31,KR,android,organic,45-54,false
2105,2025-03-31,KR,web,email,25-34,false
2106,2025-03-31,KR,ios,organic,25-34,false
2107,2025-03-31,KR,android,social,35-44,true
2108,2025-03-31,KR,ios,organic,18-24,true
2109,2025-03-31,KR,android,paid_search,25-34,false
2110,2025-03-31,KR,web,social,18-24,false
2111,2025-03-31,US,android,paid_search,25-34,true
2112,2025-04-01,JP,android,organic,18-24,true
2113,2025-04-01,KR,ios,referral,25-34,true
2114,2025-04-01,KR,android,social,25-34,false
2115,2025-04-01,TW,web,referral,25-34,false
2116,2025-04-01,KR,android,organic,25-34,true
2117,2025-04-01,KR,android,organic,25-34,true
2118,2025-04-01,JP,ios,organic,35-44,false
2119,2025-04-01,US,android,email,25-34,true
2120,2025-04-01,TW,ios,social,18-24,true
2121,2025-04-02,KR,android,social,18-24,true
2122,2025-04-02,KR,ios,paid_search,55+,true
2123,2025-04-02,KR,android,organic,25-34,false
2124,2025-04-02,KR,web,paid_search,35-44,false
2125,2025-04-02,US,web,organic,55+,false
2126,2025-04-02,JP,android,email,25-34,false
2127,2025-04-02,JP,android,social,25-34,true
2128,2025-04-02,KR,android,social,45-54,false
2129,2025-04-02,KR,ios,social,45-54,false
2130,2025-04-02,VN,web,organic,35-44,true
2131,2025-04-02,KR,ios,organic,25-34,false
2132,2025-04-02,KR,android,paid_search,25-34,false
2133,2025-04-03,KR,ios,email,45-54,false
2134,2025-04-03,JP,ios,social,25-34,true
2135,2025-04-03,KR,android,organic,25-34,true
2136,2025-04-03,JP,ios,paid_search,25-34,false
2137,2025-04-03,KR,web,organic,18-24,true
2138,2025-04-03,KR,android,organic,45-54,true
2139,2025-04-03,KR,android,organic,18-24,true
2140,2025-04-03,KR,ios,email,35-44,false
2141,2025-04-03,KR,web,paid_search,18-24,false
2142,2025-04-03,KR,android,referral,35-44,true
2143,2025-04-03,KR,ios,email,18-24,true
2144,2025-04-03,KR,web,social,25-34,false
2145,2025-04-03,KR,web,organic,25-34,true
2146,2025-04-04,TW,web,paid_search,25-34,true
2147,2025-04-04,KR,ios,organic,35-44,false
2148,2025-04-04,VN,android,organic,25-34,true
2149,2025-04-04,KR,android,organic,25-34,false
2150,2025-04-04,KR,android,social,35-44,true
2151,2025-04-04,US,web,organic,18-24,false
2152,2025-04-04,KR,android,paid_search,35-44,true
2153,2025-04-04,KR,ios,paid_search,55+,false
2154,2025-04-04,KR,web,paid_search,25-34,true
2155,2025-04-04,JP,android,social,25-34,true
2156,2025-04-04,KR,web,organic,35-44,false
2157,2025-04-04,KR,ios,organic,35-44,false
2158,2025-04-04,KR,web,organic,25-34,false
2159,2025-04-04,US,ios,social,45-54,false
2160,2025-04-04,KR,ios,organic,35-44,true
2161,2025-04-05,KR,ios,paid_search,25-34,true
2162,2025-04-05,KR,ios,referral,35-44,true
2163,2025-04-05,KR,android,social,35-44,false
2164,2025-04-05,JP,ios,organic,18-24,true
2165,2025-04-05,KR,android,organic,35-44,true
2166,2025-04-05,KR,android,organic,25-34,true
2167,2025-04-05,JP,ios,email,55+,false
2168,2025-04-05,KR,android,organic,45-54,true
2169,2025-04-05,KR,ios,referral,45-54,true
2170,2025-04-05,KR,android,referral,35-44,true
2171,2025-04-05,KR,web,organic,25-34,true
2172,2025-04-05,KR,android,organic,35-44,true
2173,2025-04-05,VN,web,paid_search,35-44,true
2174,2025-04-05,US,android,organic,55+,true
2175,2025-04-05,KR,ios,social,18-24,true
2176,2025-04-05,KR,web,organic,35-44,true
2177,2025-04-05,US,ios,paid_search,55+,true
2178,2025-04-05,KR,web,organic,25-34,true
2179,2025-04-05,US,web,social,35-44,true
2180,2025-04-05,KR,ios,organic,18-24,false
2181,2025-04-05,KR,ios,paid_search,25-34,true
2182,2025-04-06,KR,ios,paid_search,35-44,false
2183,2025-04-06,JP,android,referral,25-34,false
2184,2025-04-06,KR,ios,organic,18-24,false
2185,2025-04-06,KR,android,referral,25-34,true
2186,2025-04-06,KR,ios,email,35-44,false
2187,2025-04-06,KR,android,social,18-24,true
2188,2025-04-06,KR,android,referral,35-44,true
2189,2025-04-06,VN,ios,organic,45-54,false
2190,2025-04-06,JP,ios,email,35-44,false
2191,2025-04-06,KR,android,referral,45-54,false
2192,2025-04-06,KR,android,paid_search,25-34,true
2193,2025-04-06,KR,android,organic,18-24,false
2194,2025-04-07,JP,ios,organic,35-44,true
2195,2025-04-07,KR,android,organic,35-44,true
2196,2025-04-07,KR,ios,organic,18-24,false
2197,2025-04-07,KR,ios,organic,35-44,true
2198,2025-04-07,VN,android,paid_search,35-44,true
2199,2025-04-07,TW,web,organic,35-44,true
2200,2025-04-07,KR,android,email,25-34,false
2201,2025-04-07,JP,ios,social,35-44,false
2202,2025-04-07,TW,ios,organic,18-24,true
2203,2025-04-07,KR,web,paid_search,35-44,true
2204,2025-04-07,KR,web,social,25-34,false
2205,2025-04-07,KR,ios,paid_search,35-44,true
2206,2025-04-07,US,android,paid_search,45-54,true
2207,2025-04-07,KR,ios,paid_search,25-34,true
2208,2025-04-07,KR,ios,organic,35-44,true
2209,2025-04-07,KR,android,organic,18-24,true
2210,2025-04-07,KR,android,social,35-44,true
2211,2025-04-08,VN,ios,referral,45-54,true
2212,2025-04-08,KR,ios,email,25-34,false
2213,2025-04-08,KR,android,social,25-34,true
2214,2025-04-08,VN,ios,email,55+,true
2215,2025-04-08,KR,ios,social,55+,false
2216,2025-04-08,VN,ios,paid_search,25-34,false
2217,2025-04-08,KR,ios,organic,25-34,true
2218,2025-04-08,KR,web,social,25-34,false
2219,2025-04-08,KR,android,organic,35-44,true
2220,2025-04-08,KR,android,social,35-44,true
2221,2025-04-08,KR,android,organic,18-24,true
2222,2025-04-08,KR,ios,organic,35-44,false
2223,2025-04-08,JP,android,paid_search,55+,false
2224,2025-04-08,KR,ios,social,35-44,false
2225,2025-04-08,JP,web,email,35-44,false
2226,2025-04-08,VN,ios,social,18-24,true
2227,2025-04-09,KR,android,organic,25-34,true
2228,2025-04-09,KR,web,email,25-34,true
2229,2025-04-09,US,ios,email,35-44,true
2230,2025-04-09,KR,ios,paid_search,25-34,false
2231,2025-04-09,KR,android,organic,25-34,true
2232,2025-04-09,KR,android,referral,25-34,true
2233,2025-04-09,US,android,social,25-34,false
2234,2025-04-09,KR,android,social,18-24,false
2235,2025-04-09,KR,ios,organic,45-54,false
2236,2025-04-09,KR,ios,organic,25-34,false
2237,2025-04-09,KR,ios,organic,35-44,false
2238,2025-04-09,KR,android,email,25-34,false
2239,2025-04-09,KR,ios,referral,35-44,false
2240,2025-04-09,KR,android,referral,25-34,true
2241,2025-04-09,KR,android,referral,35-44,false
2242,2025-04-09,KR,android,organic,25-34,false
2243,2025-04-09,KR,ios,referral,35-44,true
2244,2025-04-09,JP,android,referral,35-44,true
2245,2025-04-10,KR,ios,social,25-34,false
2246,2025-04-10,KR,ios,organic,25-34,true
2247,2025-04-10,KR,web,organic,35-44,true
2248,2025-04-10,JP,ios,social,18-24,true
2249,2025-04-10,KR,ios,paid_search,25-34,false
2250,2025-04-10,KR,android,referral,35-44,true
2251,2025-04-10,KR,ios,paid_search,25-34,false
2252,2025-04-10,US,ios,organic,25-34,true
2253,2025-04-10,KR,android,paid_search,55+,true
2254,2025-04-11,KR,ios,social,25-34,true
2255,2025-04-11,KR,android,email,25-34,true
2256,2025-04-11,KR,ios,email,25-34,false
2257,2025-04-11,VN,android,organic,35-44,true
2258,2025-04-11,KR,web,organic,25-34,true
2259,2025-04-11,KR,android,social,35-44,true
2260,2025-04-11,KR,android,paid_search,35-44,false
2261,2025-04-11,US,android,paid_search,35-44,false
2262,2025-04-11,TW,android,social,25-34,false
2263,2025-04-11,VN,web,organic,25-34,false
2264,2025-04-11,KR,web,organic,45-54,false
2265,2025-04-11,KR,ios,social,18-24,false
2266,2025-04-11,KR,android,organic,55+,false
2267,2025-04-11,JP,android,paid_search,55+,false
2268,2025-04-11,KR,ios,organic,35-44,true
2269,2025-04-11,JP,web,paid_search,18-24,false
2270,2025-04-11,KR,android,paid_search,25-34,false
2271,2025-04-11,KR,ios,organic,25-34,false
2272,2025-04-11,KR,ios,organic,25-34,true
2273,2025-04-11,JP,ios,social,25-34,true
2274,2025-04-11,KR,android,email,25-34,false
2275,2025-04-11,KR,android,social,25-34,true
2276,2025-04-12,KR,android,paid_search,45-54,true
2277,2025-04-12,VN,ios,social,25-34,true
2278,2025-04-12,KR,android,organic,35-44,false
2279,2025-04-12,KR,ios,organic,18-24,true
2280,2025-04-12,JP,ios,organic,35-44,true
2281,2025-04-12,KR,web,organic,25-34,false
2282,2025-04-12,JP,android,social,25-34,true
2283,2025-04-12,JP,android,social,25-34,false
2284,2025-04-12,KR,ios,organic,25-34,false
2285,2025-04-12,KR,android,paid_search,18-24,true
2286,2025-04-12,KR,android,paid_search,25-34,true
2287,2025-04-12,KR,ios,email,18-24,true
2288,2025-04-13,US,android,paid_search,35-44,false
2289,2025-04-13,KR,ios,referral,35-44,false
2290,2025-04-13,KR,web,organic,35-44,false
2291,2025-04-13,KR,ios,paid_search,45-54,true
2292,2025-04-13,US,ios,paid_search,25-34,false
2293,2025-04-13,KR,android,organic,55+,false
2294,2025-04-13,KR,ios,paid_search,25-34,false
2295,2025-04-13,KR,android,social,25-34,true
2296,2025-04-13,KR,ios,social,18-24,false
2297,2025-04-14,KR,android,organic,25-34,true
2298,2025-04-14,KR,ios,paid_search,35-44,true
2299,2025-04-14,JP,android,paid_search,35-44,true
2300,2025-04-14,JP,android,social,25-34,false
2301,2025-04-14,KR,android,organic,25-34,false
2302,2025-04-14,US,ios,paid_search,35-44,false
2303,2025-04-14,KR,ios,organic,35-44,true
2304,2025-04-14,VN,web,email,25-34,false
2305,2025-04-14,KR,ios,organic,25-34,true
2306,2025-04-14,TW,web,organic,25-34,true
2307,2025-04-14,KR,ios,social,35-44,false
2308,2025-04-14,US,ios,social,18-24,true
2309,2025-04-14,KR,ios,organic,25-34,true
2310,2025-04-14,VN,ios,paid_search,55+,false
2311,2025-04-14,KR,web,organic,18-24,true
2312,2025-04-15,KR,android,organic,35-44,false
2313,2025-04-15,TW,ios,organic,55+,false
2314,2025-04-15,KR,ios,social,35-44,false
2315,2025-04-15,US,ios,organic,35-44,false
2316,2025-04-15,KR,android,organic,18-24,false
2317,2025-04-15,KR,ios,social,25-34,true
2318,2025-04-15,JP,ios,social,25-34,true
2319,2025-04-15,JP,ios,referral,45-54,false
2320,2025-04-15,KR,ios,referral,25-34,false
2321,2025-04-15,US,ios,organic,35-44,false
2322,2025-04-15,KR,android,social,25-34,true
2323,2025-04-15,JP,android,email,18-24,false
2324,2025-04-16,JP,android,organic,18-24,true
2325,2025-04-16,KR,ios,email,18-24,false
2326,2025-04-16,KR,web,organic,35-44,false
2327,2025-04-16,VN,ios,organic,55+,true
2328,2025-04-16,KR,ios,organic,35-44,false
2329,2025-04-16,KR,android,social,55+,true
2330,2025-04-16,KR,ios,social,25-34,false
2331,2025-04-16,KR,android,referral,25-34,true
2332,2025-04-16,KR,android,organic,45-54,true
2333,2025-04-17,KR,ios,paid_search,45-54,true
2334,2025-04-17,KR,android,email,45-54,true
2335,2025-04-17,KR,android,social,25-34,false
2336,2025-04-17,KR,ios,organic,25-34,true
2337,2025-04-17,KR,web,referral,18-24,true
2338,2025-04-17,KR,android,organic,45-54,true
2339,2025-04-17,KR,android,social,25-34,false
2340,2025-04-17,VN,ios,social,25-34,true
2341,2025-04-17,KR,android,organic,45-54,true
2342,2025-04-17,US,ios,referral,35-44,true
2343,2025-04-17,JP,android,paid_search,25-34,false
2344,2025-04-17,KR,android,social,25-34,true
2345,2025-04-17,KR,web,organic,25-34,true
2346,2025-04-17,JP,android,paid_search,25-34,false
2347,2025-04-17,KR,android,organic,18-24,true
2348,2025-04-17,KR,android,organic,25-34,true
2349,2025-04-17,KR,ios,organic,18-24,false
2350,2025-04-17,VN,android,organic,55+,false
2351,2025-04-18,KR,ios,social,55+,false
2352,2025-04-18,KR,android,email,18-24,true
2353,2025-04-18,US,ios,paid_search,25-34,true
2354,2025-04-18,KR,android,paid_search,35-44,true
2355,2025-04-18,VN,android,email,25-34,true
2356,2025-04-18,JP,web,organic,35-44,false
2357,2025-04-18,KR,android,organic,18-24,false
2358,2025-04-18,KR,android,social,55+,true
2359,2025-04-18,KR,ios,social,25-34,false
2360,2025-04-18,KR,ios,referral,45-54,true
2361,2025-04-18,JP,android,social,25-34,true
2362,2025-04-19,KR,ios,social,25-34,true
2363,2025-04-19,KR,android,social,25-34,false
2364,2025-04-19,US,ios,referral,18-24,true
2365,2025-04-19,KR,ios,organic,18-24,false
2366,2025-04-19,KR,web,paid_search,35-44,true
2367,2025-04-19,KR,android,email,55+,true
2368,2025-04-19,KR,android,paid_search,18-24,false
2369,2025-04-19,JP,ios,paid_search,18-24,false
2370,2025-04-19,KR,ios,organic,45-54,false
2371,2025-04-19,KR,ios,social,25-34,true
2372,2025-04-19,TW,ios,paid_search,25-34,false
2373,2025-04-19,JP,android,social,45-54,false
2374,2025-04-19,KR,android,referral,18-24,true
2375,2025-04-19,KR,web,organic,25-34,false
2376,2025-04-19,KR,ios,paid_search,25-34,false
2377,2025-04-19,KR,web,paid_search,18-24,true
2378,2025-04-20,KR,ios,organic,55+,true
2379,2025-04-20,VN,ios,organic,35-44,true
2380,2025-04-20,KR,ios,organic,35-44,true
2381,2025-04-20,TW,ios,organic,25-34,true
2382,2025-04-20,US,web,organic,25-34,false
2383,2025-04-20,KR,android,organic,25-34,true
2384,2025-04-20,KR,web,paid_search,45-54,false
2385,2025-04-20,KR,android,paid_search,45-54,true
2386,2025-04-20,VN,android,social,25-34,false
2387,2025-04-20,KR,android,organic,35-44,true
2388,2025-04-20,KR,android,organic,35-44,true
2389,2025-04-20,KR,android,social,35-44,true
2390,2025-04-20,KR,android,organic,18-24,true
2391,2025-04-20,KR,web,organic,25-34,false
2392,2025-04-20,TW,ios,referral,18-24,false
2393,2025-04-21,KR,android,organic,35-44,true
2394,2025-04-21,KR,android,organic,45-54,true
2395,2025-04-21,KR,ios,organic,25-34,true
2396,2025-04-21,KR,android,paid_search,35-44,true
2397,2025-04-21,KR,web,organic,35-44,false
2398,2025-04-21,KR,web,organic,35-44,true
2399,2025-04-21,KR,web,organic,55+,false
2400,2025-04-21,VN,web,paid_search,55+,false
2401,2025-04-21,KR,android,organic,18-24,true
2402,2025-04-21,KR,ios,paid_search,35-44,false
2403,2025-04-21,VN,web,referral,35-44,true
2404,2025-04-21,VN,ios,organic,25-34,false
2405,2025-04-21,JP,ios,social,18-24,true
2406,2025-04-21,KR,ios,social,18-24,true
2407,2025-04-21,KR,android,email,35-44,false
2408,2025-04-21,VN,ios,organic,25-34,true
2409,2025-04-21,KR,android,organic,25-34,true
2410,2025-04-22,KR,web,social,18-24,true
2411,2025-04-22,KR,ios,organic,18-24,false
2412,2025-04-22,US,android,social,35-44,false
2413,2025-04-22,US,android,social,45-54,false
2414,2025-04-22,KR,ios,paid_search,18-24,true
2415,2025-04-22,KR,ios,email,25-34,true
2416,2025-04-22,KR,ios,social,35-44,true
2417,2025-04-22,KR,ios,social,55+,false
2418,2025-04-22,KR,android,social,45-54,true
2419,2025-04-22,KR,ios,organic,35-44,true
2420,2025-04-22,KR,web,paid_search,55+,false
2421,2025-04-22,US,android,organic,18-24,false
2422,2025-04-22,KR,android,social,25-34,true
2423,2025-04-22,KR,ios,social,18-24,true
2424,2025-04-22,KR,android,organic,25-34,false
2425,2025-04-23,KR,android,organic,25-34,true
2426,2025-04-23,US,android,organic,25-34,true
2427,2025-04-23,JP,web,paid_search,25-34,true
2428,2025-04-23,TW,android,organic,55+,false
2429,2025-04-23,KR,ios,social,45-54,true
2430,2025-04-23,KR,ios,organic,18-24,false
2431,2025-04-23,KR,android,referral,25-34,true
2432,2025-04-23,VN,ios,referral,18-24,true
2433,2025-04-24,KR,ios,paid_search,25-34,false
2434,2025-04-24,KR,android,paid_search,25-34,true
2435,2025-04-24,KR,android,organic,35-44,true
2436,2025-04-24,KR,android,organic,25-34,false
2437,2025-04-24,JP,ios,organic,25-34,false
2438,2025-04-24,KR,android,social,55+,true
2439,2025-04-24,KR,ios,organic,25-34,false
2440,2025-04-24,KR,ios,paid_search,55+,true
2441,2025-04-25,JP,web,paid_search,35-44,true
2442,2025-04-25,KR,android,organic,35-44,false
2443,2025-04-25,KR,android,organic,18-24,false
2444,2025-04-25,KR,android,organic,45-54,true
2445,2025-04-25,KR,android,paid_search,25-34,false
2446,2025-04-25,KR,ios,paid_search,35-44,false
2447,2025-04-25,US,android,organic,25-34,true
2448,2025-04-25,JP,ios,social,35-44,false
2449,2025-04-25,KR,ios,referral,35-44,true
2450,2025-04-25,JP,web,organic,45-54,true
2451,2025-04-26,TW,ios,organic,18-24,false
2452,2025-04-26,TW,ios,organic,25-34,true
2453,2025-04-26,JP,ios,email,55+,true
2454,2025-04-26,KR,web,referral,35-44,true
2455,2025-04-26,KR,android,paid_search,35-44,false
2456,2025-04-26,KR,ios,paid_search,45-54,true
2457,2025-04-26,KR,web,social,35-44,false
2458,2025-04-26,KR,web,referral,25-34,true
2459,2025-04-26,KR,android,social,25-34,false
2460,2025-04-26,KR,android,social,25-34,true
2461,2025-04-26,KR,android,organic,45-54,true
2462,2025-04-26,KR,web,organic,35-44,false
2463,2025-04-26,KR,android,organic,25-34,false
2464,2025-04-26,KR,web,paid_search,25-34,false
2465,2025-04-26,KR,android,social,45-54,true
2466,2025-04-26,KR,web,organic,35-44,false
2467,2025-04-27,KR,android,email,18-24,false
2468,2025-04-27,JP,ios,referral,25-34,true
2469,2025-04-27,US,web,organic,35-44,true
2470,2025-04-27,KR,ios,referral,18-24,true
2471,2025-04-27,JP,android,organic,25-34,false
2472,2025-04-27,KR,android,organic,25-34,false
2473,2025-04-27,KR,ios,paid_search,25-34,true
2474,2025-04-27,TW,android,social,18-24,false
2475,2025-04-27,KR,web,paid_search,35-44,true
2476,2025-04-27,KR,web,social,35-44,false
2477,2025-04-27,VN,ios,organic,35-44,false
2478,2025-04-27,KR,ios,paid_search,18-24,true
2479,2025-04-28,KR,ios,social,25-34,true
2480,2025-04-28,KR,ios,paid_search,25-34,true
2481,2025-04-28,JP,ios,organic,25-34,true
2482,2025-04-28,KR,ios,organic,18-24,false
2483,2025-04-28,KR,ios,paid_search,18-24,false
2484,2025-04-28,KR,android,email,18-24,true
2485,2025-04-28,KR,web,paid_search,35-44,true
2486,2025-04-28,KR,ios,social,18-24,true
2487,2025-04-28,KR,android,social,45-54,false
2488,2025-04-28,KR,android,organic,45-54,false
2489,2025-04-28,KR,android,social,45-54,false
2490,2025-04-28,KR,ios,email,35-44,true
2491,2025-04-28,KR,android,social,35-44,false
2492,2025-04-28,US,android,organic,35-44,false
2493,2025-04-28,KR,web,organic,25-34,false
2494,2025-04-28,VN,android,organic,25-34,true
2495,2025-04-28,KR,ios,organic,35-44,false
2496,2025-04-28,KR,ios,organic,25-34,false
2497,2025-04-28,KR,android,paid_search,45-54,true
2498,2025-04-29,KR,web,organic,35-44,true
2499,2025-04-29,TW,android,organic,45-54,false
2500,2025-04-29,KR,ios,organic,35-44,true
2501,2025-04-29,US,ios,social,25-34,false
2502,2025-04-29,KR,android,organic,35-44,true
2503,2025-04-29,JP,ios,paid_search,35-44,true
2504,2025-04-29,KR,ios,social,55+,true
2505,2025-04-29,JP,android,social,25-34,false
2506,2025-04-29,KR,web,organic,45-54,false
2507,2025-04-29,VN,ios,referral,18-24,false
2508,2025-04-29,KR,android,paid_search,18-24,true
2509,2025-04-29,KR,android,referral,35-44,false
2510,2025-04-29,US,ios,paid_search,25-34,true
2511,2025-04-30,KR,android,social,35-44,true
2512,2025-04-30,JP,ios,referral,25-34,true
2513,2025-04-30,KR,ios,paid_search,25-34,false
2514,2025-04-30,VN,ios,paid_search,45-54,true
2515,2025-04-30,US,android,paid_search,18-24,true
2516,2025-04-30,KR,web,organic,45-54,true
2517,2025-04-30,KR,web,referral,25-34,true
2518,2025-04-30,KR,ios,social,25-34,false
2519,2025-04-30,KR,android,organic,25-34,false
2520,2025-04-30,TW,web,social,18-24,false
2521,2025-04-30,VN,web,paid_search,18-24,false
2522,2025-04-30,KR,ios,paid_search,35-44,true
2523,2025-04-30,JP,android,paid_search,18-24,false
2524,2025-04-30,KR,android,paid_search,25-34,false
2525,2025-04-30,KR,web,organic,55+,false
2526,2025-04-30,KR,android,organic,55+,false
2527,2025-04-30,KR,android,email,35-44,true
2528,2025-04-30,KR,ios,social,35-44,false
2529,2025-04-30,KR,android,paid_search,35-44,true
2530,2025-04-30,US,ios,social,45-54,false
2531,2025-04-30,KR,android,organic,18-24,false
2532,2025-04-30,US,ios,email,25-34,false
2533,2025-04-30,JP,web,referral,55+,false
2534,2025-04-30,KR,android,social,18-24,false
2535,2025-04-30,KR,web,paid_search,45-54,false
2536,2025-05-01,KR,android,organic,45-54,false
2537,2025-05-01,KR,ios,paid_search,18-24,false
2538,2025-05-01,KR,web,email,45-54,false
2539,2025-05-01,KR,web,social,55+,true
2540,2025-05-01,KR,web,referral,25-34,false
2541,2025-05-01,KR,android,paid_search,25-34,true
2542,2025-05-01,KR,android,organic,25-34,false
2543,2025-05-01,JP,android,organic,18-24,false
2544,2025-05-01,US,web,email,35-44,false
2545,2025-05-01,KR,android,email,45-54,true
2546,2025-05-01,KR,ios,paid_search,45-54,false
2547,2025-05-01,KR,android,paid_search,35-44,true
2548,2025-05-01,KR,android,social,35-44,true
2549,2025-05-01,JP,ios,paid_search,35-44,false
2550,2025-05-01,VN,ios,referral,25-34,false
2551,2025-05-01,US,android,referral,45-54,true
2552,2025-05-02,TW,web,paid_search,18-24,true
2553,2025-05-02,US,web,referral,25-34,true
2554,2025-05-02,KR,ios,organic,18-24,true
2555,2025-05-02,KR,android,paid_search,25-34,false
2556,2025-05-02,TW,android,social,35-44,false
2557,2025-05-02,JP,android,paid_search,25-34,true
2558,2025-05-02,KR,ios,paid_search,35-44,true
2559,2025-05-02,KR,ios,paid_search,35-44,true
2560,2025-05-02,KR,ios,paid_search,25-34,true
2561,2025-05-02,KR,web,social,18-24,true
2562,2025-05-02,JP,ios,email,25-34,true
2563,2025-05-02,KR,web,email,45-54,true
2564,2025-05-02,JP,ios,paid_search,35-44,false
2565,2025-05-02,KR,android,organic,25-34,true
2566,2025-05-02,US,ios,social,25-34,true
2567,2025-05-03,KR,android,paid_search,35-44,false
2568,2025-05-03,KR,android,referral,25-34,false
2569,2025-05-03,TW,web,paid_search,35-44,true
2570,2025-05-03,KR,web,organic,45-54,true
2571,2025-05-03,KR,android,social,35-44,false
2572,2025-05-03,KR,web,social,45-54,true
2573,2025-05-03,KR,web,organic,25-34,false
2574,2025-05-03,JP,web,social,55+,true
2575,2025-05-03,KR,web,social,18-24,true
2576,2025-05-03,KR,android,paid_search,35-44,false
2577,2025-05-04,KR,android,paid_search,25-34,true
2578,2025-05-04,KR,web,paid_search,18-24,true
2579,2025-05-04,US,android,organic,55+,true
2580,2025-05-04,KR,android,social,45-54,true
2581,2025-05-04,JP,android,referral,45-54,false
2582,2025-05-04,KR,ios,email,35-44,true
2583,2025-05-04,VN,web,social,45-54,true
2584,2025-05-04,JP,web,organic,25-34,false
2585,2025-05-04,KR,ios,organic,25-34,true
2586,2025-05-04,US,android,social,18-24,true
2587,2025-05-04,KR,web,email,25-34,false
2588,2025-05-04,KR,ios,social,25-34,false
2589,2025-05-04,KR,android,organic,25-34,true
2590,2025-05-04,VN,android,social,18-24,true
2591,2025-05-05,KR,web,organic,25-34,false
2592,2025-05-05,KR,android,organic,25-34,false
2593,2025-05-05,KR,android,organic,45-54,false
2594,2025-05-05,KR,android,paid_search,45-54,true
2595,2025-05-05,KR,ios,organic,35-44,false
2596,2025-05-05,US,web,social,25-34,false
2597,2025-05-05,US,web,email,25-34,false
2598,2025-05-05,JP,ios,social,25-34,true
2599,2025-05-05,KR,android,social,25-34,true
2600,2025-05-05,KR,ios,organic,25-34,false
2601,2025-05-05,KR,android,referral,25-34,false
2602,2025-05-05,KR,ios,organic,35-44,false
2603,2025-05-05,KR,android,organic,55+,true
2604,2025-05-05,KR,web,paid_search,25-34,true
2605,2025-05-05,KR,web,paid_search,55+,true
2606,2025-05-05,KR,android,social,25-34,false
2607,2025-05-05,JP,web,organic,25-34,false
2608,2025-05-05,KR,ios,email,25-34,true
2609,2025-05-05,KR,ios,organic,18-24,true
2610,2025-05-06,KR,web,organic,25-34,false
2611,2025-05-06,KR,android,paid_search,25-34,true
2612,2025-05-06,KR,web,email,45-54,true
2613,2025-05-06,JP,android,organic,55+,false
2614,2025-05-06,KR,web,organic,25-34,true
2615,2025-05-06,KR,web,paid_search,25-34,false
2616,2025-05-06,US,web,email,45-54,false
2617,2025-05-06,KR,web,organic,18-24,true
2618,2025-05-06,KR,android,referral,25-34,false
2619,2025-05-07,KR,android,organic,18-24,false
2620,2025-05-07,KR,android,organic,18-24,false
2621,2025-05-07,KR,android,referral,35-44,true
2622,2025-05-07,KR,ios,organic,35-44,true
2623,2025-05-07,KR,web,social,55+,false
2624,2025-05-07,KR,android,paid_search,35-44,true
2625,2025-05-07,KR,ios,social,18-24,false
2626,2025-05-07,US,android,paid_search,25-34,false
2627,2025-05-07,KR,android,email,25-34,true
2628,2025-05-07,KR,ios,paid_search,35-44,true
2629,2025-05-07,JP,web,referral,18-24,false
2630,2025-05-07,KR,android,paid_search,35-44,true
2631,2025-05-08,KR,ios,organic,35-44,true
2632,2025-05-08,JP,android,social,35-44,false
2633,2025-05-08,VN,ios,paid_search,35-44,true
2634,2025-05-08,KR,ios,paid_search,25-34,false
2635,2025-05-08,KR,android,organic,35-44,false
2636,2025-05-08,KR,ios,organic,55+,true
2637,2025-05-08,KR,ios,organic,25-34,false
2638,2025-05-08,KR,web,organic,25-34,false
2639,2025-05-08,KR,web,organic,25-34,false
2640,2025-05-08,KR,web,organic,18-24,false
2641,2025-05-08,JP,web,referral,25-34,false
2642,2025-05-08,TW,ios,paid_search,45-54,true
2643,2025-05-08,VN,android,referral,35-44,false
2644,2025-05-08,JP,ios,social,55+,false
2645,2025-05-08,TW,android,social,35-44,false
2646,2025-05-08,KR,ios,organic,35-44,true
2647,2025-05-09,KR,ios,referral,55+,false
2648,2025-05-09,VN,web,organic,18-24,true
2649,2025-05-09,KR,android,organic,45-54,false
2650,2025-05-09,KR,web,email,35-44,false
2651,2025-05-09,TW,android,referral,18-24,false
2652,2025-05-09,KR,ios,organic,18-24,true
2653,2025-05-09,KR,android,referral,35-44,false
2654,2025-05-09,KR,web,organic,25-34,true
2655,2025-05-09,VN,web,social,35-44,true
2656,2025-05-09,KR,ios,organic,55+,false
2657,2025-05-09,KR,ios,organic,25-34,true
2658,2025-05-10,KR,ios,organic,25-34,false
2659,2025-05-10,KR,android,social,35-44,true
2660,2025-05-10,JP,ios,social,25-34,false
2661,2025-05-10,TW,android,referral,18-24,false
2662,2025-05-10,KR,ios,paid_search,35-44,false
2663,2025-05-10,US,android,email,45-54,false
2664,2025-05-10,KR,android,social,55+,true
2665,2025-05-10,KR,ios,organic,45-54,true
2666,2025-05-11,KR,android,paid_search,18-24,false
2667,2025-05-11,KR,web,social,55+,true
2668,2025-05-11,JP,android,social,25-34,true
2669,2025-05-11,KR,web,referral,18-24,false
2670,2025-05-11,JP,android,organic,45-54,false
2671,2025-05-11,JP,android,social,18-24,false
2672,2025-05-11,KR,web,referral,35-44,false
2673,2025-05-11,KR,android,social,18-24,true
2674,2025-05-11,TW,ios,organic,25-34,false
2675,2025-05-11,KR,android,paid_search,18-24,true
2676,2025-05-11,KR,web,organic,25-34,true
2677,2025-05-11,KR,android,paid_search,55+,true
2678,2025-05-11,KR,android,organic,35-44,false
2679,2025-05-11,JP,web,social,25-34,false
2680,2025-05-11,KR,android,social,45-54,false
2681,2025-05-11,KR,android,organic,35-44,false
2682,2025-05-11,KR,web,paid_search,35-44,false
2683,2025-05-11,KR,android,organic,25-34,true
2684,2025-05-11,KR,ios,paid_search,35-44,true
2685,2025-05-12,KR,web,organic,35-44,true
2686,2025-05-12,KR,android,organic,25-34,false
2687,2025-05-12,KR,android,social,18-24,false
2688,2025-05-12,KR,ios,email,25-34,false
2689,2025-05-12,KR,ios,social,35-44,true
2690,2025-05-12,JP,android,organic,35-44,false
2691,2025-05-12,KR,android,paid_search,55+,false
2692,2025-05-12,KR,android,email,45-54,true
2693,2025-05-12,KR,ios,referral,55+,false
2694,2025-05-12,KR,web,organic,25-34,true
2695,2025-05-12,KR,android,organic,25-34,false
2696,2025-05-12,KR,android,organic,25-34,true
2697,2025-05-12,JP,android,organic,45-54,true
2698,2025-05-12,JP,ios,referral,18-24,false
2699,2025-05-12,KR,android,referral,18-24,true
2700,2025-05-12,US,web,paid_search,35-44,false
2701,2025-05-12,JP,web,referral,25-34,false
2702,2025-05-12,KR,ios,referral,35-44,true
2703,2025-05-12,KR,ios,organic,35-44,false
2704,2025-05-12,KR,ios,paid_search,18-24,false
2705,2025-05-12,KR,web,organic,18-24,true
2706,2025-05-12,JP,web,paid_search,25-34,true
2707,2025-05-12,KR,android,referral,25-34,false
2708,2025-05-12,US,ios,paid_search,45-54,true
2709,2025-05-13,KR,web,organic,45-54,true
2710,2025-05-13,KR,ios,paid_search,18-24,true
2711,2025-05-13,KR,ios,social,18-24,true
2712,2025-05-13,KR,android,organic,18-24,false
2713,2025-05-13,JP,android,organic,45-54,false
2714,2025-05-13,KR,ios,organic,25-34,true
2715,2025-05-13,JP,ios,organic,18-24,true
2716,2025-05-13,KR,ios,paid_search,25-34,false
2717,2025-05-13,VN,web,paid_search,25-34,false
2718,2025-05-13,VN,android,organic,35-44,true
2719,2025-05-13,JP,ios,organic,35-44,false
2720,2025-05-13,KR,web,referral,25-34,false
2721,2025-05-13,KR,ios,referral,25-34,false
2722,2025-05-14,KR,ios,organic,35-44,false
2723,2025-05-14,KR,ios,paid_search,25-34,false
2724,2025-05-14,KR,ios,paid_search,35-44,true
2725,2025-05-14,KR,android,paid_search,18-24,true
2726,2025-05-14,JP,ios,referral,25-34,true
2727,2025-05-14,JP,android,organic,18-24,false
2728,2025-05-14,KR,web,paid_search,25-34,true
2729,2025-05-14,KR,web,organic,45-54,true
2730,2025-05-14,KR,ios,social,25-34,false
2731,2025-05-14,VN,android,organic,45-54,true
2732,2025-05-14,KR,android,referral,25-34,false
2733,2025-05-14,JP,android,organic,35-44,true
2734,2025-05-14,KR,ios,referral,25-34,true
2735,2025-05-14,KR,ios,email,25-34,false
2736,2025-05-14,JP,ios,social,55+,false
2737,2025-05-14,JP,android,referral,18-24,false
2738,2025-05-15,KR,android,referral,35-44,true
2739,2025-05-15,JP,web,social,45-54,false
2740,2025-05-15,US,ios,paid_search,45-54,false
2741,2025-05-15,KR,ios,organic,35-44,false
2742,2025-05-15,KR,ios,organic,45-54,true
2743,2025-05-15,KR,ios,referral,25-34,true
2744,2025-05-15,KR,web,paid_search,25-34,true
2745,2025-05-15,KR,web,social,25-34,false
2746,2025-05-15,KR,web,organic,25-34,false
2747,2025-05-15,VN,android,social,45-54,false
2748,2025-05-15,KR,android,social,35-44,false
2749,2025-05-15,KR,ios,organic,45-54,true
2750,2025-05-16,US,ios,paid_search,45-54,true
2751,2025-05-16,US,ios,paid_search,35-44,false
2752,2025-05-16,KR,ios,social,55+,false
2753,2025-05-16,US,android,paid_search,45-54,false
2754,2025-05-16,US,web,referral,18-24,true
2755,2025-05-16,TW,android,organic,25-34,false
2756,2025-05-16,US,web,organic,25-34,true
2757,2025-05-16,US,ios,social,35-44,false
2758,2025-05-16,KR,android,social,18-24,true
2759,2025-05-16,KR,ios,social,25-34,false
2760,2025-05-16,KR,android,organic,25-34,true
2761,2025-05-16,KR,ios,social,35-44,false
2762,2025-05-16,JP,android,referral,25-34,false
2763,2025-05-16,KR,android,organic,25-34,false
2764,2025-05-16,KR,ios,paid_search,45-54,true
2765,2025-05-16,KR,web,referral,18-24,true
2766,2025-05-16,KR,web,paid_search,25-34,true
2767,2025-05-17,KR,ios,social,25-34,false
2768,2025-05-17,US,ios,organic,25-34,false
2769,2025-05-17,KR,android,paid_search,35-44,false
2770,2025-05-17,KR,ios,social,25-34,false
2771,2025-05-17,VN,ios,paid_search,25-34,true
2772,2025-05-17,TW,web,organic,55+,true
2773,2025-05-17,TW,web,organic,35-44,false
2774,2025-05-17,KR,ios,social,18-24,true
2775,2025-05-17,KR,android,paid_search,25-34,true
2776,2025-05-17,KR,android,organic,35-44,true
2777,2025-05-17,KR,android,referral,18-24,false
2778,2025-05-17,KR,ios,paid_search,25-34,true
2779,2025-05-17,US,android,social,55+,true
2780,2025-05-17,KR,web,organic,18-24,true
2781,2025-05-18,KR,ios,organic,35-44,false
2782,2025-05-18,VN,ios,organic,35-44,true
2783,2025-05-18,KR,android,social,25-34,false
2784,2025-05-18,KR,web,organic,35-44,false
2785,2025-05-18,KR,android,social,25-34,true
2786,2025-05-18,KR,android,organic,25-34,true
2787,2025-05-18,KR,android,paid_search,35-44,true
2788,2025-05-18,KR,android,organic,35-44,false
2789,2025-05-18,US,ios,paid_search,18-24,false
2790,2025-05-18,KR,android,social,25-34,false
2791,2025-05-18,US,ios,email,45-54,false
2792,2025-05-18,US,ios,paid_search,18-24,false
2793,2025-05-18,KR,web,organic,18-24,true
2794,2025-05-18,JP,ios,organic,18-24,true
2795,2025-05-18,VN,android,organic,18-24,true
2796,2025-05-18,KR,ios,organic,18-24,true
2797,2025-05-18,JP,ios,social,35-44,false
2798,2025-05-18,KR,android,referral,55+,false
2799,2025-05-18,KR,web,referral,25-34,true
2800,2025-05-18,VN,ios,social,25-34,false
2801,2025-05-18,KR,android,paid_search,45-54,true
2802,2025-05-18,KR,ios,organic,55+,true
2803,2025-05-19,KR,web,organic,25-34,false
2804,2025-05-19,KR,web,social,25-34,false
2805,2025-05-19,US,ios,social,25-34,true
2806,2025-05-19,JP,ios,paid_search,18-24,false
2807,2025-05-19,KR,ios,organic,55+,true
2808,2025-05-19,KR,ios,paid_search,25-34,false
2809,2025-05-19,JP,ios,paid_search,25-34,true
2810,2025-05-19,KR,ios,referral,35-44,true
2811,2025-05-19,TW,android,organic,25-34,false
2812,2025-05-19,KR,android,paid_search,25-34,true
2813,2025-05-19,KR,web,social,18-24,true
2814,2025-05-20,KR,ios,social,25-34,false
2815,2025-05-20,KR,android,referral,35-44,false
2816,2025-05-20,US,android,organic,25-34,false
2817,2025-05-20,KR,web,organic,35-44,true
2818,2025-05-20,TW,ios,organic,45-54,true
2819,2025-05-20,KR,web,referral,18-24,false
2820,2025-05-20,KR,ios,social,18-24,true
2821,2025-05-20,KR,web,paid_search,25-34,false
2822,2025-05-20,US,ios,email,25-34,true
2823,2025-05-20,KR,ios,social,35-44,false
2824,2025-05-20,KR,ios,organic,18-24,false
2825,2025-05-20,JP,android,social,25-34,true
2826,2025-05-20,KR,web,organic,18-24,false
2827,2025-05-20,KR,android,organic,25-34,true
2828,2025-05-20,US,android,organic,35-44,false
2829,2025-05-21,KR,web,referral,25-34,true
2830,2025-05-21,KR,android,email,35-44,true
2831,2025-05-21,VN,android,organic,45-54,true
2832,2025-05-21,KR,android,email,25-34,true
2833,2025-05-21,KR,web,organic,25-34,false
2834,2025-05-21,JP,ios,organic,25-34,false
2835,2025-05-21,KR,android,organic,45-54,true
2836,2025-05-21,US,ios,organic,25-34,true
2837,2025-05-21,KR,android,referral,25-34,true
2838,2025-05-21,KR,web,organic,25-34,true
2839,2025-05-21,KR,android,organic,18-24,false
2840,2025-05-21,KR,android,organic,45-54,false
2841,2025-05-21,KR,web,paid_search,25-34,false
2842,2025-05-21,JP,ios,organic,18-24,false
2843,2025-05-21,TW,android,email,18-24,false
2844,2025-05-21,VN,android,organic,25-34,true
2845,2025-05-22,KR,web,paid_search,18-24,true
2846,2025-05-22,KR,android,organic,35-44,true
2847,2025-05-22,KR,android,organic,35-44,false
2848,2025-05-22,KR,android,paid_search,25-34,false
2849,2025-05-22,VN,ios,email,35-44,true
2850,2025-05-22,KR,ios,paid_search,55+,true
2851,2025-05-22,KR,ios,paid_search,45-54,true
2852,2025-05-22,KR,ios,social,35-44,false
2853,2025-05-22,KR,android,social,35-44,false
2854,2025-05-22,US,ios,organic,55+,true
2855,2025-05-22,VN,android,referral,35-44,false
2856,2025-05-22,JP,android,paid_search,18-24,true
2857,2025-05-22,TW,ios,social,25-34,true
2858,2025-05-22,TW,ios,paid_search,25-34,true
2859,2025-05-23,KR,android,organic,45-54,false
2860,2025-05-23,KR,ios,organic,45-54,true
2861,2025-05-23,KR,android,paid_search,35-44,true
2862,2025-05-23,KR,ios,social,35-44,true
2863,2025-05-23,KR,android,organic,35-44,true
2864,2025-05-23,KR,android,organic,35-44,true
2865,2025-05-23,KR,android,organic,35-44,false
2866,2025-05-23,TW,ios,organic,25-34,false
2867,2025-05-23,KR,ios,social,18-24,true
2868,2025-05-23,KR,android,social,25-34,false
2869,2025-05-23,KR,ios,referral,35-44,false
2870,2025-05-23,JP,ios,paid_search,25-34,true
2871,2025-05-23,KR,ios,organic,45-54,true
2872,2025-05-23,KR,android,social,18-24,false
2873,2025-05-23,JP,web,organic,18-24,false
2874,2025-05-23,KR,android,social,35-44,false
2875,2025-05-23,KR,web,social,25-34,false
2876,2025-05-24,JP,web,organic,25-34,false
2877,2025-05-24,KR,android,paid_search,18-24,true
2878,2025-05-24,US,ios,social,35-44,false
2879,2025-05-24,KR,ios,referral,18-24,true
2880,2025-05-24,VN,ios,organic,55+,true
2881,2025-05-24,KR,android,social,45-54,false
2882,2025-05-24,TW,ios,social,18-24,false
2883,2025-05-24,VN,ios,referral,35-44,true
2884,2025-05-24,KR,web,organic,18-24,false
2885,2025-05-24,KR,android,social,35-44,true
2886,2025-05-24,KR,web,paid_search,35-44,false
2887,2025-05-24,KR,web,social,55+,true
2888,2025-05-24,KR,android,email,55+,true
2889,2025-05-24,KR,ios,social,45-54,false
2890,2025-05-25,KR,web,organic,25-34,false
2891,2025-05-25,KR,android,social,18-24,true
2892,2025-05-25,KR,android,paid_search,25-34,true
2893,2025-05-25,JP,android,paid_search,25-34,true
2894,2025-05-25,KR,ios,social,25-34,true
2895,2025-05-25,TW,android,paid_search,25-34,true
2896,2025-05-25,KR,web,paid_search,35-44,false
2897,2025-05-25,KR,android,organic,25-34,false
2898,2025-05-25,KR,web,paid_search,25-34,true
2899,2025-05-25,KR,android,organic,25-34,true
2900,2025-05-25,TW,ios,paid_search,35-44,false
2901,2025-05-25,US,web,organic,25-34,false
2902,2025-05-26,KR,android,organic,45-54,false
2903,2025-05-26,KR,android,email,35-44,false
2904,2025-05-26,US,ios,organic,25-34,false
2905,2025-05-26,KR,ios,email,18-24,false
2906,2025-05-26,KR,android,organic,35-44,false
2907,2025-05-26,KR,android,social,25-34,false
2908,2025-05-26,KR,web,social,18-24,false
2909,2025-05-26,KR,web,social,18-24,false
2910,2025-05-26,KR,web,email,35-44,true
2911,2025-05-26,KR,android,organic,55+,true
2912,2025-05-26,KR,ios,email,55+,true
2913,2025-05-26,KR,web,paid_search,55+,false
2914,2025-05-26,JP,ios,social,55+,true
2915,2025-05-26,US,android,email,35-44,true
2916,2025-05-27,KR,ios,paid_search,45-54,true
2917,2025-05-27,TW,ios,social,55+,false
2918,2025-05-27,VN,web,social,35-44,true
2919,2025-05-27,KR,ios,referral,35-44,false
2920,2025-05-27,VN,ios,email,18-24,true
2921,2025-05-27,KR,ios,social,35-44,false
2922,2025-05-27,KR,ios,organic,25-34,true
2923,2025-05-27,KR,web,email,45-54,true
2924,2025-05-27,KR,ios,paid_search,25-34,false
2925,2025-05-27,KR,ios,social,55+,true
2926,2025-05-27,US,ios,organic,45-54,true
2927,2025-05-27,JP,ios,social,35-44,false
2928,2025-05-27,US,android,paid_search,18-24,false
2929,2025-05-27,KR,ios,email,25-34,true
2930,2025-05-28,VN,android,social,18-24,true
2931,2025-05-28,KR,ios,social,25-34,true
2932,2025-05-28,KR,ios,organic,35-44,false
2933,2025-05-28,KR,android,organic,25-34,false
2934,2025-05-28,JP,android,organic,18-24,false
2935,2025-05-28,KR,android,email,25-34,false
2936,2025-05-28,KR,ios,organic,35-44,true
2937,2025-05-28,JP,android,paid_search,25-34,false
2938,2025-05-28,KR,web,organic,55+,true
2939,2025-05-28,KR,android,organic,25-34,true
2940,2025-05-28,JP,android,organic,25-34,true
2941,2025-05-28,TW,ios,paid_search,25-34,false
2942,2025-05-28,TW,ios,social,25-34,false
2943,2025-05-29,KR,ios,organic,18-24,false
2944,2025-05-29,JP,ios,paid_search,35-44,true
2945,2025-05-29,KR,android,organic,25-34,true
2946,2025-05-29,KR,android,social,55+,true
2947,2025-05-29,JP,web,social,55+,false
2948,2025-05-29,US,web,social,25-34,false
2949,2025-05-29,US,ios,organic,25-34,false
2950,2025-05-29,KR,ios,paid_search,18-24,false
2951,2025-05-29,KR,ios,organic,45-54,false
2952,2025-05-29,KR,ios,referral,35-44,false
2953,2025-05-29,KR,web,social,25-34,false
2954,2025-05-29,VN,android,social,25-34,true
2955,2025-05-29,KR,android,paid_search,25-34,false
2956,2025-05-29,KR,web,organic,18-24,true
2957,2025-05-29,KR,android,organic,35-44,true
2958,2025-05-29,KR,ios,organic,18-24,true
2959,2025-05-30,JP,android,referral,35-44,true
2960,2025-05-30,KR,ios,social,25-34,true
2961,2025-05-30,TW,ios,organic,55+,true
2962,2025-05-30,KR,ios,paid_search,55+,false
2963,2025-05-30,KR,ios,paid_search,35-44,true
2964,2025-05-30,KR,android,referral,45-54,false
2965,2025-05-30,KR,android,email,18-24,true
2966,2025-05-30,KR,web,email,45-54,true
2967,2025-05-30,TW,ios,organic,35-44,false
2968,2025-05-30,US,ios,paid_search,25-34,true
2969,2025-05-30,US,ios,organic,25-34,false
2970,2025-05-30,US,ios,organic,55+,false
2971,2025-05-30,KR,ios,email,35-44,true
2972,2025-05-30,KR,ios,organic,18-24,true
2973,2025-05-30,KR,ios,paid_search,25-34,false
2974,2025-05-30,KR,web,referral,55+,true
2975,2025-05-30,KR,android,organic,18-24,true
2976,2025-05-30,KR,web,organic,55+,false
2977,2025-05-31,KR,android,organic,45-54,false
2978,2025-05-31,JP,android,organic,55+,false
2979,2025-05-31,JP,android,organic,18-24,true
2980,2025-05-31,KR,android,email,18-24,true
2981,2025-05-31,KR,web,social,25-34,false
2982,2025-05-31,KR,ios,organic,25-34,true
2983,2025-05-31,KR,ios,social,35-44,true
2984,2025-05-31,TW,ios,social,18-24,false
2985,2025-05-31,KR,ios,organic,35-44,false
2986,2025-05-31,KR,android,social,35-44,true
2987,2025-05-31,KR,android,referral,25-34,true
2988,2025-05-31,TW,web,organic,45-54,true
2989,2025-05-31,US,ios,paid_search,55+,true
2990,2025-05-31,US,android,organic,55+,true
2991,2025-05-31,US,web,organic,25-34,true
2992,2025-05-31,KR,ios,paid_search,45-54,true
2993,2025-05-31,JP,android,organic,18-24,true
2994,2025-05-31,KR,ios,referral,45-54,true
2995,2025-06-01,US,web,organic,55+,true
2996,2025-06-01,KR,ios,referral,45-54,false
2997,2025-06-01,TW,ios,social,25-34,true
2998,2025-06-01,KR,web,social,18-24,false
2999,2025-06-01,US,ios,paid_search,35-44,false
3000,2025-06-01,KR,android,organic,25-34,true
3001,2025-06-01,KR,ios,social,25-34,true
3002,2025-06-01,KR,web,organic,25-34,true
3003,2025-06-01,JP,android,paid_search,45-54,false
3004,2025-06-01,KR,android,email,55+,false
3005,2025-06-01,JP,web,email,18-24,false
3006,2025-06-01,JP,android,paid_search,25-34,false
3007,2025-06-01,KR,ios,social,18-24,true
3008,2025-06-01,KR,android,organic,18-24,true
3009,2025-06-01,KR,web,social,35-44,true
3010,2025-06-01,KR,web,paid_search,18-24,true
3011,2025-06-01,KR,ios,organic,35-44,true
3012,2025-06-01,KR,web,email,25-34,true
3013,2025-06-01,KR,ios,referral,35-44,true
3014,2025-06-01,JP,ios,paid_search,55+,true
3015,2025-06-01,KR,web,paid_search,25-34,true
3016,2025-06-01,KR,android,paid_search,25-34,true
3017,2025-06-02,KR,web,social,35-44,false
3018,2025-06-02,KR,ios,organic,25-34,false
3019,2025-06-02,KR,web,organic,25-34,true
3020,2025-06-02,KR,ios,social,25-34,false
3021,2025-06-02,VN,android,email,18-24,true
3022,2025-06-02,KR,android,paid_search,35-44,false
3023,2025-06-02,KR,web,paid_search,25-34,true
3024,2025-06-02,KR,android,social,25-34,true
3025,2025-06-02,JP,android,email,25-34,false
3026,2025-06-02,KR,android,paid_search,18-24,false
3027,2025-06-02,JP,android,paid_search,35-44,true
3028,2025-06-02,KR,ios,organic,18-24,false
3029,2025-06-02,KR,web,referral,18-24,false
3030,2025-06-03,KR,web,paid_search,25-34,true
3031,2025-06-03,VN,ios,referral,25-34,false
3032,2025-06-03,KR,ios,organic,25-34,false
3033,2025-06-03,JP,ios,paid_search,18-24,false
3034,2025-06-03,JP,web,referral,25-34,true
3035,2025-06-03,VN,ios,organic,25-34,false
3036,2025-06-03,JP,web,organic,25-34,true
3037,2025-06-03,JP,ios,email,25-34,false
3038,2025-06-03,US,android,social,25-34,false
3039,2025-06-03,US,android,organic,55+,false
3040,2025-06-03,KR,web,paid_search,25-34,true
3041,2025-06-03,KR,android,social,18-24,true
3042,2025-06-03,JP,android,email,25-34,false
3043,2025-06-03,KR,ios,social,25-34,false
3044,2025-06-03,KR,ios,paid_search,18-24,true
3045,2025-06-03,KR,ios,social,18-24,false
3046,2025-06-03,KR,android,paid_search,35-44,false
3047,2025-06-03,KR,web,organic,25-34,true
3048,2025-06-04,KR,ios,organic,18-24,false
3049,2025-06-04,KR,web,referral,25-34,true
3050,2025-06-04,KR,web,paid_search,18-24,false
3051,2025-06-04,KR,ios,referral,55+,true
3052,2025-06-04,KR,android,organic,25-34,true
3053,2025-06-04,KR,android,email,45-54,true
3054,2025-06-04,KR,android,organic,18-24,false
3055,2025-06-04,KR,ios,paid_search,55+,false
3056,2025-06-04,KR,android,referral,18-24,false
3057,2025-06-04,JP,android,organic,45-54,true
3058,2025-06-04,KR,ios,paid_search,18-24,false
3059,2025-06-04,US,ios,referral,55+,true
3060,2025-06-04,JP,web,social,25-34,false
3061,2025-06-04,JP,ios,organic,25-34,true
3062,2025-06-04,KR,ios,referral,35-44,true
3063,2025-06-04,KR,ios,organic,35-44,true
3064,2025-06-04,TW,ios,organic,45-54,true
3065,2025-06-05,KR,ios,social,25-34,false
3066,2025-06-05,KR,web,social,35-44,false
3067,2025-06-05,KR,android,social,18-24,false
3068,2025-06-05,KR,android,organic,18-24,true
3069,2025-06-05,KR,ios,organic,35-44,true
3070,2025-06-05,TW,web,organic,25-34,true
3071,2025-06-05,KR,android,social,35-44,true
3072,2025-06-05,JP,ios,referral,55+,true
3073,2025-06-05,JP,web,paid_search,18-24,false
3074,2025-06-05,KR,ios,social,25-34,true
3075,2025-06-05,TW,ios,paid_search,35-44,true
3076,2025-06-05,JP,android,paid_search,25-34,false
3077,2025-06-05,VN,ios,paid_search,25-34,false
3078,2025-06-05,US,android,referral,25-34,true
3079,2025-06-05,KR,ios,social,25-34,false
3080,2025-06-05,TW,ios,paid_search,35-44,true
3081,2025-06-05,JP,android,organic,45-54,true
3082,2025-06-05,KR,ios,social,55+,true
3083,2025-06-05,KR,ios,social,25-34,true
3084,2025-06-06,KR,android,social,35-44,true
3085,2025-06-06,KR,android,paid_search,18-24,true
3086,2025-06-06,KR,ios,social,25-34,true
3087,2025-06-06,KR,android,organic,45-54,true
3088,2025-06-06,VN,ios,referral,45-54,true
3089,2025-06-06,KR,android,paid_search,25-34,false
3090,2025-06-06,JP,web,referral,45-54,false
3091,2025-06-06,KR,web,social,18-24,false
3092,2025-06-06,KR,web,social,35-44,true
3093,2025-06-06,KR,ios,social,35-44,true
3094,2025-06-06,KR,android,paid_search,45-54,false
3095,2025-06-07,JP,ios,organic,55+,false
3096,2025-06-07,KR,android,paid_search,18-24,false
3097,2025-06-07,VN,web,organic,25-34,false
3098,2025-06-07,KR,android,paid_search,18-24,false
3099,2025-06-07,US,ios,organic,25-34,false
3100,2025-06-07,KR,ios,social,25-34,false
3101,2025-06-07,KR,android,paid_search,35-44,false
3102,2025-06-07,KR,android,paid_search,25-34,true
3103,2025-06-07,KR,ios,social,18-24,false
3104,2025-06-07,KR,ios,social,25-34,false
3105,2025-06-07,VN,web,paid_search,45-54,false
3106,2025-06-08,US,ios,referral,35-44,true
3107,2025-06-08,TW,android,referral,18-24,false
3108,2025-06-08,JP,ios,social,35-44,true
3109,2025-06-08,JP,ios,referral,45-54,true
3110,2025-06-08,KR,android,organic,45-54,true
3111,2025-06-08,KR,ios,social,45-54,true
3112,2025-06-08,KR,ios,organic,25-34,false
3113,2025-06-08,KR,ios,social,45-54,true
3114,2025-06-08,KR,android,organic,45-54,false
3115,2025-06-08,US,ios,organic,45-54,true
3116,2025-06-08,KR,android,organic,35-44,false
3117,2025-06-08,KR,android,email,35-44,true
3118,2025-06-08,KR,ios,organic,35-44,true
3119,2025-06-08,KR,android,organic,25-34,true
3120,2025-06-08,JP,web,organic,35-44,true
3121,2025-06-08,KR,ios,organic,18-24,false
3122,2025-06-08,JP,web,email,25-34,true
3123,2025-06-09,KR,android,referral,25-34,true
3124,2025-06-09,KR,web,paid_search,35-44,true
3125,2025-06-09,KR,android,social,35-44,true
3126,2025-06-09,KR,ios,organic,18-24,true
3127,2025-06-09,JP,web,social,35-44,false
3128,2025-06-09,TW,ios,organic,18-24,false
3129,2025-06-09,KR,ios,paid_search,35-44,false
3130,2025-06-09,JP,android,referral,18-24,false
3131,2025-06-09,KR,ios,email,55+,false
3132,2025-06-09,VN,android,organic,25-34,false
3133,2025-06-09,US,web,referral,35-44,true
3134,2025-06-09,KR,android,social,18-24,false
3135,2025-06-09,JP,ios,referral,35-44,false
3136,2025-06-09,KR,android,organic,25-34,false
3137,2025-06-09,TW,web,organic,55+,true
3138,2025-06-09,KR,android,referral,55+,false
3139,2025-06-09,KR,ios,organic,35-44,true
3140,2025-06-09,KR,android,paid_search,35-44,true
3141,2025-06-09,KR,android,social,25-34,true
3142,2025-06-09,VN,android,organic,35-44,false
3143,2025-06-10,KR,ios,email,25-34,true
3144,2025-06-10,JP,android,social,25-34,true
3145,2025-06-10,KR,web,social,45-54,true
3146,2025-06-10,JP,android,social,25-34,false
3147,2025-06-10,KR,ios,social,18-24,true
3148,2025-06-10,VN,ios,paid_search,45-54,false
3149,2025-06-10,KR,android,paid_search,25-34,false
3150,2025-06-10,TW,ios,organic,35-44,true
3151,2025-06-10,JP,ios,organic,35-44,false
3152,2025-06-10,KR,web,paid_search,18-24,true
3153,2025-06-10,KR,android,organic,25-34,true
3154,2025-06-10,US,web,paid_search,25-34,false
3155,2025-06-10,KR,web,paid_search,45-54,true
3156,2025-06-10,KR,ios,organic,18-24,false
3157,2025-06-10,KR,ios,organic,25-34,true
3158,2025-06-10,KR,android,referral,25-34,false
3159,2025-06-10,KR,android,email,45-54,true
3160,2025-06-10,KR,ios,paid_search,35-44,true
3161,2025-06-10,VN,android,organic,45-54,false
3162,2025-06-10,KR,android,referral,55+,true
3163,2025-06-11,KR,web,email,18-24,true
3164,2025-06-11,US,ios,paid_search,35-44,true
3165,2025-06-11,JP,ios,social,25-34,false
3166,2025-06-11,KR,ios,email,35-44,true
3167,2025-06-11,KR,android,email,25-34,false
3168,2025-06-11,KR,android,paid_search,18-24,false
3169,2025-06-11,KR,web,organic,25-34,false
3170,2025-06-11,KR,ios,paid_search,25-34,false
3171,2025-06-11,KR,android,organic,35-44,false
3172,2025-06-11,US,ios,organic,18-24,false
3173,2025-06-12,KR,android,paid_search,55+,true
3174,2025-06-12,KR,web,email,35-44,false
3175,2025-06-12,KR,android,organic,35-44,false
3176,2025-06-12,KR,ios,social,18-24,false
3177,2025-06-12,JP,ios,organic,25-34,true
3178,2025-06-12,KR,android,referral,18-24,false
3179,2025-06-12,KR,web,organic,35-44,true
3180,2025-06-12,KR,web,organic,18-24,false
3181,2025-06-12,KR,ios,organic,18-24,false
3182,2025-06-12,KR,ios,paid_search,45-54,false
3183,2025-06-12,KR,android,organic,25-34,false
3184,2025-06-12,VN,ios,referral,35-44,false
3185,2025-06-12,JP,android,email,25-34,true
3186,2025-06-12,KR,web,organic,25-34,false
3187,2025-06-12,KR,ios,organic,35-44,true
3188,2025-06-12,KR,android,email,45-54,true
3189,2025-06-12,US,web,social,25-34,true
3190,2025-06-13,JP,android,organic,18-24,true
3191,2025-06-13,KR,ios,social,45-54,true
3192,2025-06-13,KR,ios,organic,45-54,false
3193,2025-06-13,US,web,organic,35-44,true
3194,2025-06-13,KR,ios,organic,35-44,false
3195,2025-06-13,KR,ios,paid_search,35-44,false
3196,2025-06-13,KR,ios,social,35-44,true
3197,2025-06-13,KR,android,social,18-24,false
3198,2025-06-13,VN,ios,organic,18-24,true
3199,2025-06-14,VN,web,organic,45-54,true
3200,2025-06-14,KR,android,organic,25-34,false
3201,2025-06-14,KR,web,organic,18-24,false
3202,2025-06-14,KR,android,organic,18-24,true
3203,2025-06-14,KR,android,paid_search,45-54,false
3204,2025-06-14,KR,web,referral,55+,false
3205,2025-06-14,KR,ios,referral,25-34,false
3206,2025-06-14,JP,ios,paid_search,55+,true
3207,2025-06-14,JP,web,organic,25-34,true
3208,2025-06-14,US,android,organic,18-24,true
3209,2025-06-14,KR,ios,referral,18-24,false
3210,2025-06-14,VN,android,social,18-24,false
3211,2025-06-14,KR,ios,paid_search,18-24,true
3212,2025-06-14,KR,android,organic,18-24,true
3213,2025-06-15,KR,android,organic,35-44,false
3214,2025-06-15,KR,android,social,45-54,false
3215,2025-06-15,KR,ios,organic,35-44,true
3216,2025-06-15,VN,ios,social,25-34,true
3217,2025-06-15,KR,android,paid_search,25-34,false
3218,2025-06-15,VN,android,social,25-34,false
3219,2025-06-15,KR,web,referral,18-24,true
3220,2025-06-15,JP,android,social,55+,true
3221,2025-06-15,KR,android,organic,35-44,false
3222,2025-06-15,KR,web,referral,18-24,false
3223,2025-06-15,JP,android,organic,25-34,false
3224,2025-06-15,KR,ios,email,35-44,false
3225,2025-06-15,TW,ios,organic,35-44,true
3226,2025-06-16,KR,android,organic,35-44,false
3227,2025-06-16,KR,ios,organic,45-54,false
3228,2025-06-16,KR,ios,paid_search,25-34,true
3229,2025-06-16,KR,ios,organic,25-34,false
3230,2025-06-16,KR,android,organic,45-54,true
3231,2025-06-16,KR,android,social,45-54,true
3232,2025-06-16,KR,ios,paid_search,25-34,true
3233,2025-06-16,KR,web,organic,25-34,false
3234,2025-06-16,JP,android,social,18-24,false
3235,2025-06-16,KR,web,organic,35-44,true
3236,2025-06-17,KR,ios,social,25-34,false
3237,2025-06-17,KR,android,social,25-34,false
3238,2025-06-17,JP,android,paid_search,35-44,true
3239,2025-06-17,KR,ios,social,55+,true
3240,2025-06-17,KR,ios,paid_search,35-44,false
3241,2025-06-17,JP,android,organic,25-34,true
3242,2025-06-17,VN,android,organic,25-34,true
3243,2025-06-17,TW,ios,paid_search,25-34,false
3244,2025-06-17,KR,ios,social,18-24,false
3245,2025-06-17,KR,android,organic,35-44,true
3246,2025-06-17,KR,ios,paid_search,45-54,true
3247,2025-06-17,KR,android,paid_search,45-54,true
3248,2025-06-17,VN,web,paid_search,25-34,false
3249,2025-06-17,JP,ios,organic,18-24,false
3250,2025-06-18,JP,ios,paid_search,35-44,false
3251,2025-06-18,KR,ios,organic,35-44,true
3252,2025-06-18,KR,android,paid_search,18-24,true
3253,2025-06-18,KR,ios,paid_search,18-24,true
3254,2025-06-18,US,web,organic,35-44,true
3255,2025-06-18,US,web,social,35-44,true
3256,2025-06-18,KR,android,organic,35-44,true
3257,2025-06-18,KR,android,social,35-44,true
3258,2025-06-18,US,ios,social,25-34,true
3259,2025-06-18,TW,android,organic,18-24,false
3260,2025-06-18,US,ios,paid_search,18-24,false
3261,2025-06-18,KR,ios,paid_search,45-54,true
3262,2025-06-18,KR,web,organic,25-34,true
3263,2025-06-18,KR,ios,organic,18-24,true
3264,2025-06-18,US,ios,social,25-34,true
3265,2025-06-18,KR,ios,social,25-34,false
3266,2025-06-19,VN,ios,email,25-34,true
3267,2025-06-19,KR,web,social,55+,false
3268,2025-06-19,KR,web,email,45-54,false
3269,2025-06-19,US,ios,referral,55+,false
3270,2025-06-19,KR,ios,email,45-54,false
3271,2025-06-19,VN,android,referral,18-24,true
3272,2025-06-19,KR,ios,paid_search,45-54,true
3273,2025-06-19,JP,ios,referral,25-34,false
3274,2025-06-19,KR,android,organic,18-24,true
3275,2025-06-19,KR,ios,social,25-34,true
3276,2025-06-19,KR,android,paid_search,35-44,false
3277,2025-06-19,KR,android,organic,35-44,true
3278,2025-06-19,US,android,social,25-34,false
3279,2025-06-19,KR,android,referral,35-44,true
3280,2025-06-19,KR,ios,referral,25-34,true
3281,2025-06-19,KR,web,paid_search,25-34,false
3282,2025-06-20,KR,android,social,25-34,false
3283,2025-06-20,TW,ios,organic,45-54,true
3284,2025-06-20,KR,ios,referral,35-44,false
3285,2025-06-20,KR,web,paid_search,35-44,false
3286,2025-06-20,KR,android,organic,25-34,false
3287,2025-06-20,KR,android,organic,25-34,false
3288,2025-06-20,KR,web,email,25-34,true
3289,2025-06-20,KR,android,organic,55+,false
3290,2025-06-20,KR,android,paid_search,35-44,true
3291,2025-06-20,JP,ios,referral,25-34,false
3292,2025-06-20,VN,android,paid_search,25-34,true
3293,2025-06-20,KR,web,organic,25-34,false
3294,2025-06-21,KR,web,organic,18-24,false
3295,2025-06-21,KR,web,paid_search,18-24,true
3296,2025-06-21,KR,android,organic,35-44,false
3297,2025-06-21,KR,android,organic,45-54,true
3298,2025-06-21,KR,ios,organic,25-34,true
3299,2025-06-21,VN,ios,email,25-34,true
3300,2025-06-21,KR,ios,referral,18-24,false
3301,2025-06-21,KR,ios,organic,35-44,true
3302,2025-06-21,VN,ios,organic,35-44,false
3303,2025-06-21,US,android,social,18-24,false
3304,2025-06-21,KR,web,organic,35-44,false
3305,2025-06-22,US,android,paid_search,45-54,false
3306,2025-06-22,KR,ios,paid_search,25-34,false
3307,2025-06-22,KR,android,referral,35-44,false
3308,2025-06-22,KR,android,paid_search,25-34,false
3309,2025-06-22,KR,android,organic,35-44,false
3310,2025-06-22,KR,android,paid_search,35-44,true
3311,2025-06-22,KR,android,paid_search,35-44,true
3312,2025-06-22,VN,ios,organic,25-34,true
3313,2025-06-22,KR,ios,organic,35-44,true
3314,2025-06-22,JP,android,organic,35-44,false
3315,2025-06-22,US,ios,paid_search,45-54,false
3316,2025-06-22,KR,ios,social,35-44,false
3317,2025-06-22,VN,ios,social,18-24,true
3318,2025-06-22,KR,web,organic,25-34,true
3319,2025-06-22,KR,android,organic,25-34,true
3320,2025-06-23,US,android,referral,25-34,true
3321,2025-06-23,KR,web,organic,18-24,false
3322,2025-06-23,VN,ios,social,25-34,true
3323,2025-06-23,KR,web,organic,35-44,true
3324,2025-06-23,KR,android,social,55+,false
3325,2025-06-23,JP,ios,email,25-34,true
3326,2025-06-23,KR,android,paid_search,25-34,true
3327,2025-06-23,VN,web,paid_search,55+,true
3328,2025-06-23,KR,web,social,35-44,true
3329,2025-06-23,KR,ios,email,25-34,true
3330,2025-06-23,KR,android,paid_search,35-44,true
3331,2025-06-23,KR,ios,organic,35-44,false
3332,2025-06-23,KR,android,organic,45-54,false
3333,2025-06-23,JP,ios,paid_search,55+,true
3334,2025-06-23,KR,web,social,35-44,true
3335,2025-06-23,VN,android,referral,25-34,false
3336,2025-06-24,VN,android,organic,18-24,false
3337,2025-06-24,KR,ios,referral,55+,false
3338,2025-06-24,KR,web,referral,18-24,false
3339,2025-06-24,KR,web,social,35-44,true
3340,2025-06-24,KR,ios,social,45-54,true
3341,2025-06-24,KR,android,organic,18-24,true
3342,2025-06-24,KR,android,referral,25-34,true
3343,2025-06-24,JP,web,paid_search,45-54,false
3344,2025-06-24,VN,android,organic,18-24,false
3345,2025-06-24,US,android,organic,18-24,false
3346,2025-06-24,VN,android,social,35-44,false
3347,2025-06-24,US,ios,social,45-54,false
3348,2025-06-25,KR,ios,paid_search,35-44,true
3349,2025-06-25,TW,ios,referral,25-34,true
3350,2025-06-25,KR,android,referral,35-44,true
3351,2025-06-25,VN,android,organic,45-54,true
3352,2025-06-25,KR,android,social,25-34,false
3353,2025-06-25,KR,web,organic,18-24,true
3354,2025-06-25,KR,android,referral,45-54,false
3355,2025-06-25,KR,web,paid_search,35-44,false
3356,2025-06-25,KR,android,email,25-34,false
3357,2025-06-25,TW,ios,paid_search,25-34,false
3358,2025-06-25,KR,android,organic,55+,false
3359,2025-06-25,KR,web,social,55+,true
3360,2025-06-25,KR,web,paid_search,25-34,false
3361,2025-06-25,KR,ios,paid_search,25-34,true
3362,2025-06-25,KR,android,social,25-34,true
3363,2025-06-25,KR,ios,paid_search,25-34,false
3364,2025-06-26,KR,android,paid_search,45-54,false
3365,2025-06-26,VN,android,organic,25-34,true
3366,2025-06-26,KR,ios,paid_search,35-44,false
3367,2025-06-26,KR,android,organic,25-34,true
3368,2025-06-26,KR,ios,email,25-34,false
3369,2025-06-26,KR,ios,organic,55+,true
3370,2025-06-26,KR,web,paid_search,25-34,false
3371,2025-06-26,KR,web,organic,45-54,true
3372,2025-06-26,US,web,referral,45-54,false
3373,2025-06-26,KR,ios,organic,25-34,true
3374,2025-06-26,JP,android,email,25-34,false
3375,2025-06-26,JP,web,social,25-34,true
3376,2025-06-26,TW,android,referral,45-54,false
3377,2025-06-27,JP,web,referral,25-34,true
3378,2025-06-27,KR,android,referral,45-54,true
3379,2025-06-27,KR,android,referral,35-44,true
3380,2025-06-27,KR,android,paid_search,45-54,false
3381,2025-06-27,KR,ios,paid_search,25-34,true
3382,2025-06-27,KR,ios,referral,18-24,false
3383,2025-06-27,KR,ios,organic,18-24,true
3384,2025-06-27,US,web,organic,18-24,true
3385,2025-06-27,JP,ios,organic,45-54,false
3386,2025-06-27,KR,ios,paid_search,25-34,false
3387,2025-06-27,JP,ios,referral,25-34,false
3388,2025-06-28,KR,ios,organic,35-44,true
3389,2025-06-28,KR,android,social,35-44,false
3390,2025-06-28,KR,android,organic,18-24,true
3391,2025-06-28,KR,android,paid_search,18-24,false
3392,2025-06-28,JP,android,email,25-34,true
3393,2025-06-28,KR,android,organic,45-54,true
3394,2025-06-28,KR,android,organic,35-44,false
3395,2025-06-28,JP,android,paid_search,25-34,false
3396,2025-06-28,KR,android,organic,35-44,true
3397,2025-06-28,TW,ios,paid_search,25-34,true
3398,2025-06-28,KR,android,organic,25-34,true
3399,2025-06-28,KR,web,paid_search,35-44,true
3400,2025-06-28,KR,web,organic,45-54,true
3401,2025-06-28,KR,web,organic,55+,false
3402,2025-06-28,KR,ios,referral,25-34,false
3403,2025-06-28,KR,ios,paid_search,35-44,false
3404,2025-06-28,KR,ios,paid_search,25-34,true
3405,2025-06-28,KR,android,organic,18-24,false
3406,2025-06-28,KR,web,organic,18-24,false
3407,2025-06-28,KR,web,paid_search,25-34,false
3408,2025-06-28,KR,android,organic,25-34,true
3409,2025-06-29,JP,ios,email,25-34,true
3410,2025-06-29,KR,android,referral,25-34,true
3411,2025-06-29,JP,ios,paid_search,35-44,true
3412,2025-06-29,KR,android,organic,25-34,true
3413,2025-06-29,JP,android,paid_search,25-34,true
3414,2025-06-29,KR,ios,organic,18-24,false
3415,2025-06-29,KR,ios,paid_search,18-24,true
3416,2025-06-29,TW,android,organic,25-34,false
3417,2025-06-29,KR,web,paid_search,18-24,true
3418,2025-06-29,KR,android,email,45-54,true
3419,2025-06-29,KR,ios,social,35-44,true
3420,2025-06-29,TW,ios,referral,45-54,true
3421,2025-06-29,KR,ios,referral,25-34,false
3422,2025-06-29,KR,android,referral,25-34,false
3423,2025-06-29,KR,ios,organic,25-34,false
3424,2025-06-29,KR,android,organic,35-44,false
3425,2025-06-29,KR,web,organic,18-24,true
3426,2025-06-29,KR,android,social,18-24,false
3427,2025-06-29,KR,android,paid_search,35-44,true
3428,2025-06-29,VN,web,paid_search,25-34,false
3429,2025-06-29,KR,android,paid_search,45-54,false
3430,2025-06-30,KR,web,organic,18-24,false
3431,2025-06-30,KR,ios,paid_search,45-54,true
3432,2025-06-30,KR,ios,paid_search,25-34,true
3433,2025-06-30,VN,android,referral,45-54,false
3434,2025-06-30,JP,ios,referral,25-34,true
3435,2025-06-30,KR,ios,paid_search,35-44,true
3436,2025-06-30,KR,ios,referral,25-34,true
3437,2025-06-30,JP,web,paid_search,35-44,true
3438,2025-06-30,VN,android,social,18-24,false
3439,2025-06-30,KR,android,social,45-54,true
3440,2025-06-30,US,ios,paid_search,18-24,true
3441,2025-06-30,VN,ios,referral,25-34,false
3442,2025-06-30,KR,android,referral,35-44,true
3443,2025-07-01,JP,android,organic,35-44,false
3444,2025-07-01,JP,ios,paid_search,55+,false
3445,2025-07-01,KR,web,organic,25-34,false
3446,2025-07-01,JP,web,social,25-34,true
3447,2025-07-01,KR,web,organic,35-44,true
3448,2025-07-01,KR,ios,social,18-24,false
3449,2025-07-01,VN,ios,referral,25-34,true
3450,2025-07-01,KR,web,social,25-34,false
3451,2025-07-01,JP,android,paid_search,45-54,false
3452,2025-07-01,KR,web,organic,35-44,false
3453,2025-07-01,KR,ios,social,45-54,false
3454,2025-07-01,KR,ios,organic,35-44,true
3455,2025-07-01,JP,ios,organic,35-44,false
3456,2025-07-01,KR,ios,referral,25-34,false
3457,2025-07-02,KR,android,social,35-44,true
3458,2025-07-02,KR,ios,referral,25-34,true
3459,2025-07-02,JP,ios,email,25-34,true
3460,2025-07-02,KR,ios,organic,18-24,true
3461,2025-07-02,KR,android,organic,18-24,true
3462,2025-07-02,KR,ios,organic,25-34,false
3463,2025-07-02,KR,ios,social,25-34,true
3464,2025-07-02,JP,android,email,55+,false
3465,2025-07-02,JP,android,referral,35-44,true
3466,2025-07-02,KR,android,paid_search,45-54,true
3467,2025-07-02,US,ios,paid_search,25-34,true
3468,2025-07-02,KR,ios,organic,45-54,true
3469,2025-07-02,JP,android,organic,45-54,false
3470,2025-07-02,JP,web,paid_search,55+,true
3471,2025-07-02,KR,android,organic,35-44,true
3472,2025-07-03,KR,web,organic,25-34,false
3473,2025-07-03,JP,web,organic,45-54,false
3474,2025-07-03,US,ios,organic,25-34,false
3475,2025-07-03,KR,android,social,25-34,true
3476,2025-07-03,KR,web,paid_search,35-44,false
3477,2025-07-03,KR,ios,social,55+,true
3478,2025-07-03,KR,ios,referral,35-44,false
3479,2025-07-03,KR,ios,paid_search,45-54,true
3480,2025-07-03,KR,android,paid_search,18-24,true
3481,2025-07-03,KR,android,paid_search,25-34,false
3482,2025-07-04,KR,android,paid_search,25-34,false
3483,2025-07-04,JP,web,organic,18-24,true
3484,2025-07-04,KR,ios,referral,45-54,true
3485,2025-07-04,KR,ios,paid_search,35-44,false
3486,2025-07-04,KR,ios,organic,18-24,false
3487,2025-07-04,JP,web,referral,18-24,false
3488,2025-07-04,JP,ios,paid_search,35-44,false
3489,2025-07-04,KR,web,email,55+,true
3490,2025-07-04,KR,android,organic,18-24,false
3491,2025-07-04,KR,android,email,25-34,false
3492,2025-07-04,KR,ios,organic,25-34,true
3493,2025-07-04,US,web,organic,18-24,false
3494,2025-07-04,KR,ios,organic,25-34,true
3495,2025-07-05,KR,android,organic,25-34,true
3496,2025-07-05,KR,web,social,45-54,true
3497,2025-07-05,KR,ios,paid_search,35-44,true
3498,2025-07-05,KR,ios,organic,25-34,false
3499,2025-07-05,TW,ios,organic,25-34,true
3500,2025-07-05,JP,ios,email,45-54,true
3501,2025-07-05,VN,android,email,25-34,false
3502,2025-07-05,KR,ios,email,25-34,true
3503,2025-07-05,KR,ios,organic,25-34,true
3504,2025-07-05,US,ios,referral,35-44,false
3505,2025-07-05,JP,web,organic,35-44,false
3506,2025-07-05,JP,ios,social,45-54,true
3507,2025-07-05,KR,web,paid_search,25-34,true
3508,2025-07-05,KR,android,social,25-34,false
3509,2025-07-05,JP,web,paid_search,25-34,false
3510,2025-07-05,KR,android,organic,25-34,false
3511,2025-07-05,KR,android,organic,25-34,true
3512,2025-07-05,US,web,email,18-24,true
3513,2025-07-05,KR,android,social,35-44,true
3514,2025-07-05,KR,web,organic,45-54,false
3515,2025-07-06,KR,web,referral,35-44,true
3516,2025-07-06,KR,android,organic,18-24,true
3517,2025-07-06,KR,android,paid_search,18-24,true
3518,2025-07-06,KR,ios,paid_search,25-34,true
3519,2025-07-06,KR,android,paid_search,25-34,false
3520,2025-07-06,KR,ios,social,35-44,true
3521,2025-07-06,KR,android,organic,45-54,true
3522,2025-07-06,JP,web,email,35-44,false
3523,2025-07-06,KR,ios,referral,25-34,false
3524,2025-07-06,KR,ios,organic,25-34,true
3525,2025-07-06,KR,web,social,35-44,true
3526,2025-07-06,KR,android,organic,25-34,false
3527,2025-07-06,KR,web,organic,25-34,true
3528,2025-07-06,VN,android,social,25-34,false
3529,2025-07-06,KR,android,social,35-44,false
3530,2025-07-06,KR,web,organic,55+,true
3531,2025-07-06,KR,ios,paid_search,25-34,false
3532,2025-07-06,JP,ios,paid_search,35-44,false
3533,2025-07-06,KR,web,organic,35-44,false
3534,2025-07-07,KR,ios,social,25-34,true
3535,2025-07-07,KR,android,organic,25-34,false
3536,2025-07-07,JP,android,paid_search,18-24,true
3537,2025-07-07,KR,ios,organic,35-44,true
3538,2025-07-07,KR,web,organic,35-44,true
3539,2025-07-07,KR,ios,organic,45-54,true
3540,2025-07-07,KR,ios,paid_search,18-24,true
3541,2025-07-07,KR,android,referral,25-34,false
3542,2025-07-07,KR,android,social,35-44,true
3543,2025-07-07,TW,web,organic,35-44,false
3544,2025-07-07,VN,android,organic,35-44,true
3545,2025-07-07,KR,android,social,25-34,true
3546,2025-07-07,KR,ios,organic,25-34,false
3547,2025-07-07,KR,android,paid_search,45-54,true
3548,2025-07-07,KR,ios,organic,45-54,false
3549,2025-07-07,JP,android,referral,55+,false
3550,2025-07-07,KR,ios,paid_search,35-44,false
3551,2025-07-07,KR,android,paid_search,25-34,false
3552,2025-07-07,KR,ios,organic,35-44,true
3553,2025-07-08,KR,android,social,18-24,true
3554,2025-07-08,KR,ios,organic,25-34,true
3555,2025-07-08,US,android,email,25-34,false
3556,2025-07-08,KR,android,referral,25-34,true
3557,2025-07-08,VN,web,email,18-24,true
3558,2025-07-08,KR,android,organic,25-34,false
3559,2025-07-08,KR,android,organic,45-54,true
3560,2025-07-08,KR,android,organic,25-34,false
3561,2025-07-08,KR,ios,social,25-34,true
3562,2025-07-08,KR,android,organic,25-34,true
3563,2025-07-08,KR,android,social,18-24,true
3564,2025-07-08,KR,android,referral,25-34,true
3565,2025-07-08,KR,android,paid_search,18-24,true
3566,2025-07-08,KR,ios,social,25-34,true
3567,2025-07-08,KR,web,organic,18-24,false
3568,2025-07-08,KR,ios,organic,35-44,true
3569,2025-07-09,US,android,paid_search,25-34,false
3570,2025-07-09,US,web,organic,35-44,false
3571,2025-07-09,VN,ios,social,35-44,false
3572,2025-07-09,JP,web,organic,18-24,true
3573,2025-07-09,US,ios,social,55+,false
3574,2025-07-09,KR,android,organic,25-34,true
3575,2025-07-09,JP,ios,organic,35-44,true
3576,2025-07-09,US,android,referral,25-34,false
3577,2025-07-09,JP,ios,organic,45-54,true
3578,2025-07-09,JP,ios,social,25-34,false
3579,2025-07-09,KR,ios,paid_search,45-54,false
3580,2025-07-09,TW,android,social,35-44,false
3581,2025-07-09,KR,android,referral,55+,true
3582,2025-07-09,KR,android,social,25-34,false
3583,2025-07-09,KR,ios,social,25-34,false
3584,2025-07-09,KR,web,organic,55+,false
3585,2025-07-10,KR,web,paid_search,25-34,false
3586,2025-07-10,VN,android,email,25-34,true
3587,2025-07-10,KR,ios,social,25-34,false
3588,2025-07-10,KR,ios,social,18-24,false
3589,2025-07-10,JP,android,referral,55+,true
3590,2025-07-10,KR,ios,paid_search,35-44,false
3591,2025-07-10,US,android,social,35-44,true
3592,2025-07-10,KR,android,social,18-24,true
3593,2025-07-10,KR,android,paid_search,25-34,true
3594,2025-07-10,KR,android,email,25-34,true
3595,2025-07-10,KR,android,organic,18-24,false
3596,2025-07-10,TW,android,paid_search,18-24,true
3597,2025-07-10,KR,android,organic,25-34,true
3598,2025-07-10,KR,android,paid_search,35-44,true
3599,2025-07-10,KR,android,organic,25-34,false
3600,2025-07-10,JP,android,organic,18-24,true
3601,2025-07-11,US,android,organic,18-24,true
3602,2025-07-11,KR,android,paid_search,45-54,false
3603,2025-07-11,VN,web,email,55+,true
3604,2025-07-11,KR,ios,social,35-44,true
3605,2025-07-11,US,android,social,25-34,true
3606,2025-07-11,KR,ios,social,25-34,true
3607,2025-07-11,KR,android,paid_search,55+,true
3608,2025-07-11,VN,ios,organic,55+,false
3609,2025-07-11,KR,android,paid_search,35-44,true
3610,2025-07-11,JP,web,referral,35-44,false
3611,2025-07-11,KR,android,referral,35-44,true
3612,2025-07-11,JP,ios,referral,45-54,true
3613,2025-07-11,KR,android,organic,55+,true
3614,2025-07-11,KR,ios,social,35-44,false
3615,2025-07-11,TW,android,organic,18-24,false
3616,2025-07-11,KR,web,referral,35-44,false
3617,2025-07-12,TW,android,social,25-34,true
3618,2025-07-12,KR,web,social,35-44,true
3619,2025-07-12,US,android,social,18-24,false
3620,2025-07-12,KR,android,organic,25-34,true
3621,2025-07-12,KR,android,paid_search,25-34,false
3622,2025-07-12,KR,ios,referral,25-34,false
3623,2025-07-12,VN,android,paid_search,35-44,false
3624,2025-07-12,US,ios,social,45-54,false
3625,2025-07-12,KR,android,paid_search,25-34,false
3626,2025-07-12,KR,ios,organic,45-54,false
3627,2025-07-12,US,web,email,25-34,true
3628,2025-07-12,US,android,paid_search,55+,true
3629,2025-07-12,VN,android,organic,45-54,false
3630,2025-07-12,KR,android,organic,25-34,true
3631,2025-07-12,KR,ios,paid_search,18-24,false
3632,2025-07-12,KR,ios,email,55+,false
3633,2025-07-13,KR,android,organic,35-44,false
3634,2025-07-13,KR,web,social,25-34,true
3635,2025-07-13,US,android,organic,18-24,false
3636,2025-07-13,KR,web,social,25-34,true
3637,2025-07-13,JP,android,organic,25-34,false
3638,2025-07-13,JP,android,organic,25-34,false
3639,2025-07-13,KR,web,referral,25-34,false
3640,2025-07-13,JP,android,organic,45-54,true
3641,2025-07-13,US,ios,organic,55+,true
3642,2025-07-13,KR,web,organic,45-54,false
3643,2025-07-13,KR,android,email,55+,true
3644,2025-07-13,JP,android,organic,35-44,true
3645,2025-07-13,KR,android,referral,25-34,true
3646,2025-07-13,KR,ios,email,25-34,true
3647,2025-07-13,TW,ios,paid_search,45-54,false
3648,2025-07-13,KR,android,social,35-44,true
3649,2025-07-13,US,android,social,55+,false
3650,2025-07-13,JP,ios,organic,35-44,true
3651,2025-07-13,JP,android,paid_search,18-24,false
3652,2025-07-13,KR,android,paid_search,18-24,false
3653,2025-07-13,KR,android,organic,25-34,true
3654,2025-07-13,KR,web,referral,18-24,true
3655,2025-07-13,JP,ios,paid_search,18-24,false
3656,2025-07-14,TW,ios,email,45-54,false
3657,2025-07-14,JP,web,paid_search,45-54,true
3658,2025-07-14,JP,android,organic,25-34,true
3659,2025-07-14,KR,ios,organic,25-34,false
3660,2025-07-14,KR,ios,organic,25-34,true
3661,2025-07-14,TW,ios,organic,35-44,false
3662,2025-07-14,KR,ios,paid_search,25-34,true
3663,2025-07-14,TW,web,paid_search,18-24,false
3664,2025-07-14,TW,web,organic,25-34,true
3665,2025-07-14,US,android,organic,25-34,true
3666,2025-07-14,US,android,organic,35-44,false
3667,2025-07-14,JP,web,organic,18-24,true
3668,2025-07-14,JP,web,organic,35-44,false
3669,2025-07-15,TW,android,organic,35-44,false
3670,2025-07-15,JP,web,paid_search,35-44,true
3671,2025-07-15,KR,ios,organic,18-24,false
3672,2025-07-15,US,ios,paid_search,18-24,true
3673,2025-07-15,KR,android,referral,25-34,false
3674,2025-07-15,JP,ios,organic,18-24,true
3675,2025-07-15,US,android,paid_search,25-34,true
3676,2025-07-15,VN,ios,social,18-24,true
3677,2025-07-15,KR,web,organic,35-44,true
3678,2025-07-15,KR,android,social,25-34,true
3679,2025-07-15,US,android,organic,25-34,true
3680,2025-07-15,KR,android,organic,25-34,false
3681,2025-07-15,VN,android,paid_search,35-44,true
3682,2025-07-15,KR,ios,organic,35-44,true
3683,2025-07-15,JP,android,organic,25-34,false
3684,2025-07-15,JP,web,organic,45-54,true
3685,2025-07-15,KR,android,organic,18-24,true
3686,2025-07-15,US,web,email,25-34,true
3687,2025-07-15,US,ios,paid_search,25-34,false
3688,2025-07-15,KR,ios,organic,35-44,false
3689,2025-07-15,KR,ios,email,35-44,false
3690,2025-07-16,KR,web,organic,25-34,true
3691,2025-07-16,US,ios,organic,25-34,false
3692,2025-07-16,KR,ios,organic,35-44,true
3693,2025-07-16,JP,ios,referral,25-34,false
3694,2025-07-16,KR,ios,social,35-44,false
3695,2025-07-16,KR,android,referral,25-34,false
3696,2025-07-16,KR,ios,social,18-24,true
3697,2025-07-16,KR,android,social,18-24,true
3698,2025-07-16,KR,ios,organic,18-24,false
3699,2025-07-16,JP,ios,organic,18-24,true
3700,2025-07-16,KR,web,social,25-34,true
3701,2025-07-16,KR,web,organic,45-54,true
3702,2025-07-16,JP,ios,social,25-34,true
3703,2025-07-16,KR,android,social,18-24,false
3704,2025-07-16,KR,android,organic,25-34,true
3705,2025-07-16,TW,android,organic,35-44,true
3706,2025-07-17,KR,ios,social,55+,false
3707,2025-07-17,KR,ios,referral,25-34,false
3708,2025-07-17,TW,ios,paid_search,45-54,false
3709,2025-07-17,VN,android,organic,45-54,false
3710,2025-07-17,VN,android,paid_search,25-34,true
3711,2025-07-17,TW,web,paid_search,55+,true
3712,2025-07-17,US,android,social,35-44,false
3713,2025-07-17,US,android,referral,25-34,true
3714,2025-07-17,JP,android,referral,25-34,true
3715,2025-07-17,KR,web,email,45-54,true
3716,2025-07-17,US,ios,email,35-44,true
3717,2025-07-17,KR,android,organic,18-24,false
3718,2025-07-17,TW,android,organic,35-44,true
3719,2025-07-17,KR,ios,paid_search,25-34,true
3720,2025-07-17,KR,android,organic,18-24,true
3721,2025-07-17,JP,web,paid_search,35-44,false
3722,2025-07-17,KR,android,organic,25-34,true
3723,2025-07-18,KR,web,organic,35-44,false
3724,2025-07-18,KR,ios,email,25-34,true
3725,2025-07-18,KR,ios,referral,25-34,false
3726,2025-07-18,KR,web,organic,55+,true
3727,2025-07-18,US,web,paid_search,18-24,false
3728,2025-07-18,KR,android,social,55+,false
3729,2025-07-18,KR,ios,organic,35-44,false
3730,2025-07-18,KR,ios,organic,25-34,false
3731,2025-07-18,JP,ios,organic,18-24,false
3732,2025-07-18,KR,ios,organic,45-54,false
3733,2025-07-18,KR,android,email,35-44,false
3734,2025-07-18,KR,ios,organic,45-54,false
3735,2025-07-18,KR,web,email,25-34,false
3736,2025-07-18,KR,ios,social,25-34,false
3737,2025-07-18,US,web,social,18-24,true
3738,2025-07-18,JP,ios,social,25-34,true
3739,2025-07-18,KR,android,paid_search,35-44,true
3740,2025-07-18,JP,android,paid_search,25-34,true
3741,2025-07-18,KR,android,organic,45-54,false
3742,2025-07-18,KR,web,social,18-24,false
3743,2025-07-18,TW,ios,organic,35-44,true
3744,2025-07-18,KR,android,social,18-24,true
3745,2025-07-18,US,ios,paid_search,18-24,true
3746,2025-07-19,KR,android,social,35-44,false
3747,2025-07-19,US,ios,organic,45-54,true
3748,2025-07-19,KR,ios,social,25-34,true
3749,2025-07-19,KR,android,organic,35-44,true
3750,2025-07-19,KR,ios,organic,25-34,false
3751,2025-07-19,KR,web,organic,25-34,false
3752,2025-07-19,US,ios,organic,35-44,true
3753,2025-07-19,KR,web,organic,45-54,true
3754,2025-07-19,VN,web,social,55+,false
3755,2025-07-19,KR,ios,organic,25-34,false
3756,2025-07-19,KR,android,paid_search,18-24,true
3757,2025-07-19,TW,ios,organic,18-24,false
3758,2025-07-19,KR,android,organic,18-24,false
3759,2025-07-19,KR,android,organic,55+,false
3760,2025-07-19,TW,ios,paid_search,25-34,false
3761,2025-07-20,JP,android,organic,18-24,true
3762,2025-07-20,US,ios,organic,25-34,true
3763,2025-07-20,TW,ios,email,35-44,false
3764,2025-07-20,KR,android,social,18-24,false
3765,2025-07-20,KR,ios,paid_search,35-44,true
3766,2025-07-20,KR,ios,paid_search,18-24,false
3767,2025-07-20,KR,web,social,35-44,false
3768,2025-07-20,KR,android,organic,18-24,true
3769,2025-07-20,JP,web,organic,35-44,true
3770,2025-07-20,KR,ios,paid_search,25-34,true
3771,2025-07-20,KR,android,referral,18-24,false
3772,2025-07-20,KR,android,organic,55+,true
3773,2025-07-20,KR,web,referral,35-44,false
3774,2025-07-20,KR,android,organic,45-54,true
3775,2025-07-20,KR,android,social,25-34,false
3776,2025-07-20,KR,ios,paid_search,25-34,false
3777,2025-07-20,TW,android,paid_search,35-44,false
3778,2025-07-20,KR,web,organic,35-44,true
3779,2025-07-20,JP,web,referral,18-24,false
3780,2025-07-20,KR,android,social,25-34,true
3781,2025-07-21,JP,android,paid_search,25-34,false
3782,2025-07-21,KR,ios,paid_search,35-44,true
3783,2025-07-21,KR,web,referral,35-44,false
3784,2025-07-21,TW,android,organic,35-44,false
3785,2025-07-21,JP,ios,referral,35-44,true
3786,2025-07-21,TW,android,referral,55+,true
3787,2025-07-21,JP,android,referral,45-54,false
3788,2025-07-21,JP,android,organic,25-34,true
3789,2025-07-21,US,android,social,25-34,false
3790,2025-07-21,KR,web,referral,25-34,false
3791,2025-07-21,KR,ios,social,35-44,true
3792,2025-07-21,KR,android,organic,25-34,true
3793,2025-07-21,VN,ios,organic,18-24,true
3794,2025-07-21,JP,android,organic,55+,false
3795,2025-07-21,KR,ios,referral,35-44,false
3796,2025-07-21,KR,android,organic,25-34,false
3797,2025-07-21,JP,ios,organic,35-44,true
3798,2025-07-21,KR,ios,organic,45-54,true
3799,2025-07-21,KR,android,organic,35-44,true
3800,2025-07-22,US,android,social,25-34,false
3801,2025-07-22,KR,ios,organic,18-24,true
3802,2025-07-22,KR,web,email,18-24,false
3803,2025-07-22,JP,android,email,35-44,false
3804,2025-07-22,KR,ios,referral,25-34,true
3805,2025-07-22,KR,android,paid_search,55+,true
3806,2025-07-22,US,android,paid_search,18-24,true
3807,2025-07-22,US,android,paid_search,45-54,false
3808,2025-07-22,KR,android,social,45-54,true
3809,2025-07-22,KR,android,organic,18-24,false
3810,2025-07-22,KR,ios,paid_search,18-24,true
3811,2025-07-22,JP,web,organic,45-54,false
3812,2025-07-22,KR,web,organic,18-24,false
3813,2025-07-23,KR,ios,organic,18-24,true
3814,2025-07-23,KR,web,organic,45-54,true
3815,2025-07-23,KR,web,organic,25-34,false
3816,2025-07-23,KR,ios,email,25-34,false
3817,2025-07-23,KR,ios,paid_search,35-44,true
3818,2025-07-23,US,android,paid_search,25-34,false
3819,2025-07-23,JP,ios,referral,25-34,false
3820,2025-07-23,TW,ios,paid_search,25-34,true
3821,2025-07-23,US,ios,social,55+,false
3822,2025-07-23,KR,web,organic,25-34,true
3823,2025-07-23,KR,ios,organic,25-34,false
3824,2025-07-23,KR,android,social,25-34,true
3825,2025-07-23,KR,android,email,25-34,false
3826,2025-07-23,US,web,organic,55+,false
3827,2025-07-23,KR,android,organic,45-54,false
3828,2025-07-24,JP,web,social,18-24,true
3829,2025-07-24,US,android,referral,25-34,true
3830,2025-07-24,US,android,paid_search,18-24,false
3831,2025-07-24,JP,android,paid_search,25-34,true
3832,2025-07-24,KR,ios,referral,25-34,false
3833,2025-07-24,KR,ios,paid_search,18-24,false
3834,2025-07-24,VN,android,social,45-54,false
3835,2025-07-24,KR,android,paid_search,18-24,false
3836,2025-07-24,JP,ios,email,18-24,false
3837,2025-07-24,TW,ios,referral,45-54,false
3838,2025-07-24,TW,android,paid_search,35-44,true
3839,2025-07-24,KR,ios,paid_search,45-54,false
3840,2025-07-24,TW,ios,paid_search,35-44,true
3841,2025-07-24,KR,ios,email,25-34,false
3842,2025-07-24,VN,android,organic,25-34,false
3843,2025-07-24,KR,ios,email,35-44,false
3844,2025-07-24,KR,android,referral,25-34,true
3845,2025-07-24,KR,android,organic,45-54,true
3846,2025-07-25,KR,web,email,35-44,false
3847,2025-07-25,KR,android,organic,25-34,false
3848,2025-07-25,US,ios,paid_search,55+,false
3849,2025-07-25,KR,android,organic,25-34,true
3850,2025-07-25,KR,android,paid_search,18-24,true
3851,2025-07-25,KR,web,social,18-24,true
3852,2025-07-25,KR,android,social,55+,true
3853,2025-07-25,KR,android,paid_search,18-24,false
3854,2025-07-25,KR,android,social,25-34,false
3855,2025-07-25,US,android,email,45-54,true
3856,2025-07-25,KR,android,social,55+,true
3857,2025-07-25,KR,android,social,25-34,true
3858,2025-07-25,KR,android,organic,25-34,true
3859,2025-07-25,KR,ios,organic,35-44,true
3860,2025-07-25,KR,android,organic,18-24,true
3861,2025-07-25,KR,android,email,25-34,false
3862,2025-07-25,VN,android,social,35-44,false
3863,2025-07-26,VN,ios,referral,25-34,false
3864,2025-07-26,KR,ios,organic,55+,false
3865,2025-07-26,US,ios,organic,25-34,true
3866,2025-07-26,KR,web,referral,25-34,true
3867,2025-07-26,KR,android,social,25-34,true
3868,2025-07-26,KR,web,social,55+,true
3869,2025-07-26,KR,ios,referral,25-34,false
3870,2025-07-26,KR,ios,organic,25-34,false
3871,2025-07-26,TW,android,paid_search,35-44,true
3872,2025-07-26,US,android,paid_search,18-24,true
3873,2025-07-26,KR,web,social,25-34,true
3874,2025-07-26,JP,ios,organic,35-44,true
3875,2025-07-26,KR,android,organic,55+,false
3876,2025-07-26,TW,web,organic,25-34,false
3877,2025-07-26,KR,web,organic,25-34,false
3878,2025-07-26,VN,android,paid_search,25-34,false
3879,2025-07-26,JP,android,social,18-24,true
3880,2025-07-26,TW,ios,social,25-34,false
3881,2025-07-27,KR,ios,referral,35-44,true
3882,2025-07-27,KR,android,email,35-44,false
3883,2025-07-27,TW,android,social,35-44,false
3884,2025-07-27,KR,ios,email,35-44,false
3885,2025-07-27,KR,android,social,35-44,true
3886,2025-07-27,KR,android,email,18-24,true
3887,2025-07-27,KR,ios,organic,25-34,false
3888,2025-07-27,KR,ios,email,25-34,false
3889,2025-07-27,KR,web,referral,25-34,false
3890,2025-07-27,JP,android,social,25-34,true
3891,2025-07-27,TW,ios,organic,18-24,false
3892,2025-07-27,KR,ios,social,35-44,true
3893,2025-07-27,TW,ios,social,35-44,true
3894,2025-07-27,VN,android,organic,18-24,true
3895,2025-07-28,VN,ios,referral,18-24,false
3896,2025-07-28,US,ios,organic,45-54,true
3897,2025-07-28,KR,web,referral,35-44,false
3898,2025-07-28,KR,android,organic,35-44,false
3899,2025-07-28,KR,web,paid_search,35-44,true
3900,2025-07-28,KR,ios,email,25-34,false
3901,2025-07-28,KR,web,social,18-24,true
3902,2025-07-28,JP,ios,paid_search,25-34,true
3903,2025-07-28,TW,web,social,25-34,false
3904,2025-07-28,KR,web,organic,18-24,false
3905,2025-07-28,VN,ios,organic,35-44,false
3906,2025-07-28,JP,web,social,45-54,true
3907,2025-07-28,KR,android,social,25-34,true
3908,2025-07-28,JP,web,paid_search,55+,true
3909,2025-07-28,KR,ios,paid_search,18-24,false
3910,2025-07-28,JP,android,referral,55+,true
3911,2025-07-28,KR,ios,social,25-34,false
3912,2025-07-28,KR,android,organic,25-34,true
3913,2025-07-28,US,android,social,35-44,true
3914,2025-07-28,KR,ios,organic,18-24,true
3915,2025-07-29,JP,ios,organic,18-24,true
3916,2025-07-29,KR,ios,organic,55+,true
3917,2025-07-29,KR,android,organic,35-44,true
3918,2025-07-29,VN,web,social,25-34,true
3919,2025-07-29,KR,android,organic,35-44,true
3920,2025-07-29,KR,ios,paid_search,35-44,false
3921,2025-07-29,KR,ios,referral,25-34,false
3922,2025-07-29,KR,android,social,18-24,true
3923,2025-07-29,KR,ios,social,25-34,true
3924,2025-07-29,US,web,organic,35-44,true
3925,2025-07-29,JP,android,social,25-34,true
3926,2025-07-29,US,ios,organic,25-34,false
3927,2025-07-29,KR,android,paid_search,35-44,false
3928,2025-07-29,KR,android,paid_search,18-24,false
3929,2025-07-29,US,web,email,25-34,false
3930,2025-07-29,KR,web,paid_search,25-34,false
3931,2025-07-30,KR,web,social,45-54,true
3932,2025-07-30,KR,android,organic,18-24,false
3933,2025-07-30,VN,web,organic,25-34,false
3934,2025-07-30,KR,android,organic,45-54,true
3935,2025-07-30,KR,android,organic,35-44,false
3936,2025-07-30,KR,android,organic,18-24,false
3937,2025-07-30,KR,android,paid_search,55+,false
3938,2025-07-30,KR,android,paid_search,45-54,false
3939,2025-07-30,JP,web,paid_search,25-34,false
3940,2025-07-30,JP,ios,paid_search,18-24,true
3941,2025-07-30,US,ios,referral,25-34,false
3942,2025-07-30,VN,android,referral,25-34,true
3943,2025-07-30,JP,android,social,35-44,true
3944,2025-07-30,KR,web,paid_search,35-44,false
3945,2025-07-30,VN,web,organic,45-54,true
3946,2025-07-30,KR,web,organic,25-34,false
3947,2025-07-30,TW,ios,social,25-34,true
3948,2025-07-30,JP,android,social,35-44,false
3949,2025-07-30,US,ios,social,35-44,true
3950,2025-07-31,KR,android,organic,25-34,true
3951,2025-07-31,KR,web,organic,35-44,false
3952,2025-07-31,KR,android,organic,25-34,true
3953,2025-07-31,KR,web,social,18-24,true
3954,2025-07-31,US,ios,social,18-24,false
3955,2025-07-31,KR,android,paid_search,25-34,false
3956,2025-07-31,KR,ios,organic,35-44,false
3957,2025-07-31,KR,web,referral,18-24,true
3958,2025-07-31,KR,ios,social,25-34,true
3959,2025-07-31,JP,ios,referral,35-44,true
3960,2025-07-31,KR,ios,email,25-34,false
3961,2025-07-31,TW,android,social,35-44,true
3962,2025-07-31,TW,android,referral,35-44,true
3963,2025-07-31,KR,ios,organic,35-44,true
3964,2025-07-31,TW,android,paid_search,25-34,true
3965,2025-07-31,KR,ios,social,35-44,true
3966,2025-07-31,KR,ios,organic,35-44,true
3967,2025-07-31,KR,android,paid_search,55+,false
3968,2025-07-31,JP,android,paid_search,18-24,false
3969,2025-08-01,KR,ios,social,35-44,true
3970,2025-08-01,KR,web,organic,55+,true
3971,2025-08-01,VN,web,paid_search,45-54,true
3972,2025-08-01,KR,ios,social,18-24,true
3973,2025-08-01,TW,web,organic,25-34,true
3974,2025-08-01,KR,web,email,25-34,true
3975,2025-08-01,KR,android,organic,18-24,true
3976,2025-08-01,KR,web,social,25-34,true
3977,2025-08-01,US,ios,referral,18-24,false
3978,2025-08-01,KR,web,organic,45-54,false
3979,2025-08-02,KR,android,organic,25-34,true
3980,2025-08-02,JP,web,paid_search,35-44,false
3981,2025-08-02,JP,ios,paid_search,25-34,true
3982,2025-08-02,KR,web,social,35-44,true
3983,2025-08-02,KR,android,paid_search,55+,true
3984,2025-08-02,KR,android,social,18-24,false
3985,2025-08-02,KR,ios,organic,35-44,false
3986,2025-08-02,KR,android,social,25-34,true
3987,2025-08-02,KR,ios,email,45-54,true
3988,2025-08-02,KR,ios,organic,25-34,true
3989,2025-08-02,KR,ios,paid_search,25-34,true
3990,2025-08-03,KR,android,paid_search,55+,true
3991,2025-08-03,KR,ios,paid_search,35-44,false
3992,2025-08-03,TW,android,organic,45-54,true
3993,2025-08-03,KR,web,paid_search,35-44,true
3994,2025-08-03,KR,web,organic,25-34,true
3995,2025-08-03,KR,ios,organic,25-34,true
3996,2025-08-03,JP,ios,email,25-34,true
3997,2025-08-03,VN,web,organic,25-34,false
3998,2025-08-03,KR,ios,paid_search,45-54,false
3999,2025-08-03,KR,web,organic,35-44,true
4000,2025-08-03,JP,android,organic,35-44,false
4001,2025-08-03,KR,ios,organic,35-44,false
4002,2025-08-03,KR,ios,social,25-34,true
4003,2025-08-03,KR,android,email,35-44,true
4004,2025-08-03,US,ios,email,25-34,false
4005,2025-08-03,US,web,organic,45-54,false
4006,2025-08-03,KR,android,social,55+,false
4007,2025-08-03,KR,android,organic,25-34,false
4008,2025-08-03,KR,android,paid_search,25-34,false
4009,2025-08-03,KR,web,email,45-54,false
4010,2025-08-04,KR,android,referral,25-34,false
4011,2025-08-04,KR,web,paid_search,45-54,true
4012,2025-08-04,KR,web,paid_search,25-34,true
4013,2025-08-04,KR,android,social,18-24,true
4014,2025-08-04,VN,android,organic,18-24,true
4015,2025-08-04,US,android,social,35-44,false
4016,2025-08-04,KR,ios,paid_search,55+,false
4017,2025-08-04,KR,web,organic,25-34,false
4018,2025-08-04,TW,ios,paid_search,45-54,false
4019,2025-08-04,KR,ios,organic,25-34,true
4020,2025-08-04,US,android,referral,18-24,true
4021,2025-08-04,JP,ios,organic,25-34,true
4022,2025-08-04,KR,ios,referral,18-24,false
4023,2025-08-04,KR,android,paid_search,18-24,true
4024,2025-08-04,KR,web,paid_search,25-34,false
4025,2025-08-04,JP,android,paid_search,45-54,false
4026,2025-08-04,KR,android,paid_search,55+,false
4027,2025-08-05,KR,ios,social,25-34,false
4028,2025-08-05,KR,web,email,18-24,false
4029,2025-08-05,US,ios,organic,25-34,false
4030,2025-08-05,KR,ios,organic,25-34,true
4031,2025-08-05,KR,ios,social,35-44,false
4032,2025-08-05,KR,android,social,25-34,true
4033,2025-08-05,KR,android,paid_search,55+,false
4034,2025-08-05,JP,web,social,18-24,true
4035,2025-08-05,US,ios,email,18-24,true
4036,2025-08-05,JP,web,referral,18-24,true
4037,2025-08-05,KR,web,organic,35-44,true
4038,2025-08-05,JP,ios,email,18-24,false
4039,2025-08-05,JP,ios,organic,35-44,false
4040,2025-08-05,JP,android,organic,55+,true
4041,2025-08-05,KR,web,referral,18-24,true
4042,2025-08-05,KR,ios,social,25-34,true
4043,2025-08-05,KR,android,social,25-34,true
4044,2025-08-06,KR,android,social,45-54,false
4045,2025-08-06,KR,web,organic,35-44,true
4046,2025-08-06,JP,android,organic,45-54,false
4047,2025-08-06,VN,android,email,35-44,false
4048,2025-08-06,KR,web,social,35-44,false
4049,2025-08-06,KR,android,organic,25-34,true
4050,2025-08-06,KR,ios,organic,18-24,false
4051,2025-08-06,KR,ios,organic,25-34,true
4052,2025-08-06,VN,android,paid_search,25-34,true
4053,2025-08-06,JP,web,organic,18-24,false
4054,2025-08-06,KR,ios,social,35-44,true
4055,2025-08-06,US,ios,organic,35-44,false
4056,2025-08-06,KR,android,social,45-54,false
4057,2025-08-06,KR,android,organic,35-44,true
4058,2025-08-06,KR,android,social,18-24,true
4059,2025-08-06,US,web,paid_search,18-24,true
4060,2025-08-06,KR,ios,referral,25-34,true
4061,2025-08-06,KR,ios,paid_search,25-34,true
4062,2025-08-07,KR,android,paid_search,45-54,true
4063,2025-08-07,KR,web,organic,25-34,false
4064,2025-08-07,KR,web,paid_search,25-34,true
4065,2025-08-07,KR,android,organic,25-34,true
4066,2025-08-07,KR,android,social,25-34,false
4067,2025-08-07,KR,ios,email,55+,true
4068,2025-08-07,KR,web,paid_search,18-24,true
4069,2025-08-07,KR,android,social,25-34,true
4070,2025-08-07,KR,android,referral,25-34,false
4071,2025-08-07,KR,android,paid_search,18-24,true
4072,2025-08-07,US,ios,paid_search,45-54,false
4073,2025-08-07,KR,ios,referral,18-24,true
4074,2025-08-07,KR,android,social,45-54,true
4075,2025-08-07,TW,android,social,18-24,true
4076,2025-08-07,KR,android,organic,25-34,true
4077,2025-08-08,KR,ios,organic,25-34,false
4078,2025-08-08,US,ios,organic,25-34,true
4079,2025-08-08,US,android,referral,18-24,false
4080,2025-08-08,JP,android,email,25-34,true
4081,2025-08-08,KR,web,referral,25-34,false
4082,2025-08-08,KR,ios,paid_search,25-34,true
4083,2025-08-08,JP,android,paid_search,25-34,true
4084,2025-08-08,JP,web,organic,45-54,false
4085,2025-08-08,US,android,organic,35-44,true
4086,2025-08-08,KR,android,paid_search,25-34,false
4087,2025-08-08,KR,ios,email,25-34,true
4088,2025-08-08,US,web,social,25-34,true
4089,2025-08-08,US,web,organic,45-54,false
4090,2025-08-08,KR,ios,organic,55+,true
4091,2025-08-08,JP,ios,social,25-34,false
4092,2025-08-08,KR,android,social,25-34,false
4093,2025-08-08,KR,web,organic,35-44,false
4094,2025-08-08,VN,android,paid_search,45-54,true
4095,2025-08-08,VN,ios,organic,35-44,true
4096,2025-08-08,KR,ios,email,35-44,false
4097,2025-08-08,KR,android,organic,25-34,true
4098,2025-08-08,KR,android,social,25-34,true
4099,2025-08-08,KR,android,social,45-54,false
4100,2025-08-09,KR,android,referral,55+,true
4101,2025-08-09,KR,android,email,25-34,true
4102,2025-08-09,US,android,organic,25-34,false
4103,2025-08-09,JP,android,organic,25-34,false
4104,2025-08-09,KR,android,paid_search,25-34,false
4105,2025-08-09,KR,android,social,25-34,false
4106,2025-08-09,KR,web,organic,55+,true
4107,2025-08-09,KR,ios,paid_search,18-24,true
4108,2025-08-09,KR,ios,social,25-34,true
4109,2025-08-09,VN,android,organic,25-34,true
4110,2025-08-09,KR,web,paid_search,55+,false
4111,2025-08-09,TW,android,social,35-44,false
4112,2025-08-09,KR,ios,organic,25-34,false
4113,2025-08-09,JP,ios,paid_search,25-34,false
4114,2025-08-09,VN,ios,paid_search,55+,false
4115,2025-08-09,US,ios,organic,35-44,true
4116,2025-08-09,US,android,organic,25-34,false
4117,2025-08-09,VN,ios,social,25-34,false
4118,2025-08-09,JP,ios,social,35-44,false
4119,2025-08-09,KR,android,referral,25-34,true
4120,2025-08-10,US,android,paid_search,45-54,true
4121,2025-08-10,US,android,organic,55+,false
4122,2025-08-10,KR,web,email,45-54,true
4123,2025-08-10,KR,android,referral,25-34,true
4124,2025-08-10,KR,android,social,18-24,false
4125,2025-08-10,KR,android,referral,18-24,true
4126,2025-08-10,KR,android,organic,55+,true
4127,2025-08-10,KR,web,email,25-34,true
4128,2025-08-10,KR,ios,paid_search,35-44,true
4129,2025-08-10,KR,android,organic,25-34,false
4130,2025-08-10,KR,ios,organic,35-44,false
4131,2025-08-10,KR,android,paid_search,25-34,false
4132,2025-08-10,TW,android,paid_search,45-54,true
4133,2025-08-10,KR,web,organic,18-24,true
4134,2025-08-10,KR,android,organic,35-44,true
4135,2025-08-10,VN,ios,organic,35-44,true
4136,2025-08-10,KR,ios,paid_search,18-24,true
4137,2025-08-10,KR,ios,organic,45-54,false
4138,2025-08-10,KR,ios,organic,25-34,true
4139,2025-08-11,KR,web,social,18-24,true
4140,2025-08-11,KR,ios,paid_search,18-24,true
4141,2025-08-11,KR,android,organic,55+,true
4142,2025-08-11,KR,android,paid_search,25-34,true
4143,2025-08-11,KR,ios,organic,35-44,false
4144,2025-08-11,KR,web,paid_search,45-54,true
4145,2025-08-11,KR,android,organic,25-34,true
4146,2025-08-11,KR,ios,social,25-34,true
4147,2025-08-11,KR,web,email,35-44,true
4148,2025-08-11,KR,ios,social,25-34,false
4149,2025-08-11,KR,web,paid_search,25-34,true
4150,2025-08-11,KR,web,paid_search,55+,true
4151,2025-08-11,KR,ios,organic,45-54,true
4152,2025-08-11,KR,ios,social,55+,false
4153,2025-08-11,KR,android,organic,55+,true
4154,2025-08-12,TW,web,social,35-44,true
4155,2025-08-12,KR,android,organic,35-44,true
4156,2025-08-12,US,web,organic,25-34,true
4157,2025-08-12,KR,android,social,35-44,true
4158,2025-08-12,US,android,email,45-54,false
4159,2025-08-12,KR,web,organic,25-34,true
4160,2025-08-12,KR,ios,organic,45-54,false
4161,2025-08-12,VN,web,paid_search,35-44,false
4162,2025-08-12,KR,web,email,18-24,false
4163,2025-08-12,KR,web,social,18-24,false
4164,2025-08-12,KR,ios,social,35-44,true
4165,2025-08-12,JP,ios,organic,35-44,true
4166,2025-08-12,KR,web,referral,35-44,false
4167,2025-08-12,US,web,organic,25-34,true
4168,2025-08-13,KR,ios,social,45-54,false
4169,2025-08-13,KR,android,organic,25-34,true
4170,2025-08-13,TW,ios,social,25-34,true
4171,2025-08-13,US,web,organic,45-54,true
4172,2025-08-13,US,ios,paid_search,35-44,false
4173,2025-08-13,US,ios,referral,25-34,true
4174,2025-08-13,KR,ios,organic,35-44,true
4175,2025-08-13,KR,ios,social,25-34,true
4176,2025-08-13,KR,web,email,25-34,false
4177,2025-08-13,KR,web,organic,18-24,true
4178,2025-08-13,US,ios,organic,35-44,false
4179,2025-08-13,KR,android,organic,45-54,true
4180,2025-08-13,KR,android,organic,35-44,false
4181,2025-08-13,KR,ios,organic,18-24,false
4182,2025-08-13,KR,ios,organic,45-54,false
4183,2025-08-13,VN,ios,paid_search,18-24,false
4184,2025-08-13,KR,android,organic,35-44,true
4185,2025-08-13,US,ios,social,18-24,false
4186,2025-08-13,JP,android,organic,25-34,true
4187,2025-08-13,KR,ios,organic,25-34,true
4188,2025-08-13,KR,android,organic,55+,false
4189,2025-08-14,KR,web,social,35-44,true
4190,2025-08-14,KR,ios,paid_search,18-24,true
4191,2025-08-14,KR,ios,organic,45-54,true
4192,2025-08-14,KR,ios,email,35-44,false
4193,2025-08-14,US,android,referral,35-44,false
4194,2025-08-14,KR,ios,organic,18-24,true
4195,2025-08-14,TW,android,social,35-44,false
4196,2025-08-14,JP,ios,paid_search,25-34,true
4197,2025-08-14,KR,ios,organic,25-34,false
4198,2025-08-14,KR,web,organic,55+,false
4199,2025-08-14,VN,android,social,25-34,true
4200,2025-08-14,JP,ios,organic,45-54,true
4201,2025-08-14,JP,ios,paid_search,25-34,true
4202,2025-08-14,US,web,organic,25-34,false
4203,2025-08-14,KR,ios,paid_search,45-54,true
4204,2025-08-14,KR,web,email,35-44,false
4205,2025-08-14,VN,android,social,25-34,true
4206,2025-08-14,US,android,organic,35-44,false
4207,2025-08-14,KR,android,organic,35-44,false
4208,2025-08-15,US,web,social,25-34,false
4209,2025-08-15,KR,android,paid_search,35-44,true
4210,2025-08-15,KR,ios,organic,25-34,true
4211,2025-08-15,VN,ios,referral,25-34,false
4212,2025-08-15,JP,web,referral,35-44,true
4213,2025-08-15,KR,ios,referral,45-54,true
4214,2025-08-15,KR,ios,social,35-44,true
4215,2025-08-15,US,ios,social,35-44,true
4216,2025-08-15,KR,ios,paid_search,45-54,true
4217,2025-08-15,KR,android,organic,25-34,false
4218,2025-08-15,KR,web,paid_search,35-44,true
4219,2025-08-15,KR,android,social,55+,true
4220,2025-08-15,KR,android,organic,45-54,true
4221,2025-08-15,US,android,organic,35-44,true
4222,2025-08-15,JP,web,paid_search,25-34,true
4223,2025-08-16,KR,android,social,25-34,false
4224,2025-08-16,JP,android,organic,25-34,true
4225,2025-08-16,US,web,referral,25-34,false
4226,2025-08-16,US,ios,organic,18-24,false
4227,2025-08-16,KR,ios,paid_search,35-44,false
4228,2025-08-16,JP,web,social,45-54,true
4229,2025-08-16,US,web,social,25-34,true
4230,2025-08-16,KR,ios,organic,25-34,true
4231,2025-08-16,US,android,referral,25-34,true
4232,2025-08-16,KR,web,organic,35-44,true
4233,2025-08-16,KR,ios,paid_search,18-24,false
4234,2025-08-16,KR,ios,organic,55+,false
4235,2025-08-16,KR,android,referral,18-24,false
4236,2025-08-16,US,ios,organic,35-44,true
4237,2025-08-16,KR,android,organic,35-44,true
4238,2025-08-16,KR,android,paid_search,25-34,false
4239,2025-08-17,KR,android,referral,35-44,true
4240,2025-08-17,KR,android,social,35-44,false
4241,2025-08-17,KR,android,social,55+,false
4242,2025-08-17,KR,android,social,25-34,true
4243,2025-08-17,KR,ios,social,25-34,false
4244,2025-08-17,KR,web,social,35-44,true
4245,2025-08-17,TW,android,social,25-34,true
4246,2025-08-17,KR,android,organic,25-34,true
4247,2025-08-17,TW,android,organic,35-44,false
4248,2025-08-17,JP,android,organic,25-34,false
4249,2025-08-17,JP,android,organic,45-54,true
4250,2025-08-17,JP,ios,social,55+,true
4251,2025-08-17,JP,android,organic,25-34,false
4252,2025-08-17,KR,ios,referral,35-44,false
4253,2025-08-17,KR,android,social,18-24,true
4254,2025-08-17,KR,web,paid_search,55+,false
4255,2025-08-17,KR,android,organic,35-44,true
4256,2025-08-17,KR,ios,email,25-34,true
4257,2025-08-17,KR,ios,organic,35-44,false
4258,2025-08-17,KR,web,organic,45-54,true
4259,2025-08-17,US,web,referral,18-24,true
4260,2025-08-18,US,android,organic,25-34,true
4261,2025-08-18,KR,ios,social,25-34,true
4262,2025-08-18,KR,web,paid_search,35-44,false
4263,2025-08-18,KR,android,social,25-34,false
4264,2025-08-18,KR,web,paid_search,25-34,false
4265,2025-08-18,KR,android,referral,35-44,false
4266,2025-08-18,KR,android,organic,35-44,false
4267,2025-08-18,KR,ios,organic,25-34,true
4268,2025-08-18,KR,android,paid_search,25-34,true
4269,2025-08-18,US,ios,organic,35-44,true
4270,2025-08-18,KR,android,paid_search,45-54,false
4271,2025-08-18,KR,android,email,25-34,false
4272,2025-08-18,JP,ios,organic,18-24,false
4273,2025-08-18,KR,android,paid_search,45-54,false
4274,2025-08-18,KR,ios,paid_search,45-54,false
4275,2025-08-18,KR,web,paid_search,18-24,false
4276,2025-08-18,KR,web,paid_search,35-44,true
4277,2025-08-18,KR,ios,social,25-34,true
4278,2025-08-19,KR,android,paid_search,35-44,false
4279,2025-08-19,KR,android,organic,25-34,false
4280,2025-08-19,KR,web,organic,35-44,false
4281,2025-08-19,JP,android,organic,35-44,true
4282,2025-08-19,KR,ios,organic,45-54,true
4283,2025-08-19,KR,ios,social,35-44,false
4284,2025-08-19,KR,ios,organic,25-34,false
4285,2025-08-19,TW,ios,paid_search,35-44,false
4286,2025-08-19,KR,android,organic,25-34,true
4287,2025-08-19,JP,ios,paid_search,55+,true
4288,2025-08-19,KR,web,organic,35-44,true
4289,2025-08-19,US,ios,paid_search,55+,false
4290,2025-08-19,KR,ios,organic,25-34,true
4291,2025-08-19,KR,web,social,55+,true
4292,2025-08-19,KR,android,paid_search,25-34,false
4293,2025-08-19,JP,ios,paid_search,25-34,false
4294,2025-08-19,KR,web,paid_search,25-34,false
4295,2025-08-19,VN,web,paid_search,25-34,false
4296,2025-08-20,US,web,paid_search,35-44,true
4297,2025-08-20,KR,ios,organic,25-34,true
4298,2025-08-20,KR,android,organic,35-44,true
4299,2025-08-20,KR,web,organic,25-34,false
4300,2025-08-20,KR,android,social,35-44,true
4301,2025-08-20,US,ios,paid_search,25-34,true
4302,2025-08-20,TW,android,organic,25-34,true
4303,2025-08-20,JP,ios,referral,25-34,true
4304,2025-08-20,VN,web,organic,25-34,false
4305,2025-08-20,KR,android,social,55+,true
4306,2025-08-20,KR,android,social,25-34,true
4307,2025-08-20,KR,android,email,25-34,false
4308,2025-08-20,KR,ios,paid_search,18-24,false
4309,2025-08-20,JP,ios,paid_search,55+,true
4310,2025-08-21,VN,ios,organic,25-34,true
4311,2025-08-21,US,android,social,35-44,false
4312,2025-08-21,JP,android,referral,35-44,true
4313,2025-08-21,KR,android,organic,25-34,true
4314,2025-08-21,KR,web,social,25-34,false
4315,2025-08-21,VN,web,organic,25-34,true
4316,2025-08-21,JP,android,social,35-44,false
4317,2025-08-21,KR,web,referral,25-34,false
4318,2025-08-21,KR,ios,email,25-34,true
4319,2025-08-21,TW,ios,organic,18-24,true
4320,2025-08-21,KR,ios,referral,25-34,false
4321,2025-08-22,KR,android,social,25-34,true
4322,2025-08-22,KR,ios,organic,25-34,true
4323,2025-08-22,KR,ios,referral,25-34,false
4324,2025-08-22,KR,android,organic,25-34,true
4325,2025-08-22,KR,ios,referral,35-44,true
4326,2025-08-22,VN,ios,organic,18-24,false
4327,2025-08-22,KR,android,social,25-34,true
4328,2025-08-22,KR,android,paid_search,25-34,true
4329,2025-08-22,JP,android,paid_search,25-34,true
4330,2025-08-22,KR,ios,social,18-24,true
4331,2025-08-22,KR,ios,paid_search,35-44,true
4332,2025-08-22,KR,android,paid_search,45-54,false
4333,2025-08-22,US,web,referral,35-44,false
4334,2025-08-23,JP,ios,paid_search,45-54,true
4335,2025-08-23,KR,android,organic,25-34,true
4336,2025-08-23,KR,android,organic,25-34,true
4337,2025-08-23,KR,android,organic,45-54,false
4338,2025-08-23,KR,android,organic,18-24,false
4339,2025-08-23,KR,android,social,45-54,false
4340,2025-08-23,KR,ios,paid_search,25-34,true
4341,2025-08-23,KR,android,organic,45-54,true
4342,2025-08-23,KR,web,paid_search,35-44,false
4343,2025-08-23,KR,ios,organic,18-24,false
4344,2025-08-23,US,ios,social,45-54,true
4345,2025-08-23,KR,web,social,18-24,true
4346,2025-08-23,KR,android,social,25-34,false
4347,2025-08-23,KR,android,social,25-34,true
4348,2025-08-24,KR,android,social,25-34,false
4349,2025-08-24,US,ios,organic,35-44,true
4350,2025-08-24,TW,android,organic,25-34,true
4351,2025-08-24,KR,ios,referral,35-44,false
4352,2025-08-24,KR,android,referral,25-34,true
4353,2025-08-24,TW,android,referral,25-34,false
4354,2025-08-24,KR,android,organic,45-54,true
4355,2025-08-24,KR,web,social,25-34,false
4356,2025-08-24,KR,ios,organic,35-44,false
4357,2025-08-24,VN,ios,paid_search,18-24,false
4358,2025-08-24,US,web,paid_search,25-34,false
4359,2025-08-24,KR,ios,organic,18-24,true
4360,2025-08-24,VN,android,social,25-34,false
4361,2025-08-24,KR,ios,paid_search,18-24,false
4362,2025-08-24,US,ios,social,25-34,true
4363,2025-08-24,KR,android,social,18-24,true
4364,2025-08-24,KR,ios,organic,18-24,true
4365,2025-08-24,KR,android,organic,18-24,false
4366,2025-08-24,US,ios,paid_search,18-24,false
4367,2025-08-24,KR,ios,social,35-44,true
4368,2025-08-25,KR,android,organic,25-34,false
4369,2025-08-25,JP,android,social,25-34,true
4370,2025-08-25,JP,ios,organic,18-24,false
4371,2025-08-25,KR,android,paid_search,45-54,true
4372,2025-08-25,KR,android,social,25-34,true
4373,2025-08-25,VN,android,referral,35-44,false
4374,2025-08-25,KR,android,organic,25-34,true
4375,2025-08-25,KR,android,social,25-34,true
4376,2025-08-25,KR,android,organic,35-44,true
4377,2025-08-25,KR,android,paid_search,35-44,false
4378,2025-08-25,KR,ios,email,45-54,false
4379,2025-08-25,KR,ios,referral,35-44,true
4380,2025-08-25,KR,android,paid_search,55+,true
4381,2025-08-25,KR,ios,paid_search,25-34,true
4382,2025-08-25,KR,ios,referral,25-34,true
4383,2025-08-25,KR,ios,paid_search,45-54,false
4384,2025-08-25,KR,web,email,45-54,true
4385,2025-08-25,KR,android,organic,25-34,false
4386,2025-08-25,KR,web,email,25-34,true
4387,2025-08-25,TW,ios,social,18-24,true
4388,2025-08-25,KR,ios,referral,18-24,true
4389,2025-08-25,JP,web,paid_search,35-44,true
4390,2025-08-25,US,android,referral,35-44,false
4391,2025-08-25,KR,android,social,25-34,false
4392,2025-08-25,JP,web,paid_search,45-54,true
4393,2025-08-25,TW,ios,social,18-24,false
4394,2025-08-25,KR,web,referral,25-34,false
4395,2025-08-25,JP,android,organic,25-34,true
4396,2025-08-25,KR,android,paid_search,55+,true
4397,2025-08-26,US,web,social,25-34,true
4398,2025-08-26,US,android,referral,25-34,false
4399,2025-08-26,KR,android,social,18-24,true
4400,2025-08-26,KR,ios,organic,18-24,true
4401,2025-08-26,KR,android,organic,18-24,false
4402,2025-08-26,KR,ios,paid_search,55+,true
4403,2025-08-26,TW,ios,organic,18-24,false
4404,2025-08-26,KR,android,email,25-34,true
4405,2025-08-26,JP,ios,paid_search,45-54,true
4406,2025-08-26,KR,android,organic,25-34,true
4407,2025-08-26,KR,ios,paid_search,25-34,true
4408,2025-08-26,TW,ios,organic,45-54,true
4409,2025-08-26,VN,android,paid_search,25-34,true
4410,2025-08-26,US,ios,social,45-54,false
4411,2025-08-26,KR,android,social,18-24,false
4412,2025-08-26,KR,web,organic,25-34,false
4413,2025-08-26,KR,ios,organic,45-54,true
4414,2025-08-26,KR,android,paid_search,25-34,true
4415,2025-08-26,TW,android,email,35-44,false
4416,2025-08-27,TW,android,referral,18-24,true
4417,2025-08-27,KR,android,paid_search,25-34,true
4418,2025-08-27,US,ios,organic,35-44,false
4419,2025-08-27,US,ios,organic,55+,true
4420,2025-08-27,JP,ios,paid_search,45-54,true
4421,2025-08-27,KR,android,organic,25-34,true
4422,2025-08-27,KR,android,paid_search,25-34,true
4423,2025-08-27,US,ios,email,25-34,true
4424,2025-08-28,JP,android,social,45-54,false
4425,2025-08-28,KR,android,paid_search,35-44,true
4426,2025-08-28,KR,android,organic,35-44,true
4427,2025-08-28,KR,android,paid_search,55+,true
4428,2025-08-28,KR,ios,paid_search,18-24,false
4429,2025-08-28,KR,web,paid_search,35-44,true
4430,2025-08-28,KR,ios,paid_search,35-44,true
4431,2025-08-28,KR,web,organic,18-24,true
4432,2025-08-28,KR,android,social,35-44,false
4433,2025-08-28,KR,ios,social,25-34,true
4434,2025-08-28,KR,android,organic,45-54,true
4435,2025-08-28,TW,ios,social,25-34,false
4436,2025-08-28,KR,web,social,35-44,true
4437,2025-08-28,KR,web,email,18-24,true
4438,2025-08-28,KR,ios,organic,45-54,true
4439,2025-08-28,US,web,organic,25-34,true
4440,2025-08-28,KR,android,paid_search,18-24,false
4441,2025-08-28,KR,ios,email,18-24,true
4442,2025-08-28,KR,ios,paid_search,35-44,true
4443,2025-08-28,KR,ios,paid_search,55+,false
4444,2025-08-28,JP,ios,paid_search,45-54,false
4445,2025-08-28,JP,android,organic,18-24,true
4446,2025-08-28,KR,ios,paid_search,35-44,false
4447,2025-08-28,KR,ios,paid_search,55+,true
4448,2025-08-28,US,android,social,25-34,false
4449,2025-08-28,VN,android,social,45-54,false
4450,2025-08-29,KR,ios,referral,35-44,false
4451,2025-08-29,KR,android,referral,45-54,false
4452,2025-08-29,KR,android,social,25-34,true
4453,2025-08-29,US,ios,paid_search,35-44,false
4454,2025-08-29,KR,ios,organic,25-34,true
4455,2025-08-29,US,ios,organic,45-54,true
4456,2025-08-29,KR,android,organic,18-24,false
4457,2025-08-29,US,android,social,18-24,false
4458,2025-08-29,KR,ios,organic,25-34,true
4459,2025-08-29,KR,ios,paid_search,18-24,false
4460,2025-08-29,KR,android,organic,25-34,false
4461,2025-08-29,KR,ios,paid_search,45-54,true
4462,2025-08-29,KR,android,referral,25-34,false
4463,2025-08-29,KR,android,organic,35-44,true
4464,2025-08-29,KR,ios,social,35-44,false
4465,2025-08-29,KR,web,referral,45-54,false
4466,2025-08-29,KR,web,paid_search,35-44,true
4467,2025-08-29,KR,ios,paid_search,25-34,false
4468,2025-08-29,KR,ios,organic,18-24,true
4469,2025-08-30,JP,web,organic,25-34,false
4470,2025-08-30,KR,android,paid_search,45-54,true
4471,2025-08-30,TW,web,organic,25-34,true
4472,2025-08-30,KR,web,organic,25-34,true
4473,2025-08-30,KR,web,social,35-44,true
4474,2025-08-30,JP,android,paid_search,35-44,false
4475,2025-08-30,JP,android,paid_search,18-24,true
4476,2025-08-30,KR,android,social,25-34,true
4477,2025-08-30,KR,android,email,25-34,false
4478,2025-08-30,JP,ios,organic,25-34,false
4479,2025-08-30,KR,android,paid_search,35-44,true
4480,2025-08-30,TW,ios,email,35-44,true
4481,2025-08-30,JP,android,organic,35-44,false
4482,2025-08-30,KR,android,social,25-34,true
4483,2025-08-30,KR,android,organic,18-24,false
4484,2025-08-30,KR,ios,referral,35-44,false
4485,2025-08-30,KR,android,email,25-34,true
4486,2025-08-30,KR,web,organic,25-34,true
4487,2025-08-31,TW,ios,paid_search,55+,true
4488,2025-08-31,KR,ios,organic,18-24,true
4489,2025-08-31,KR,android,paid_search,25-34,false
4490,2025-08-31,VN,ios,organic,18-24,false
4491,2025-08-31,US,android,organic,25-34,false
4492,2025-08-31,KR,ios,organic,35-44,false
4493,2025-08-31,KR,web,paid_search,35-44,false
4494,2025-08-31,KR,ios,organic,45-54,false
4495,2025-08-31,KR,android,organic,25-34,false
4496,2025-08-31,KR,ios,paid_search,55+,true
4497,2025-08-31,KR,ios,organic,18-24,true
4498,2025-08-31,KR,android,organic,25-34,false
4499,2025-08-31,KR,ios,email,35-44,false
4500,2025-08-31,KR,web,organic,18-24,false
4501,2025-08-31,KR,android,organic,25-34,false
4502,2025-08-31,KR,android,organic,25-34,false
4503,2025-08-31,KR,android,paid_search,25-34,true
4504,2025-09-01,JP,android,organic,55+,true
4505,2025-09-01,JP,ios,paid_search,25-34,true
4506,2025-09-01,JP,ios,paid_search,45-54,false
4507,2025-09-01,KR,ios,organic,45-54,false
4508,2025-09-01,KR,android,paid_search,18-24,true
4509,2025-09-01,KR,ios,organic,35-44,true
4510,2025-09-01,KR,android,paid_search,18-24,false
4511,2025-09-01,KR,android,referral,18-24,false
4512,2025-09-01,KR,ios,paid_search,25-34,true
4513,2025-09-01,KR,ios,paid_search,18-24,true
4514,2025-09-01,KR,android,social,55+,true
4515,2025-09-01,KR,web,social,55+,false
4516,2025-09-01,JP,ios,organic,35-44,true
4517,2025-09-01,JP,web,organic,25-34,false
4518,2025-09-01,US,web,social,55+,true
4519,2025-09-01,KR,ios,paid_search,45-54,true
4520,2025-09-01,KR,ios,social,18-24,true
4521,2025-09-02,KR,android,paid_search,35-44,true
4522,2025-09-02,TW,web,organic,18-24,true
4523,2025-09-02,KR,ios,referral,55+,true
4524,2025-09-02,JP,web,paid_search,45-54,false
4525,2025-09-02,TW,android,paid_search,25-34,false
4526,2025-09-02,KR,android,organic,25-34,true
4527,2025-09-02,US,android,paid_search,25-34,false
4528,2025-09-02,JP,web,referral,25-34,false
4529,2025-09-03,KR,android,social,25-34,true
4530,2025-09-03,JP,ios,social,25-34,false
4531,2025-09-03,US,ios,organic,35-44,true
4532,2025-09-03,KR,android,organic,35-44,true
4533,2025-09-03,KR,android,email,35-44,true
4534,2025-09-03,KR,android,social,25-34,true
4535,2025-09-03,KR,android,referral,35-44,false
4536,2025-09-03,KR,android,social,25-34,false
4537,2025-09-03,KR,android,paid_search,45-54,true
4538,2025-09-03,US,ios,organic,45-54,true
4539,2025-09-03,KR,android,email,35-44,true
4540,2025-09-03,US,ios,social,35-44,false
4541,2025-09-03,KR,web,paid_search,55+,true
4542,2025-09-04,KR,android,organic,25-34,false
4543,2025-09-04,KR,ios,organic,25-34,true
4544,2025-09-04,KR,web,organic,45-54,false
4545,2025-09-04,KR,web,organic,35-44,false
4546,2025-09-04,US,ios,organic,25-34,false
4547,2025-09-04,KR,android,organic,25-34,true
4548,2025-09-04,KR,android,paid_search,25-34,true
4549,2025-09-04,KR,android,paid_search,25-34,true
4550,2025-09-04,KR,web,referral,25-34,true
4551,2025-09-04,KR,android,organic,55+,true
4552,2025-09-04,TW,ios,organic,25-34,true
4553,2025-09-04,TW,android,organic,55+,true
4554,2025-09-04,KR,ios,paid_search,45-54,true
4555,2025-09-04,JP,ios,organic,35-44,false
4556,2025-09-04,KR,ios,organic,35-44,false
4557,2025-09-05,KR,ios,social,18-24,false
4558,2025-09-05,JP,ios,paid_search,25-34,false
4559,2025-09-05,VN,android,organic,25-34,false
4560,2025-09-05,KR,android,organic,18-24,true
4561,2025-09-05,US,android,paid_search,25-34,false
4562,2025-09-05,US,android,social,45-54,true
4563,2025-09-05,KR,android,paid_search,35-44,true
4564,2025-09-05,KR,ios,social,18-24,true
4565,2025-09-05,KR,web,organic,18-24,false
4566,2025-09-05,KR,android,paid_search,45-54,true
4567,2025-09-05,KR,ios,email,45-54,true
4568,2025-09-05,KR,ios,organic,25-34,false
4569,2025-09-05,KR,web,organic,45-54,true
4570,2025-09-05,KR,android,organic,45-54,false
4571,2025-09-05,TW,web,organic,25-34,false
4572,2025-09-05,KR,android,organic,35-44,true
4573,2025-09-05,KR,web,referral,25-34,true
4574,2025-09-06,JP,ios,social,35-44,true
4575,2025-09-06,KR,ios,organic,35-44,true
4576,2025-09-06,TW,android,organic,25-34,true
4577,2025-09-06,KR,android,organic,25-34,true
4578,2025-09-06,KR,android,email,35-44,false
4579,2025-09-06,KR,ios,referral,18-24,true
4580,2025-09-06,VN,android,email,18-24,false
4581,2025-09-06,KR,ios,referral,25-34,false
4582,2025-09-06,US,web,organic,18-24,false
4583,2025-09-06,KR,android,organic,18-24,false
4584,2025-09-06,KR,android,organic,25-34,false
4585,2025-09-06,US,ios,organic,35-44,true
4586,2025-09-06,KR,android,organic,35-44,true
4587,2025-09-06,JP,web,referral,35-44,false
4588,2025-09-06,KR,android,organic,35-44,true
4589,2025-09-06,KR,android,social,25-34,true
4590,2025-09-06,KR,web,social,25-34,false
4591,2025-09-06,KR,ios,organic,25-34,false
4592,2025-09-06,KR,web,paid_search,25-34,true
4593,2025-09-06,JP,android,paid_search,25-34,true
4594,2025-09-06,KR,web,organic,18-24,false
4595,2025-09-06,US,android,paid_search,55+,true
4596,2025-09-07,KR,android,paid_search,35-44,false
4597,2025-09-07,KR,ios,paid_search,25-34,false
4598,2025-09-07,TW,android,email,25-34,true
4599,2025-09-07,KR,android,organic,25-34,true
4600,2025-09-07,KR,android,referral,18-24,true
4601,2025-09-07,KR,ios,organic,35-44,false
4602,2025-09-07,KR,web,organic,35-44,false
4603,2025-09-07,KR,ios,organic,18-24,true
4604,2025-09-07,KR,web,referral,35-44,false
4605,2025-09-07,TW,android,paid_search,35-44,false
4606,2025-09-07,JP,ios,social,25-34,true
4607,2025-09-07,KR,android,organic,25-34,false
4608,2025-09-07,KR,web,paid_search,35-44,true
4609,2025-09-07,TW,web,organic,35-44,false
4610,2025-09-07,KR,android,referral,25-34,false
4611,2025-09-07,KR,web,email,18-24,true
4612,2025-09-07,KR,web,organic,25-34,false
4613,2025-09-08,KR,android,paid_search,55+,true
4614,2025-09-08,VN,android,referral,18-24,false
4615,2025-09-08,US,android,organic,25-34,true
4616,2025-09-08,KR,android,email,35-44,true
4617,2025-09-08,KR,ios,organic,45-54,true
4618,2025-09-08,KR,android,organic,25-34,true
4619,2025-09-08,KR,android,paid_search,35-44,true
4620,2025-09-08,KR,android,organic,18-24,true
4621,2025-09-08,KR,ios,email,25-34,true
4622,2025-09-08,KR,ios,social,35-44,false
4623,2025-09-08,KR,ios,social,25-34,true
4624,2025-09-08,KR,ios,referral,45-54,false
4625,2025-09-08,KR,android,social,45-54,true
4626,2025-09-08,TW,ios,social,45-54,false
4627,2025-09-08,VN,android,social,25-34,false
4628,2025-09-08,KR,android,email,45-54,true
4629,2025-09-08,KR,android,organic,18-24,false
4630,2025-09-08,KR,ios,social,18-24,true
4631,2025-09-08,KR,ios,paid_search,35-44,true
4632,2025-09-08,US,web,referral,55+,false
4633,2025-09-08,US,ios,organic,35-44,false
4634,2025-09-08,US,android,referral,35-44,false
4635,2025-09-08,KR,android,organic,18-24,true
4636,2025-09-08,KR,web,paid_search,35-44,true
4637,2025-09-09,US,android,paid_search,35-44,true
4638,2025-09-09,KR,android,referral,25-34,false
4639,2025-09-09,KR,ios,organic,25-34,true
4640,2025-09-09,US,android,email,18-24,false
4641,2025-09-09,KR,android,paid_search,35-44,false
4642,2025-09-09,KR,ios,paid_search,25-34,false
4643,2025-09-09,KR,web,email,25-34,false
4644,2025-09-09,JP,ios,referral,25-34,false
4645,2025-09-09,JP,web,social,45-54,true
4646,2025-09-09,TW,android,social,45-54,true
4647,2025-09-09,KR,web,email,35-44,true
4648,2025-09-09,KR,android,paid_search,45-54,false
4649,2025-09-09,KR,android,email,35-44,true
4650,2025-09-09,KR,android,organic,35-44,true
4651,2025-09-09,KR,android,paid_search,35-44,false
4652,2025-09-09,KR,ios,social,45-54,true
4653,2025-09-10,KR,web,organic,55+,false
4654,2025-09-10,KR,ios,email,25-34,true
4655,2025-09-10,KR,android,referral,35-44,true
4656,2025-09-10,KR,android,organic,35-44,false
4657,2025-09-10,KR,web,paid_search,25-34,true
4658,2025-09-10,KR,ios,organic,45-54,false
4659,2025-09-10,KR,android,social,25-34,false
4660,2025-09-10,KR,ios,organic,25-34,true
4661,2025-09-10,KR,android,referral,45-54,false
4662,2025-09-10,KR,android,paid_search,25-34,true
4663,2025-09-10,KR,android,paid_search,18-24,true
4664,2025-09-10,JP,ios,paid_search,18-24,true
4665,2025-09-10,JP,ios,organic,55+,true
4666,2025-09-10,KR,android,organic,25-34,true
4667,2025-09-10,KR,ios,social,18-24,true
4668,2025-09-10,KR,android,social,18-24,false
4669,2025-09-10,US,android,referral,25-34,true
4670,2025-09-10,KR,android,referral,25-34,true
4671,2025-09-11,US,ios,social,25-34,false
4672,2025-09-11,KR,android,paid_search,55+,false
4673,2025-09-11,JP,ios,paid_search,45-54,false
4674,2025-09-11,US,android,organic,25-34,true
4675,2025-09-11,JP,android,organic,35-44,true
4676,2025-09-11,KR,android,paid_search,18-24,false
4677,2025-09-11,US,android,email,25-34,true
4678,2025-09-11,KR,android,organic,55+,false
4679,2025-09-11,US,android,social,25-34,true
4680,2025-09-11,JP,ios,referral,35-44,false
4681,2025-09-11,KR,ios,organic,35-44,true
4682,2025-09-11,TW,web,organic,35-44,true
4683,2025-09-11,KR,ios,referral,45-54,true
4684,2025-09-11,KR,android,paid_search,18-24,false
4685,2025-09-11,VN,android,referral,35-44,false
4686,2025-09-11,US,android,paid_search,25-34,false
4687,2025-09-11,KR,ios,paid_search,25-34,true
4688,2025-09-12,KR,web,paid_search,25-34,false
4689,2025-09-12,US,ios,paid_search,25-34,true
4690,2025-09-12,JP,ios,paid_search,25-34,true
4691,2025-09-12,KR,web,paid_search,25-34,false
4692,2025-09-12,KR,android,paid_search,18-24,true
4693,2025-09-12,KR,android,social,18-24,true
4694,2025-09-12,US,ios,organic,35-44,true
4695,2025-09-12,VN,ios,referral,25-34,true
4696,2025-09-12,KR,web,paid_search,18-24,false
4697,2025-09-12,KR,ios,organic,45-54,true
4698,2025-09-12,KR,web,social,25-34,false
4699,2025-09-12,KR,android,organic,35-44,false
4700,2025-09-12,KR,ios,organic,35-44,false
4701,2025-09-12,JP,web,referral,55+,false
4702,2025-09-12,KR,android,organic,18-24,true
4703,2025-09-13,KR,android,paid_search,18-24,false
4704,2025-09-13,KR,ios,organic,18-24,false
4705,2025-09-13,KR,web,organic,45-54,true
4706,2025-09-13,KR,ios,organic,55+,false
4707,2025-09-13,KR,android,organic,55+,true
4708,2025-09-13,KR,ios,organic,55+,true
4709,2025-09-13,KR,web,organic,18-24,false
4710,2025-09-13,KR,web,paid_search,25-34,true
4711,2025-09-13,KR,android,paid_search,35-44,true
4712,2025-09-13,JP,ios,email,25-34,false
4713,2025-09-13,KR,ios,organic,45-54,false
4714,2025-09-13,JP,ios,paid_search,25-34,false
4715,2025-09-13,KR,web,social,25-34,false
4716,2025-09-13,KR,ios,organic,25-34,true
4717,2025-09-13,KR,android,paid_search,55+,false
4718,2025-09-13,KR,android,referral,25-34,true
4719,2025-09-13,VN,android,referral,45-54,true
4720,2025-09-13,JP,web,organic,18-24,true
4721,2025-09-13,JP,android,referral,25-34,false
4722,2025-09-13,KR,web,paid_search,35-44,true
4723,2025-09-13,KR,ios,referral,18-24,false
4724,2025-09-13,KR,android,organic,18-24,true
4725,2025-09-13,KR,android,social,25-34,false
4726,2025-09-13,KR,ios,organic,18-24,true
4727,2025-09-13,KR,android,organic,45-54,false
4728,2025-09-14,KR,android,organic,18-24,false
4729,2025-09-14,KR,ios,referral,45-54,true
4730,2025-09-14,JP,android,social,25-34,false
4731,2025-09-14,KR,ios,organic,25-34,true
4732,2025-09-14,KR,android,email,18-24,true
4733,2025-09-14,US,android,social,35-44,false
4734,2025-09-14,KR,ios,social,18-24,true
4735,2025-09-14,KR,android,paid_search,35-44,false
4736,2025-09-14,KR,web,referral,25-34,true
4737,2025-09-14,KR,web,paid_search,25-34,false
4738,2025-09-14,KR,ios,social,45-54,true
4739,2025-09-14,KR,android,paid_search,55+,true
4740,2025-09-14,KR,android,organic,18-24,false
4741,2025-09-14,JP,android,organic,18-24,true
4742,2025-09-14,KR,android,organic,35-44,false
4743,2025-09-14,TW,web,paid_search,35-44,true
4744,2025-09-14,KR,web,social,35-44,true
4745,2025-09-15,KR,web,organic,18-24,false
4746,2025-09-15,JP,ios,organic,35-44,false
4747,2025-09-15,KR,android,organic,35-44,false
4748,2025-09-15,US,android,organic,18-24,false
4749,2025-09-15,KR,android,paid_search,18-24,false
4750,2025-09-15,KR,web,organic,18-24,true
4751,2025-09-15,KR,android,paid_search,18-24,false
4752,2025-09-15,KR,ios,referral,35-44,true
4753,2025-09-15,TW,android,organic,18-24,false
4754,2025-09-15,KR,web,organic,18-24,false
4755,2025-09-15,TW,ios,organic,35-44,true
4756,2025-09-15,KR,ios,email,18-24,true
4757,2025-09-15,KR,ios,paid_search,25-34,false
4758,2025-09-15,KR,ios,referral,25-34,true
4759,2025-09-15,KR,android,social,35-44,false
4760,2025-09-15,KR,web,organic,25-34,true
4761,2025-09-15,KR,android,organic,35-44,false
4762,2025-09-15,KR,android,organic,45-54,true
4763,2025-09-15,KR,ios,organic,25-34,false
4764,2025-09-15,US,web,paid_search,25-34,false
4765,2025-09-15,KR,android,social,25-34,true
4766,2025-09-15,KR,android,organic,25-34,true
4767,2025-09-15,US,web,referral,45-54,true
4768,2025-09-15,KR,android,paid_search,35-44,true
4769,2025-09-16,VN,ios,paid_search,45-54,true
4770,2025-09-16,JP,android,social,45-54,true
4771,2025-09-16,KR,web,paid_search,35-44,true
4772,2025-09-16,KR,android,email,25-34,true
4773,2025-09-16,KR,android,organic,35-44,true
4774,2025-09-16,KR,ios,organic,45-54,false
4775,2025-09-16,JP,web,organic,45-54,true
4776,2025-09-16,JP,android,organic,25-34,true
4777,2025-09-16,KR,android,email,18-24,false
4778,2025-09-16,KR,ios,organic,25-34,true
4779,2025-09-16,KR,ios,organic,45-54,false
4780,2025-09-16,KR,android,email,18-24,true
4781,2025-09-16,KR,ios,referral,45-54,true
4782,2025-09-16,KR,web,organic,18-24,true
4783,2025-09-16,US,android,social,35-44,true
4784,2025-09-16,KR,web,referral,25-34,true
4785,2025-09-16,TW,android,organic,18-24,true
4786,2025-09-16,KR,android,organic,18-24,true
4787,2025-09-16,KR,ios,organic,45-54,false
4788,2025-09-17,KR,android,referral,18-24,false
4789,2025-09-17,KR,android,paid_search,25-34,false
4790,2025-09-17,JP,ios,paid_search,55+,false
4791,2025-09-17,KR,ios,organic,18-24,false
4792,2025-09-17,JP,web,organic,55+,false
4793,2025-09-17,KR,web,paid_search,25-34,true
4794,2025-09-17,KR,ios,social,25-34,true
4795,2025-09-17,KR,android,email,25-34,false
4796,2025-09-17,TW,android,social,35-44,false
4797,2025-09-17,KR,android,paid_search,18-24,false
4798,2025-09-17,US,web,email,35-44,true
4799,2025-09-17,VN,ios,organic,25-34,false
4800,2025-09-17,KR,web,organic,45-54,false
4801,2025-09-17,TW,ios,social,35-44,true
4802,2025-09-17,KR,ios,organic,25-34,false
4803,2025-09-17,KR,android,organic,18-24,false
4804,2025-09-17,JP,android,social,55+,false
4805,2025-09-17,KR,ios,organic,35-44,true
4806,2025-09-17,KR,ios,email,18-24,false
4807,2025-09-17,VN,android,organic,45-54,false
4808,2025-09-17,KR,android,organic,35-44,false
4809,2025-09-17,KR,web,paid_search,45-54,false
4810,2025-09-17,KR,web,referral,25-34,false
4811,2025-09-17,KR,ios,organic,25-34,true
4812,2025-09-18,KR,web,paid_search,45-54,true
4813,2025-09-18,KR,android,organic,25-34,false
4814,2025-09-18,KR,android,social,18-24,false
4815,2025-09-18,KR,ios,paid_search,25-34,false
4816,2025-09-18,VN,android,paid_search,55+,false
4817,2025-09-18,KR,ios,organic,18-24,true
4818,2025-09-18,KR,web,paid_search,25-34,false
4819,2025-09-18,KR,ios,organic,35-44,true
4820,2025-09-18,KR,web,social,45-54,false
4821,2025-09-18,KR,ios,paid_search,25-34,true
4822,2025-09-18,KR,android,paid_search,35-44,true
4823,2025-09-18,VN,ios,social,35-44,true
4824,2025-09-18,US,web,social,55+,true
4825,2025-09-19,VN,web,social,45-54,false
4826,2025-09-19,KR,android,paid_search,35-44,true
4827,2025-09-19,JP,android,organic,18-24,true
4828,2025-09-19,KR,ios,organic,25-34,true
4829,2025-09-19,KR,ios,social,35-44,false
4830,2025-09-19,KR,ios,organic,35-44,true
4831,2025-09-19,KR,android,organic,35-44,false
4832,2025-09-19,US,android,organic,25-34,true
4833,2025-09-19,KR,android,organic,18-24,false
4834,2025-09-19,US,ios,paid_search,55+,true
4835,2025-09-19,JP,ios,email,18-24,true
4836,2025-09-19,TW,android,organic,45-54,false
4837,2025-09-19,KR,ios,organic,55+,true
4838,2025-09-20,KR,ios,organic,25-34,true
4839,2025-09-20,KR,ios,organic,18-24,true
4840,2025-09-20,JP,ios,organic,35-44,false
4841,2025-09-20,KR,web,organic,18-24,true
4842,2025-09-20,KR,web,paid_search,45-54,false
4843,2025-09-20,US,android,referral,25-34,true
4844,2025-09-20,KR,web,social,25-34,false
4845,2025-09-20,KR,android,organic,25-34,true
4846,2025-09-20,US,web,organic,18-24,true
4847,2025-09-20,JP,android,paid_search,18-24,true
4848,2025-09-20,VN,android,organic,25-34,true
4849,2025-09-20,KR,ios,social,25-34,true
4850,2025-09-20,KR,ios,paid_search,45-54,true
4851,2025-09-20,JP,ios,organic,18-24,false
4852,2025-09-20,KR,android,organic,35-44,true
4853,2025-09-21,KR,android,organic,25-34,false
4854,2025-09-21,JP,android,organic,18-24,true
4855,2025-09-21,KR,ios,organic,25-34,true
4856,2025-09-21,KR,ios,organic,25-34,false
4857,2025-09-21,KR,ios,referral,25-34,true
4858,2025-09-21,JP,android,email,45-54,false
4859,2025-09-21,KR,android,organic,35-44,false
4860,2025-09-21,KR,web,paid_search,18-24,false
4861,2025-09-21,KR,android,paid_search,18-24,true
4862,2025-09-21,KR,web,social,45-54,false
4863,2025-09-21,KR,android,social,25-34,true
4864,2025-09-21,JP,web,email,25-34,false
4865,2025-09-21,KR,web,social,55+,false
4866,2025-09-21,KR,web,social,25-34,true
4867,2025-09-21,JP,ios,organic,35-44,true
4868,2025-09-21,KR,android,organic,35-44,true
4869,2025-09-22,US,android,referral,35-44,false
4870,2025-09-22,KR,android,organic,25-34,true
4871,2025-09-22,KR,ios,paid_search,25-34,false
4872,2025-09-22,KR,ios,paid_search,25-34,false
4873,2025-09-22,JP,ios,organic,35-44,false
4874,2025-09-22,KR,android,organic,35-44,true
4875,2025-09-22,JP,android,referral,55+,true
4876,2025-09-22,JP,android,referral,25-34,true
4877,2025-09-22,TW,ios,email,25-34,true
4878,2025-09-22,TW,android,paid_search,25-34,true
4879,2025-09-22,KR,android,paid_search,25-34,true
4880,2025-09-22,VN,web,paid_search,55+,true
4881,2025-09-22,KR,android,referral,25-34,true
4882,2025-09-22,TW,android,social,35-44,false
4883,2025-09-22,KR,android,organic,18-24,false
4884,2025-09-22,KR,ios,organic,45-54,false
4885,2025-09-23,KR,android,social,35-44,true
4886,2025-09-23,KR,android,organic,35-44,true
4887,2025-09-23,US,android,social,35-44,true
4888,2025-09-23,KR,android,social,45-54,true
4889,2025-09-23,JP,ios,organic,25-34,false
4890,2025-09-23,KR,android,social,18-24,true
4891,2025-09-23,KR,ios,paid_search,25-34,false
4892,2025-09-23,US,web,organic,25-34,true
4893,2025-09-23,KR,android,paid_search,35-44,false
4894,2025-09-23,KR,web,organic,55+,false
4895,2025-09-23,KR,android,organic,45-54,true
4896,2025-09-23,US,ios,email,25-34,false
4897,2025-09-23,US,ios,organic,35-44,false
4898,2025-09-23,US,ios,referral,45-54,false
4899,2025-09-23,KR,ios,email,35-44,false
4900,2025-09-23,VN,ios,social,35-44,false
4901,2025-09-23,JP,android,organic,45-54,false
4902,2025-09-23,KR,web,organic,25-34,false
4903,2025-09-23,KR,web,referral,25-34,true
4904,2025-09-23,US,android,paid_search,35-44,true
4905,2025-09-23,KR,android,social,25-34,true
4906,2025-09-24,KR,android,organic,35-44,false
4907,2025-09-24,KR,android,referral,25-34,true
4908,2025-09-24,KR,android,referral,35-44,false
4909,2025-09-24,JP,ios,organic,35-44,false
4910,2025-09-24,KR,android,paid_search,25-34,false
4911,2025-09-24,JP,web,organic,45-54,true
4912,2025-09-24,KR,web,email,55+,true
4913,2025-09-24,KR,android,referral,25-34,true
4914,2025-09-24,KR,ios,organic,35-44,true
4915,2025-09-24,JP,android,paid_search,25-34,false
4916,2025-09-24,KR,web,paid_search,35-44,false
4917,2025-09-24,KR,ios,referral,25-34,true
4918,2025-09-24,TW,ios,social,35-44,false
4919,2025-09-24,KR,ios,referral,45-54,true
4920,2025-09-24,KR,android,organic,45-54,false
4921,2025-09-24,KR,web,referral,35-44,false
4922,2025-09-24,KR,web,organic,25-34,false
4923,2025-09-24,KR,android,paid_search,25-34,false
4924,2025-09-25,KR,ios,organic,55+,false
4925,2025-09-25,KR,android,social,25-34,true
4926,2025-09-25,KR,ios,referral,25-34,false
4927,2025-09-25,KR,android,email,25-34,true
4928,2025-09-25,KR,ios,organic,35-44,true
4929,2025-09-25,KR,android,paid_search,45-54,true
4930,2025-09-25,KR,android,referral,25-34,false
4931,2025-09-25,KR,ios,organic,35-44,true
4932,2025-09-25,KR,android,organic,25-34,true
4933,2025-09-25,US,android,organic,25-34,false
4934,2025-09-25,KR,android,organic,18-24,true
4935,2025-09-26,US,web,organic,35-44,false
4936,2025-09-26,US,android,organic,55+,true
4937,2025-09-26,KR,ios,paid_search,18-24,false
4938,2025-09-26,VN,android,email,45-54,false
4939,2025-09-26,KR,web,paid_search,25-34,false
4940,2025-09-26,KR,web,paid_search,25-34,false
4941,2025-09-26,KR,android,referral,25-34,true
4942,2025-09-26,JP,ios,paid_search,25-34,true
4943,2025-09-26,TW,ios,social,35-44,true
4944,2025-09-26,VN,ios,paid_search,45-54,false
4945,2025-09-26,KR,web,email,25-34,false
4946,2025-09-26,KR,ios,paid_search,25-34,false
4947,2025-09-26,KR,ios,paid_search,18-24,false
4948,2025-09-26,KR,ios,organic,18-24,false
4949,2025-09-26,KR,android,social,25-34,true
4950,2025-09-26,KR,ios,organic,55+,true
4951,2025-09-26,KR,web,email,25-34,true
4952,2025-09-26,KR,web,paid_search,25-34,true
4953,2025-09-26,KR,android,organic,25-34,true
4954,2025-09-26,JP,ios,referral,25-34,true
4955,2025-09-26,KR,android,organic,25-34,true
4956,2025-09-26,KR,web,organic,45-54,false
4957,2025-09-26,KR,ios,paid_search,45-54,true
4958,2025-09-27,KR,ios,paid_search,18-24,true
4959,2025-09-27,KR,android,organic,55+,true
4960,2025-09-27,KR,ios,organic,25-34,true
4961,2025-09-27,US,web,organic,35-44,false
4962,2025-09-27,US,ios,social,18-24,true
4963,2025-09-27,US,ios,paid_search,25-34,false
4964,2025-09-27,KR,ios,social,25-34,true
4965,2025-09-27,KR,web,social,18-24,true
4966,2025-09-27,JP,ios,social,25-34,false
4967,2025-09-27,KR,web,paid_search,35-44,true
4968,2025-09-27,KR,ios,organic,25-34,true
4969,2025-09-27,TW,web,social,25-34,true
4970,2025-09-27,KR,ios,paid_search,45-54,true
4971,2025-09-27,KR,ios,paid_search,18-24,true
4972,2025-09-27,KR,ios,social,55+,true
4973,2025-09-27,KR,ios,social,25-34,false
4974,2025-09-27,KR,web,organic,18-24,true
4975,2025-09-27,KR,ios,referral,35-44,false
4976,2025-09-27,VN,android,referral,35-44,true
4977,2025-09-27,KR,web,social,35-44,true
4978,2025-09-27,US,android,social,35-44,true
4979,2025-09-27,KR,android,organic,25-34,true
4980,2025-09-27,KR,ios,organic,45-54,true
4981,2025-09-27,VN,android,organic,35-44,true
4982,2025-09-27,TW,ios,referral,25-34,false
4983,2025-09-27,KR,android,organic,45-54,true
4984,2025-09-27,KR,android,paid_search,35-44,false
4985,2025-09-27,KR,android,paid_search,35-44,true
4986,2025-09-27,KR,web,email,55+,false
4987,2025-09-27,KR,android,organic,35-44,true
4988,2025-09-27,TW,ios,organic,45-54,true
4989,2025-09-28,KR,android,email,25-34,true
4990,2025-09-28,KR,android,organic,35-44,true
4991,2025-09-28,VN,android,social,25-34,true
4992,2025-09-28,KR,android,organic,18-24,true
4993,2025-09-28,KR,ios,paid_search,45-54,true
4994,2025-09-28,JP,ios,email,25-34,true
4995,2025-09-28,KR,android,paid_search,25-34,false
4996,2025-09-28,US,android,referral,18-24,true
4997,2025-09-28,KR,ios,referral,45-54,false
4998,2025-09-28,KR,ios,social,18-24,false
4999,2025-09-28,KR,web,social,18-24,true
5000,2025-09-28,KR,ios,referral,25-34,true
5001,2025-09-28,KR,ios,organic,45-54,false
5002,2025-09-28,VN,android,organic,18-24,true
5003,2025-09-28,KR,ios,social,18-24,false
5004,2025-09-28,KR,android,paid_search,35-44,true
5005,2025-09-28,KR,ios,organic,25-34,false
5006,2025-09-28,JP,ios,organic,25-34,false
5007,2025-09-28,KR,android,organic,35-44,true
5008,2025-09-28,KR,android,social,25-34,false
5009,2025-09-28,US,android,email,45-54,true
5010,2025-09-28,JP,android,paid_search,25-34,false
5011,2025-09-28,VN,ios,social,35-44,false
5012,2025-09-28,KR,ios,organic,18-24,true
5013,2025-09-29,KR,ios,referral,25-34,true
5014,2025-09-29,JP,ios,social,45-54,true
5015,2025-09-29,KR,ios,paid_search,35-44,true
5016,2025-09-29,KR,android,organic,18-24,true
5017,2025-09-29,KR,android,referral,35-44,true
5018,2025-09-29,KR,android,social,55+,true
5019,2025-09-29,KR,ios,email,35-44,false
5020,2025-09-29,JP,web,paid_search,55+,false
5021,2025-09-29,US,web,paid_search,35-44,false
5022,2025-09-29,JP,android,social,25-34,false
5023,2025-09-29,US,android,paid_search,45-54,false
5024,2025-09-29,KR,android,social,35-44,true
5025,2025-09-29,KR,web,email,25-34,false
5026,2025-09-29,KR,ios,social,18-24,true
5027,2025-09-29,VN,android,organic,25-34,false
5028,2025-09-29,KR,ios,paid_search,35-44,false
5029,2025-09-29,VN,android,referral,55+,true
5030,2025-09-30,KR,android,referral,18-24,true
5031,2025-09-30,KR,web,organic,25-34,true
5032,2025-09-30,TW,android,paid_search,45-54,true
5033,2025-09-30,VN,ios,organic,25-34,true
5034,2025-09-30,US,android,organic,35-44,true
5035,2025-09-30,KR,ios,email,35-44,false
5036,2025-09-30,JP,android,organic,35-44,true
5037,2025-09-30,TW,ios,paid_search,35-44,true
5038,2025-09-30,KR,android,social,45-54,true
5039,2025-09-30,KR,web,organic,25-34,true
5040,2025-09-30,JP,android,organic,18-24,true
5041,2025-09-30,KR,ios,social,55+,false
5042,2025-09-30,US,web,social,35-44,false
5043,2025-09-30,KR,android,organic,35-44,false
5044,2025-10-01,JP,android,social,45-54,false
5045,2025-10-01,KR,ios,paid_search,45-54,true
5046,2025-10-01,US,ios,email,25-34,false
5047,2025-10-01,JP,android,social,18-24,true
5048,2025-10-01,KR,android,social,25-34,false
5049,2025-10-01,KR,ios,paid_search,35-44,true
5050,2025-10-01,VN,android,paid_search,25-34,false
5051,2025-10-01,US,android,organic,25-34,true
5052,2025-10-01,KR,android,organic,45-54,true
5053,2025-10-01,KR,web,paid_search,18-24,true
5054,2025-10-01,KR,android,referral,35-44,false
5055,2025-10-01,KR,ios,organic,35-44,true
5056,2025-10-01,KR,web,organic,25-34,true
5057,2025-10-01,KR,ios,organic,25-34,false
5058,2025-10-01,KR,android,social,35-44,false
5059,2025-10-01,KR,ios,organic,25-34,false
5060,2025-10-02,KR,ios,organic,45-54,true
5061,2025-10-02,KR,web,social,25-34,true
5062,2025-10-02,KR,ios,email,35-44,false
5063,2025-10-02,JP,web,organic,18-24,false
5064,2025-10-02,KR,android,paid_search,25-34,true
5065,2025-10-02,JP,ios,organic,25-34,true
5066,2025-10-02,KR,web,social,35-44,true
5067,2025-10-02,TW,web,referral,25-34,true
5068,2025-10-02,KR,ios,organic,45-54,true
5069,2025-10-02,KR,web,email,25-34,true
5070,2025-10-02,US,web,social,25-34,false
5071,2025-10-02,JP,ios,paid_search,45-54,false
5072,2025-10-02,KR,android,social,25-34,true
5073,2025-10-02,KR,web,organic,45-54,true
5074,2025-10-02,US,web,email,45-54,true
5075,2025-10-02,KR,ios,social,25-34,true
5076,2025-10-02,KR,android,organic,25-34,false
5077,2025-10-02,KR,web,social,35-44,true
5078,2025-10-02,KR,android,organic,45-54,false
5079,2025-10-02,KR,android,paid_search,25-34,true
5080,2025-10-02,KR,web,organic,35-44,true
5081,2025-10-02,KR,android,social,35-44,false
5082,2025-10-02,KR,android,organic,45-54,true
5083,2025-10-03,KR,android,organic,35-44,false
5084,2025-10-03,KR,android,email,35-44,true
5085,2025-10-03,US,android,social,35-44,true
5086,2025-10-03,US,ios,referral,45-54,false
5087,2025-10-03,KR,android,organic,25-34,true
5088,2025-10-03,KR,android,email,25-34,true
5089,2025-10-03,JP,ios,social,35-44,false
5090,2025-10-03,KR,web,email,18-24,true
5091,2025-10-03,US,ios,paid_search,35-44,true
5092,2025-10-03,KR,android,organic,18-24,false
5093,2025-10-03,US,android,paid_search,18-24,false
5094,2025-10-03,KR,web,social,18-24,false
5095,2025-10-04,VN,web,social,18-24,false
5096,2025-10-04,KR,android,organic,45-54,true
5097,2025-10-04,KR,ios,organic,25-34,true
5098,2025-10-04,KR,ios,organic,18-24,true
5099,2025-10-04,KR,android,social,25-34,false
5100,2025-10-04,KR,android,organic,25-34,false
5101,2025-10-04,JP,android,paid_search,25-34,false
5102,2025-10-04,KR,ios,organic,55+,false
5103,2025-10-04,KR,ios,social,25-34,true
5104,2025-10-04,KR,android,paid_search,35-44,false
5105,2025-10-04,KR,ios,organic,45-54,true
5106,2025-10-04,KR,ios,organic,25-34,true
5107,2025-10-04,KR,ios,social,35-44,true
5108,2025-10-04,US,web,organic,35-44,false
5109,2025-10-04,KR,ios,organic,25-34,true
5110,2025-10-04,KR,web,organic,25-34,true
5111,2025-10-04,KR,android,referral,25-34,true
5112,2025-10-05,KR,web,organic,25-34,true
5113,2025-10-05,KR,ios,email,18-24,true
5114,2025-10-05,KR,ios,email,35-44,false
5115,2025-10-05,US,android,paid_search,25-34,false
5116,2025-10-05,JP,android,paid_search,35-44,true
5117,2025-10-05,KR,android,paid_search,25-34,false
5118,2025-10-05,JP,ios,organic,18-24,true
5119,2025-10-05,KR,android,social,25-34,false
5120,2025-10-05,KR,android,paid_search,35-44,true
5121,2025-10-05,KR,ios,social,45-54,false
5122,2025-10-05,JP,ios,social,45-54,true
5123,2025-10-05,KR,ios,organic,18-24,false
5124,2025-10-05,JP,ios,email,45-54,false
5125,2025-10-05,TW,web,organic,55+,true
5126,2025-10-05,KR,ios,social,55+,true
5127,2025-10-05,KR,ios,referral,18-24,false
5128,2025-10-05,KR,ios,email,55+,true
5129,2025-10-05,JP,web,organic,18-24,false
5130,2025-10-05,KR,android,paid_search,35-44,true
5131,2025-10-06,KR,ios,paid_search,35-44,false
5132,2025-10-06,KR,android,organic,25-34,false
5133,2025-10-06,KR,android,organic,25-34,false
5134,2025-10-06,JP,android,referral,45-54,false
5135,2025-10-06,KR,ios,social,35-44,true
5136,2025-10-06,KR,ios,organic,25-34,false
5137,2025-10-06,JP,web,social,25-34,false
5138,2025-10-06,US,android,paid_search,35-44,true
5139,2025-10-06,KR,ios,paid_search,45-54,true
5140,2025-10-06,KR,android,referral,25-34,true
5141,2025-10-06,KR,android,referral,25-34,false
5142,2025-10-06,KR,android,organic,45-54,true
5143,2025-10-06,KR,android,organic,18-24,true
5144,2025-10-06,KR,android,social,35-44,false
5145,2025-10-06,KR,android,social,35-44,true
5146,2025-10-06,VN,android,referral,35-44,true
5147,2025-10-06,VN,web,referral,45-54,false
5148,2025-10-06,JP,ios,paid_search,35-44,false
5149,2025-10-07,KR,android,email,25-34,true
5150,2025-10-07,JP,ios,organic,35-44,false
5151,2025-10-07,KR,ios,paid_search,35-44,true
5152,2025-10-07,KR,android,email,25-34,false
5153,2025-10-07,JP,ios,referral,25-34,true
5154,2025-10-07,KR,ios,social,35-44,false
5155,2025-10-07,JP,android,email,45-54,true
5156,2025-10-07,JP,web,paid_search,18-24,true
5157,2025-10-07,TW,android,social,45-54,true
5158,2025-10-07,TW,android,social,25-34,true
5159,2025-10-07,KR,ios,organic,25-34,false
5160,2025-10-07,VN,ios,organic,35-44,false
5161,2025-10-07,KR,web,organic,25-34,false
5162,2025-10-07,KR,android,email,25-34,true
5163,2025-10-07,KR,web,referral,25-34,true
5164,2025-10-07,KR,ios,referral,25-34,false
5165,2025-10-07,JP,ios,social,35-44,true
5166,2025-10-07,KR,web,social,35-44,true
5167,2025-10-07,JP,android,organic,25-34,true
5168,2025-10-07,JP,ios,referral,25-34,false
5169,2025-10-08,KR,android,paid_search,35-44,false
5170,2025-10-08,KR,ios,organic,25-34,false
5171,2025-10-08,KR,android,paid_search,55+,true
5172,2025-10-08,TW,android,email,35-44,true
5173,2025-10-08,US,android,organic,25-34,false
5174,2025-10-08,JP,ios,referral,25-34,true
5175,2025-10-08,KR,ios,social,25-34,true
5176,2025-10-08,KR,web,social,25-34,false
5177,2025-10-08,KR,web,organic,18-24,true
5178,2025-10-08,KR,ios,social,25-34,true
5179,2025-10-08,KR,android,referral,18-24,false
5180,2025-10-08,JP,android,organic,25-34,true
5181,2025-10-08,JP,android,organic,25-34,false
5182,2025-10-08,KR,android,email,25-34,false
5183,2025-10-08,JP,ios,organic,45-54,true
5184,2025-10-08,KR,android,social,25-34,true
5185,2025-10-08,KR,android,social,45-54,true
5186,2025-10-08,JP,android,social,35-44,true
5187,2025-10-08,KR,android,social,25-34,true
5188,2025-10-09,KR,ios,organic,25-34,true
5189,2025-10-09,KR,web,paid_search,25-34,false
5190,2025-10-09,KR,ios,paid_search,25-34,false
5191,2025-10-09,KR,android,organic,25-34,false
5192,2025-10-09,KR,android,organic,35-44,true
5193,2025-10-09,US,android,email,25-34,false
5194,2025-10-09,KR,ios,social,55+,false
5195,2025-10-09,KR,android,organic,35-44,true
5196,2025-10-09,KR,ios,email,18-24,true
5197,2025-10-09,KR,android,organic,35-44,true
5198,2025-10-09,KR,ios,organic,35-44,true
5199,2025-10-09,JP,android,organic,25-34,true
5200,2025-10-09,KR,android,referral,18-24,true
5201,2025-10-09,KR,ios,paid_search,35-44,false
5202,2025-10-09,KR,ios,paid_search,35-44,true
5203,2025-10-09,KR,android,paid_search,18-24,false
5204,2025-10-10,KR,ios,organic,18-24,false
5205,2025-10-10,KR,web,email,55+,true
5206,2025-10-10,KR,web,social,25-34,false
5207,2025-10-10,KR,android,email,55+,true
5208,2025-10-10,KR,android,social,35-44,true
5209,2025-10-10,KR,android,email,45-54,true
5210,2025-10-10,KR,android,paid_search,18-24,false
5211,2025-10-10,JP,android,referral,55+,false
5212,2025-10-10,VN,android,referral,55+,false
5213,2025-10-10,KR,ios,paid_search,35-44,true
5214,2025-10-10,JP,android,organic,18-24,false
5215,2025-10-10,KR,web,referral,25-34,false
5216,2025-10-10,US,web,paid_search,55+,true
5217,2025-10-10,KR,android,social,55+,true
5218,2025-10-11,KR,android,referral,35-44,true
5219,2025-10-11,US,android,referral,45-54,true
5220,2025-10-11,TW,android,email,25-34,false
5221,2025-10-11,KR,ios,email,25-34,true
5222,2025-10-11,US,android,paid_search,55+,true
5223,2025-10-11,KR,android,social,25-34,true
5224,2025-10-11,KR,ios,organic,45-54,true
5225,2025-10-11,KR,web,paid_search,55+,false
5226,2025-10-11,KR,android,organic,25-34,true
5227,2025-10-11,KR,ios,referral,25-34,true
5228,2025-10-11,KR,ios,social,35-44,true
5229,2025-10-11,KR,android,referral,25-34,false
5230,2025-10-11,KR,android,paid_search,18-24,false
5231,2025-10-11,KR,ios,email,18-24,false
5232,2025-10-11,KR,ios,organic,35-44,false
5233,2025-10-11,KR,android,organic,35-44,false
5234,2025-10-12,KR,web,social,25-34,false
5235,2025-10-12,KR,ios,social,55+,true
5236,2025-10-12,KR,ios,paid_search,35-44,true
5237,2025-10-12,KR,android,organic,25-34,false
5238,2025-10-12,KR,android,organic,25-34,false
5239,2025-10-12,JP,ios,organic,25-34,false
5240,2025-10-12,JP,android,organic,55+,false
5241,2025-10-12,KR,android,paid_search,35-44,true
5242,2025-10-12,KR,android,social,25-34,true
5243,2025-10-12,KR,android,referral,35-44,false
5244,2025-10-12,JP,android,paid_search,18-24,false
5245,2025-10-12,KR,web,social,25-34,true
5246,2025-10-12,KR,android,email,45-54,true
5247,2025-10-12,KR,ios,organic,55+,false
5248,2025-10-12,KR,web,organic,55+,false
5249,2025-10-12,KR,android,organic,35-44,true
5250,2025-10-12,KR,android,paid_search,18-24,false
5251,2025-10-12,KR,android,social,18-24,false
5252,2025-10-13,KR,ios,paid_search,35-44,true
5253,2025-10-13,KR,android,social,25-34,true
5254,2025-10-13,KR,ios,social,25-34,true
5255,2025-10-13,KR,android,paid_search,25-34,false
5256,2025-10-13,KR,ios,organic,25-34,false
5257,2025-10-13,KR,ios,paid_search,35-44,false
5258,2025-10-13,KR,ios,social,35-44,false
5259,2025-10-14,KR,android,organic,55+,false
5260,2025-10-14,KR,android,paid_search,25-34,false
5261,2025-10-14,KR,ios,email,55+,true
5262,2025-10-14,KR,web,paid_search,55+,true
5263,2025-10-14,JP,android,organic,35-44,true
5264,2025-10-14,KR,ios,organic,18-24,true
5265,2025-10-14,KR,ios,organic,45-54,true
5266,2025-10-14,JP,ios,organic,25-34,true
5267,2025-10-14,KR,android,organic,25-34,false
5268,2025-10-14,KR,android,paid_search,25-34,true
5269,2025-10-14,KR,android,email,25-34,false
5270,2025-10-14,KR,ios,paid_search,55+,true
5271,2025-10-14,JP,android,referral,45-54,false
5272,2025-10-14,KR,android,email,35-44,true
5273,2025-10-14,US,android,paid_search,35-44,true
5274,2025-10-14,KR,ios,referral,35-44,false
5275,2025-10-14,KR,web,organic,25-34,false
5276,2025-10-14,KR,web,social,25-34,true
5277,2025-10-14,US,android,social,18-24,true
5278,2025-10-14,US,web,organic,18-24,true
5279,2025-10-14,KR,web,paid_search,25-34,false
5280,2025-10-15,JP,ios,referral,25-34,true
5281,2025-10-15,VN,ios,email,35-44,false
5282,2025-10-15,KR,android,referral,45-54,false
5283,2025-10-15,KR,android,paid_search,25-34,true
5284,2025-10-15,JP,android,organic,45-54,false
5285,2025-10-15,KR,web,referral,25-34,false
5286,2025-10-15,VN,android,organic,35-44,false
5287,2025-10-15,KR,ios,organic,45-54,true
5288,2025-10-15,TW,android,referral,18-24,false
5289,2025-10-15,US,ios,organic,45-54,false
5290,2025-10-15,KR,android,referral,35-44,true
5291,2025-10-15,KR,ios,referral,45-54,true
5292,2025-10-15,KR,ios,organic,55+,false
5293,2025-10-15,KR,ios,organic,35-44,true
5294,2025-10-15,KR,web,paid_search,45-54,true
5295,2025-10-15,KR,web,referral,35-44,false
5296,2025-10-15,KR,android,organic,25-34,true
5297,2025-10-15,KR,ios,organic,25-34,false
5298,2025-10-16,VN,ios,organic,45-54,true
5299,2025-10-16,JP,ios,social,25-34,false
5300,2025-10-16,KR,ios,paid_search,25-34,false
5301,2025-10-16,KR,ios,paid_search,25-34,false
5302,2025-10-16,US,ios,paid_search,35-44,true
5303,2025-10-16,KR,android,paid_search,35-44,false
5304,2025-10-16,JP,android,social,25-34,false
5305,2025-10-16,KR,android,paid_search,25-34,true
5306,2025-10-16,KR,ios,paid_search,25-34,false
5307,2025-10-16,TW,web,email,55+,true
5308,2025-10-16,KR,ios,organic,45-54,false
5309,2025-10-16,KR,web,social,25-34,true
5310,2025-10-16,TW,android,organic,18-24,false
5311,2025-10-16,US,android,email,25-34,false
5312,2025-10-16,KR,android,referral,45-54,true
5313,2025-10-16,US,android,organic,35-44,true
5314,2025-10-16,KR,android,organic,25-34,false
5315,2025-10-16,KR,android,paid_search,25-34,true
5316,2025-10-16,KR,web,email,25-34,true
5317,2025-10-16,KR,android,paid_search,25-34,false
5318,2025-10-16,KR,web,paid_search,25-34,false
5319,2025-10-16,KR,ios,organic,35-44,false
5320,2025-10-16,KR,ios,organic,25-34,true
5321,2025-10-17,KR,android,social,35-44,false
5322,2025-10-17,KR,ios,social,18-24,false
5323,2025-10-17,KR,android,referral,25-34,true
5324,2025-10-17,VN,ios,paid_search,25-34,true
5325,2025-10-17,KR,web,social,25-34,false
5326,2025-10-17,US,ios,paid_search,18-24,true
5327,2025-10-17,JP,android,referral,25-34,true
5328,2025-10-17,KR,ios,paid_search,25-34,false
5329,2025-10-17,KR,ios,organic,35-44,true
5330,2025-10-18,KR,android,organic,25-34,false
5331,2025-10-18,KR,ios,organic,18-24,false
5332,2025-10-18,JP,android,paid_search,25-34,true
5333,2025-10-18,KR,web,social,25-34,false
5334,2025-10-18,KR,ios,organic,25-34,true
5335,2025-10-18,VN,ios,organic,18-24,true
5336,2025-10-18,KR,ios,organic,25-34,true
5337,2025-10-18,KR,web,organic,35-44,false
5338,2025-10-18,KR,android,paid_search,55+,true
5339,2025-10-18,KR,android,referral,25-34,false
5340,2025-10-18,KR,android,referral,35-44,true
5341,2025-10-18,JP,ios,email,45-54,false
5342,2025-10-18,KR,ios,organic,25-34,false
5343,2025-10-18,US,android,paid_search,55+,false
5344,2025-10-18,JP,android,social,25-34,true
5345,2025-10-18,KR,android,organic,55+,false
5346,2025-10-18,KR,ios,organic,35-44,false
5347,2025-10-18,KR,ios,organic,25-34,false
5348,2025-10-18,KR,ios,paid_search,45-54,true
5349,2025-10-18,KR,android,email,18-24,true
5350,2025-10-19,KR,ios,referral,35-44,true
5351,2025-10-19,US,android,paid_search,25-34,false
5352,2025-10-19,VN,ios,paid_search,55+,true
5353,2025-10-19,KR,ios,social,35-44,true
5354,2025-10-19,KR,android,social,18-24,true
5355,2025-10-19,KR,ios,organic,45-54,false
5356,2025-10-19,KR,web,social,55+,false
5357,2025-10-19,KR,android,organic,25-34,true
5358,2025-10-19,KR,ios,referral,55+,true
5359,2025-10-19,KR,web,paid_search,55+,true
5360,2025-10-19,KR,android,paid_search,25-34,false
5361,2025-10-19,KR,ios,paid_search,25-34,true
5362,2025-10-19,KR,ios,referral,55+,true
5363,2025-10-19,JP,web,organic,25-34,true
5364,2025-10-19,KR,ios,paid_search,25-34,true
5365,2025-10-19,KR,ios,paid_search,25-34,true
5366,2025-10-19,KR,android,organic,35-44,false
5367,2025-10-19,KR,ios,social,18-24,false
5368,2025-10-19,JP,android,organic,35-44,false
5369,2025-10-20,KR,android,organic,45-54,false
5370,2025-10-20,KR,ios,paid_search,45-54,true
5371,2025-10-20,KR,android,organic,18-24,false
5372,2025-10-20,KR,android,organic,25-34,true
5373,2025-10-20,KR,web,organic,25-34,false
5374,2025-10-20,KR,web,paid_search,18-24,true
5375,2025-10-20,KR,web,email,35-44,true
5376,2025-10-20,KR,android,organic,18-24,true
5377,2025-10-20,KR,android,paid_search,18-24,true
5378,2025-10-20,JP,android,organic,45-54,false
5379,2025-10-20,KR,ios,email,25-34,true
5380,2025-10-20,KR,ios,social,45-54,false
5381,2025-10-20,KR,android,organic,45-54,true
5382,2025-10-20,KR,web,email,25-34,true
5383,2025-10-20,KR,android,organic,25-34,true
5384,2025-10-20,VN,web,email,45-54,true
5385,2025-10-20,KR,android,organic,35-44,true
5386,2025-10-20,VN,ios,paid_search,35-44,false
5387,2025-10-21,KR,android,paid_search,18-24,true
5388,2025-10-21,VN,ios,paid_search,25-34,true
5389,2025-10-21,TW,ios,referral,45-54,true
5390,2025-10-21,JP,web,email,35-44,true
5391,2025-10-21,KR,ios,social,25-34,false
5392,2025-10-21,JP,ios,referral,18-24,true
5393,2025-10-21,US,ios,organic,55+,false
5394,2025-10-21,US,ios,organic,25-34,true
5395,2025-10-21,TW,ios,social,18-24,true
5396,2025-10-21,KR,ios,organic,55+,false
5397,2025-10-21,KR,ios,social,35-44,true
5398,2025-10-21,JP,web,email,55+,true
5399,2025-10-21,KR,ios,organic,25-34,true
5400,2025-10-21,KR,android,social,55+,true
5401,2025-10-21,KR,android,paid_search,25-34,false
5402,2025-10-21,KR,android,email,25-34,false
5403,2025-10-21,KR,ios,organic,35-44,false
5404,2025-10-21,TW,android,organic,45-54,true
5405,2025-10-21,JP,ios,social,55+,true
5406,2025-10-21,KR,android,organic,25-34,false
5407,2025-10-22,KR,ios,social,35-44,true
5408,2025-10-22,TW,web,email,25-34,true
5409,2025-10-22,KR,web,referral,35-44,true
5410,2025-10-22,KR,android,organic,25-34,false
5411,2025-10-22,JP,android,social,18-24,true
5412,2025-10-22,KR,ios,organic,25-34,true
5413,2025-10-22,KR,android,social,18-24,true
5414,2025-10-22,KR,ios,social,45-54,true
5415,2025-10-22,KR,ios,organic,45-54,false
5416,2025-10-22,JP,web,paid_search,25-34,false
5417,2025-10-22,JP,android,social,25-34,true
5418,2025-10-22,KR,ios,organic,25-34,false
5419,2025-10-22,US,android,social,25-34,false
5420,2025-10-22,KR,android,social,18-24,false
5421,2025-10-22,KR,android,paid_search,35-44,false
5422,2025-10-22,KR,web,social,25-34,false
5423,2025-10-22,KR,android,paid_search,45-54,true
5424,2025-10-22,JP,web,email,35-44,false
5425,2025-10-22,KR,ios,paid_search,35-44,true
5426,2025-10-23,JP,ios,paid_search,25-34,false
5427,2025-10-23,KR,ios,paid_search,25-34,true
5428,2025-10-23,KR,web,social,25-34,true
5429,2025-10-23,KR,android,email,18-24,true
5430,2025-10-23,TW,ios,email,25-34,false
5431,2025-10-23,KR,web,referral,18-24,false
5432,2025-10-23,KR,ios,paid_search,35-44,true
5433,2025-10-23,KR,ios,organic,18-24,true
5434,2025-10-23,US,ios,referral,25-34,true
5435,2025-10-23,KR,ios,social,25-34,true
5436,2025-10-23,KR,android,paid_search,18-24,true
5437,2025-10-23,KR,web,organic,25-34,true
5438,2025-10-23,VN,ios,social,35-44,true
5439,2025-10-23,JP,android,organic,25-34,true
5440,2025-10-23,KR,android,social,45-54,true
5441,2025-10-23,KR,ios,social,18-24,true
5442,2025-10-23,KR,android,organic,35-44,true
5443,2025-10-23,JP,android,social,18-24,false
5444,2025-10-23,KR,android,email,18-24,false
5445,2025-10-23,KR,android,paid_search,25-34,false
5446,2025-10-24,TW,web,email,25-34,false
5447,2025-10-24,KR,ios,paid_search,25-34,false
5448,2025-10-24,KR,android,organic,25-34,false
5449,2025-10-24,KR,ios,social,45-54,true
5450,2025-10-24,KR,web,organic,25-34,true
5451,2025-10-24,KR,web,email,25-34,false
5452,2025-10-24,US,android,social,55+,true
5453,2025-10-24,KR,android,social,25-34,true
5454,2025-10-24,JP,android,referral,45-54,true
5455,2025-10-24,KR,android,organic,25-34,true
5456,2025-10-25,VN,web,organic,45-54,false
5457,2025-10-25,KR,android,referral,25-34,false
5458,2025-10-25,KR,android,paid_search,25-34,false
5459,2025-10-25,KR,ios,paid_search,35-44,true
5460,2025-10-25,JP,ios,paid_search,45-54,true
5461,2025-10-25,KR,android,social,25-34,false
5462,2025-10-25,KR,android,paid_search,25-34,true
5463,2025-10-25,JP,android,organic,25-34,false
5464,2025-10-25,KR,android,paid_search,45-54,true
5465,2025-10-25,KR,ios,organic,55+,false
5466,2025-10-25,KR,ios,referral,18-24,false
5467,2025-10-25,KR,android,organic,25-34,true
5468,2025-10-25,KR,web,organic,35-44,true
5469,2025-10-25,KR,ios,social,35-44,false
5470,2025-10-26,VN,ios,organic,18-24,false
5471,2025-10-26,KR,web,email,18-24,true
5472,2025-10-26,KR,android,paid_search,25-34,false
5473,2025-10-26,JP,ios,organic,35-44,true
5474,2025-10-26,US,android,email,35-44,false
5475,2025-10-26,JP,android,organic,35-44,false
5476,2025-10-26,KR,android,organic,25-34,true
5477,2025-10-26,KR,android,referral,25-34,false
5478,2025-10-26,TW,ios,paid_search,25-34,false
5479,2025-10-26,KR,ios,organic,35-44,true
5480,2025-10-26,KR,web,organic,35-44,false
5481,2025-10-26,KR,ios,organic,55+,false
5482,2025-10-26,KR,web,organic,18-24,true
5483,2025-10-26,JP,android,social,25-34,false
5484,2025-10-26,US,android,organic,35-44,true
5485,2025-10-26,KR,android,paid_search,35-44,true
5486,2025-10-26,KR,android,social,25-34,true
5487,2025-10-27,KR,android,email,18-24,false
5488,2025-10-27,KR,ios,social,35-44,true
5489,2025-10-27,KR,ios,paid_search,35-44,true
5490,2025-10-27,KR,android,referral,18-24,false
5491,2025-10-27,KR,ios,organic,35-44,true
5492,2025-10-27,VN,android,referral,25-34,true
5493,2025-10-27,JP,ios,paid_search,45-54,false
5494,2025-10-27,US,ios,social,35-44,false
5495,2025-10-27,KR,android,referral,25-34,true
5496,2025-10-27,KR,ios,social,25-34,true
5497,2025-10-27,VN,web,paid_search,25-34,true
5498,2025-10-27,KR,android,organic,35-44,true
5499,2025-10-27,KR,android,paid_search,25-34,true
5500,2025-10-27,KR,android,paid_search,18-24,false
5501,2025-10-27,US,android,referral,25-34,true
5502,2025-10-27,KR,ios,paid_search,55+,true
5503,2025-10-27,KR,ios,referral,18-24,false
5504,2025-10-27,KR,android,organic,25-34,true
5505,2025-10-27,KR,ios,organic,35-44,false
5506,2025-10-27,KR,android,social,55+,true
5507,2025-10-27,KR,web,email,55+,false
5508,2025-10-27,KR,web,paid_search,25-34,false
5509,2025-10-27,US,ios,organic,45-54,true
5510,2025-10-27,JP,ios,organic,35-44,false
5511,2025-10-27,KR,ios,organic,25-34,false
5512,2025-10-27,KR,web,referral,25-34,true
5513,2025-10-28,TW,ios,referral,25-34,true
5514,2025-10-28,KR,ios,social,35-44,true
5515,2025-10-28,KR,android,email,45-54,false
5516,2025-10-28,TW,ios,organic,18-24,false
5517,2025-10-28,KR,web,paid_search,18-24,true
5518,2025-10-28,KR,android,referral,35-44,true
5519,2025-10-28,JP,ios,referral,25-34,false
5520,2025-10-28,KR,ios,social,25-34,false
5521,2025-10-28,KR,ios,organic,35-44,true
5522,2025-10-28,KR,ios,organic,35-44,false
5523,2025-10-28,KR,android,paid_search,35-44,false
5524,2025-10-28,KR,android,organic,18-24,true
5525,2025-10-28,KR,ios,organic,18-24,true
5526,2025-10-28,KR,ios,referral,35-44,true
5527,2025-10-28,KR,android,organic,25-34,true
5528,2025-10-28,KR,android,paid_search,18-24,true
5529,2025-10-28,US,android,social,45-54,true
5530,2025-10-28,KR,android,organic,35-44,true
5531,2025-10-28,KR,ios,paid_search,35-44,true
5532,2025-10-28,KR,ios,referral,35-44,false
5533,2025-10-28,KR,android,organic,18-24,true
5534,2025-10-28,US,android,organic,25-34,true
5535,2025-10-29,KR,android,referral,35-44,false
5536,2025-10-29,KR,android,referral,25-34,false
5537,2025-10-29,VN,android,organic,25-34,false
5538,2025-10-29,US,ios,organic,25-34,true
5539,2025-10-29,JP,android,paid_search,35-44,true
5540,2025-10-29,JP,ios,organic,45-54,true
5541,2025-10-29,KR,android,social,18-24,true
5542,2025-10-29,KR,web,paid_search,45-54,false
5543,2025-10-29,US,ios,organic,45-54,false
5544,2025-10-29,US,web,paid_search,25-34,false
5545,2025-10-29,KR,android,referral,35-44,true
5546,2025-10-29,KR,web,organic,25-34,false
5547,2025-10-29,US,android,paid_search,18-24,true
5548,2025-10-29,VN,ios,paid_search,25-34,true
5549,2025-10-29,KR,android,paid_search,35-44,true
5550,2025-10-29,US,ios,organic,25-34,false
5551,2025-10-29,JP,android,paid_search,25-34,false
5552,2025-10-29,KR,android,referral,35-44,true
5553,2025-10-29,KR,ios,email,45-54,true
5554,2025-10-29,VN,ios,organic,18-24,false
5555,2025-10-29,KR,ios,organic,25-34,true
5556,2025-10-29,KR,web,email,25-34,false
5557,2025-10-30,US,web,organic,45-54,false
5558,2025-10-30,KR,android,organic,45-54,false
5559,2025-10-30,KR,ios,referral,18-24,false
5560,2025-10-30,JP,ios,paid_search,55+,false
5561,2025-10-30,KR,ios,organic,35-44,true
5562,2025-10-30,KR,android,email,25-34,false
5563,2025-10-30,KR,android,paid_search,45-54,false
5564,2025-10-30,KR,android,organic,25-34,false
5565,2025-10-30,KR,web,organic,45-54,false
5566,2025-10-30,KR,ios,referral,45-54,true
5567,2025-10-30,VN,web,organic,25-34,true
5568,2025-10-30,KR,web,referral,18-24,false
5569,2025-10-30,KR,android,social,35-44,true
5570,2025-10-30,KR,web,organic,25-34,false
5571,2025-10-30,US,android,organic,35-44,false
5572,2025-10-30,KR,ios,paid_search,25-34,false
5573,2025-10-30,JP,ios,organic,25-34,true
5574,2025-10-30,KR,web,referral,55+,true
5575,2025-10-30,US,android,paid_search,18-24,true
5576,2025-10-30,KR,web,social,55+,false
5577,2025-10-30,KR,android,organic,45-54,true
5578,2025-10-30,KR,android,referral,25-34,true
5579,2025-10-30,JP,ios,social,35-44,true
5580,2025-10-31,KR,ios,organic,35-44,true
5581,2025-10-31,KR,android,social,45-54,false
5582,2025-10-31,KR,android,paid_search,45-54,true
5583,2025-10-31,TW,android,organic,45-54,true
5584,2025-10-31,VN,ios,social,35-44,true
5585,2025-10-31,JP,ios,paid_search,18-24,false
5586,2025-10-31,US,ios,referral,45-54,true
5587,2025-10-31,TW,ios,referral,35-44,false
5588,2025-10-31,KR,ios,referral,35-44,false
5589,2025-10-31,KR,android,organic,18-24,true
5590,2025-10-31,KR,web,paid_search,25-34,true
5591,2025-10-31,US,ios,organic,45-54,true
5592,2025-10-31,JP,ios,social,18-24,true
5593,2025-10-31,KR,android,referral,25-34,false
5594,2025-10-31,KR,android,email,18-24,true
5595,2025-10-31,JP,web,social,25-34,false
5596,2025-10-31,KR,web,referral,45-54,false
5597,2025-10-31,VN,ios,referral,25-34,true
5598,2025-10-31,KR,ios,paid_search,25-34,true
5599,2025-10-31,KR,ios,social,35-44,false
5600,2025-10-31,JP,android,organic,25-34,true
5601,2025-10-31,KR,web,organic,55+,true
5602,2025-10-31,JP,ios,referral,45-54,true
5603,2025-10-31,KR,android,organic,18-24,false
5604,2025-10-31,KR,ios,paid_search,18-24,false
5605,2025-11-01,KR,ios,organic,55+,true
5606,2025-11-01,JP,android,referral,25-34,false
5607,2025-11-01,TW,ios,organic,55+,true
5608,2025-11-01,US,web,organic,18-24,true
5609,2025-11-01,KR,android,social,35-44,false
5610,2025-11-01,KR,android,organic,18-24,true
5611,2025-11-01,VN,android,organic,35-44,false
5612,2025-11-01,KR,ios,organic,25-34,true
5613,2025-11-01,KR,android,referral,25-34,true
5614,2025-11-01,VN,android,social,45-54,false
5615,2025-11-01,JP,android,email,35-44,true
5616,2025-11-01,KR,ios,paid_search,18-24,false
5617,2025-11-01,KR,android,social,25-34,true
5618,2025-11-01,KR,android,email,25-34,false
5619,2025-11-01,VN,android,organic,25-34,false
5620,2025-11-01,KR,ios,paid_search,25-34,false
5621,2025-11-01,TW,web,social,45-54,false
5622,2025-11-01,TW,web,referral,25-34,true
5623,2025-11-01,KR,android,email,55+,false
5624,2025-11-01,US,android,paid_search,35-44,true
5625,2025-11-02,JP,android,organic,35-44,false
5626,2025-11-02,JP,web,organic,45-54,true
5627,2025-11-02,KR,android,referral,45-54,true
5628,2025-11-02,JP,web,email,25-34,true
5629,2025-11-02,KR,web,organic,25-34,false
5630,2025-11-02,KR,android,email,25-34,true
5631,2025-11-02,KR,android,organic,18-24,true
5632,2025-11-02,KR,web,paid_search,35-44,false
5633,2025-11-02,JP,android,organic,25-34,true
5634,2025-11-02,KR,web,organic,18-24,false
5635,2025-11-02,TW,android,organic,35-44,true
5636,2025-11-02,KR,android,referral,25-34,false
5637,2025-11-02,KR,ios,referral,25-34,true
5638,2025-11-02,KR,ios,organic,35-44,true
5639,2025-11-02,TW,android,referral,45-54,false
5640,2025-11-02,KR,web,paid_search,18-24,false
5641,2025-11-03,KR,android,email,35-44,true
5642,2025-11-03,KR,ios,organic,35-44,false
5643,2025-11-03,KR,android,paid_search,18-24,false
5644,2025-11-03,KR,ios,social,25-34,true
5645,2025-11-03,KR,ios,social,18-24,false
5646,2025-11-03,KR,ios,organic,55+,true
5647,2025-11-03,JP,web,organic,35-44,false
5648,2025-11-03,US,android,email,35-44,false
5649,2025-11-03,KR,android,organic,45-54,true
5650,2025-11-03,JP,ios,organic,25-34,false
5651,2025-11-03,KR,web,social,55+,false
5652,2025-11-03,KR,android,organic,25-34,false
5653,2025-11-03,KR,ios,social,45-54,true
5654,2025-11-03,US,ios,paid_search,55+,true
5655,2025-11-03,KR,web,organic,18-24,false
5656,2025-11-03,KR,web,referral,35-44,true
5657,2025-11-03,KR,ios,paid_search,45-54,false
5658,2025-11-04,TW,web,organic,25-34,true
5659,2025-11-04,KR,web,referral,45-54,true
5660,2025-11-04,KR,ios,paid_search,25-34,false
5661,2025-11-04,KR,android,referral,25-34,false
5662,2025-11-04,US,web,organic,35-44,true
5663,2025-11-04,KR,ios,paid_search,25-34,false
5664,2025-11-04,KR,ios,social,18-24,true
5665,2025-11-04,KR,ios,paid_search,45-54,false
5666,2025-11-04,KR,ios,referral,25-34,true
5667,2025-11-04,KR,android,social,25-34,true
5668,2025-11-04,JP,ios,paid_search,45-54,true
5669,2025-11-04,KR,android,social,25-34,true
5670,2025-11-04,KR,android,organic,25-34,true
5671,2025-11-04,KR,android,paid_search,35-44,false
5672,2025-11-04,KR,android,organic,35-44,true
5673,2025-11-04,US,web,organic,55+,false
5674,2025-11-04,JP,android,organic,45-54,true
5675,2025-11-04,KR,ios,organic,35-44,false
5676,2025-11-04,US,android,social,55+,true
5677,2025-11-05,KR,web,social,35-44,true
5678,2025-11-05,KR,android,social,35-44,true
5679,2025-11-05,KR,android,organic,25-34,true
5680,2025-11-05,KR,web,paid_search,35-44,true
5681,2025-11-05,KR,ios,organic,18-24,true
5682,2025-11-05,KR,android,paid_search,25-34,false
5683,2025-11-05,KR,ios,paid_search,35-44,false
5684,2025-11-05,VN,ios,paid_search,45-54,false
5685,2025-11-05,TW,android,paid_search,35-44,true
5686,2025-11-05,KR,android,organic,35-44,false
5687,2025-11-05,VN,ios,paid_search,25-34,true
5688,2025-11-05,KR,android,social,25-34,false
5689,2025-11-05,KR,ios,referral,18-24,true
5690,2025-11-05,VN,ios,paid_search,25-34,false
5691,2025-11-05,KR,android,email,25-34,true
5692,2025-11-05,TW,ios,email,55+,false
5693,2025-11-05,KR,android,referral,25-34,false
5694,2025-11-05,KR,ios,referral,55+,true
5695,2025-11-05,KR,android,organic,35-44,false
5696,2025-11-05,KR,android,organic,25-34,false
5697,2025-11-06,KR,ios,social,25-34,true
5698,2025-11-06,US,ios,paid_search,18-24,false
5699,2025-11-06,KR,web,organic,35-44,false
5700,2025-11-06,JP,android,organic,25-34,true
5701,2025-11-06,KR,android,social,25-34,false
5702,2025-11-06,JP,android,paid_search,35-44,true
5703,2025-11-06,KR,android,social,25-34,true
5704,2025-11-06,KR,ios,organic,35-44,false
5705,2025-11-06,KR,web,social,18-24,false
5706,2025-11-06,JP,android,organic,45-54,true
5707,2025-11-06,KR,web,referral,35-44,true
5708,2025-11-06,KR,web,social,45-54,true
5709,2025-11-06,VN,ios,organic,45-54,true
5710,2025-11-06,KR,android,referral,18-24,true
5711,2025-11-07,KR,web,email,25-34,false
5712,2025-11-07,KR,ios,organic,25-34,true
5713,2025-11-07,KR,ios,referral,25-34,false
5714,2025-11-07,US,android,social,25-34,true
5715,2025-11-07,JP,android,paid_search,45-54,false
5716,2025-11-07,KR,ios,referral,55+,false
5717,2025-11-07,JP,android,organic,45-54,false
5718,2025-11-07,KR,android,paid_search,18-24,false
5719,2025-11-07,KR,ios,organic,25-34,false
5720,2025-11-07,KR,ios,social,45-54,false
5721,2025-11-07,TW,android,social,25-34,true
5722,2025-11-07,KR,android,social,35-44,false
5723,2025-11-07,JP,ios,organic,35-44,true
5724,2025-11-07,VN,ios,organic,35-44,true
5725,2025-11-07,KR,ios,organic,35-44,true
5726,2025-11-07,KR,ios,paid_search,25-34,true
5727,2025-11-07,JP,android,email,45-54,false
5728,2025-11-07,KR,android,paid_search,45-54,false
5729,2025-11-07,KR,web,social,18-24,false
5730,2025-11-07,KR,android,referral,25-34,true
5731,2025-11-08,KR,web,organic,35-44,false
5732,2025-11-08,US,ios,organic,55+,true
5733,2025-11-08,KR,ios,referral,45-54,true
5734,2025-11-08,KR,android,organic,45-54,true
5735,2025-11-08,KR,ios,organic,25-34,false
5736,2025-11-08,KR,android,organic,25-34,true
5737,2025-11-08,KR,ios,referral,18-24,true
5738,2025-11-08,KR,android,organic,18-24,true
5739,2025-11-08,KR,ios,social,35-44,true
5740,2025-11-08,KR,ios,email,35-44,true
5741,2025-11-08,TW,android,paid_search,55+,false
5742,2025-11-08,KR,android,email,18-24,true
5743,2025-11-08,KR,web,organic,18-24,true
5744,2025-11-08,KR,android,paid_search,45-54,false
5745,2025-11-08,KR,web,organic,35-44,false
5746,2025-11-08,KR,ios,paid_search,25-34,false
5747,2025-11-09,KR,ios,email,18-24,false
5748,2025-11-09,JP,android,organic,45-54,false
5749,2025-11-09,JP,android,paid_search,18-24,false
5750,2025-11-09,KR,android,paid_search,35-44,false
5751,2025-11-09,KR,ios,organic,18-24,false
5752,2025-11-09,KR,web,organic,45-54,false
5753,2025-11-09,US,android,social,35-44,true
5754,2025-11-09,VN,android,organic,25-34,true
5755,2025-11-09,US,android,organic,35-44,true
5756,2025-11-09,KR,web,organic,25-34,true
5757,2025-11-09,KR,ios,organic,25-34,false
5758,2025-11-09,KR,web,social,18-24,true
5759,2025-11-09,KR,android,social,25-34,true
5760,2025-11-09,KR,android,organic,25-34,false
5761,2025-11-09,JP,ios,paid_search,25-34,false
5762,2025-11-10,KR,android,organic,35-44,false
5763,2025-11-10,JP,android,referral,45-54,true
5764,2025-11-10,KR,web,social,55+,true
5765,2025-11-10,TW,ios,paid_search,25-34,true
5766,2025-11-10,KR,ios,organic,55+,false
5767,2025-11-10,VN,web,referral,55+,true
5768,2025-11-10,KR,web,paid_search,35-44,false
5769,2025-11-10,KR,ios,social,25-34,true
5770,2025-11-10,KR,android,paid_search,35-44,true
5771,2025-11-10,VN,android,email,45-54,false
5772,2025-11-10,JP,android,paid_search,35-44,true
5773,2025-11-10,KR,ios,social,18-24,false
5774,2025-11-10,KR,ios,paid_search,45-54,true
5775,2025-11-10,VN,ios,paid_search,18-24,true
5776,2025-11-10,KR,ios,social,35-44,true
5777,2025-11-10,VN,android,organic,25-34,true
5778,2025-11-10,US,android,organic,25-34,true
5779,2025-11-10,KR,android,email,25-34,true
5780,2025-11-10,KR,ios,social,55+,false
5781,2025-11-10,KR,web,referral,25-34,false
5782,2025-11-10,JP,android,paid_search,25-34,false
5783,2025-11-10,KR,web,organic,25-34,false
5784,2025-11-10,KR,android,social,35-44,false
5785,2025-11-11,KR,android,paid_search,45-54,false
5786,2025-11-11,KR,ios,organic,25-34,false
5787,2025-11-11,JP,web,paid_search,35-44,false
5788,2025-11-11,KR,android,paid_search,25-34,false
5789,2025-11-11,KR,ios,paid_search,55+,true
5790,2025-11-11,TW,web,paid_search,25-34,true
5791,2025-11-11,KR,android,social,55+,true
5792,2025-11-11,KR,android,paid_search,25-34,false
5793,2025-11-11,KR,ios,social,18-24,false
5794,2025-11-11,VN,ios,paid_search,45-54,true
5795,2025-11-11,KR,web,organic,25-34,true
5796,2025-11-11,KR,web,social,35-44,true
5797,2025-11-11,US,ios,paid_search,25-34,true
5798,2025-11-11,KR,ios,paid_search,25-34,false
5799,2025-11-11,KR,web,organic,18-24,true
5800,2025-11-11,KR,android,organic,18-24,true
5801,2025-11-11,KR,android,paid_search,55+,true
5802,2025-11-11,KR,ios,referral,25-34,false
5803,2025-11-12,JP,android,paid_search,25-34,true
5804,2025-11-12,VN,android,organic,18-24,true
5805,2025-11-12,JP,android,social,18-24,false
5806,2025-11-12,KR,ios,email,35-44,true
5807,2025-11-12,US,ios,organic,18-24,true
5808,2025-11-12,JP,android,paid_search,35-44,true
5809,2025-11-12,KR,android,social,25-34,false
5810,2025-11-12,US,android,social,35-44,false
5811,2025-11-12,KR,ios,organic,45-54,true
5812,2025-11-12,JP,web,paid_search,25-34,true
5813,2025-11-12,KR,android,organic,25-34,true
5814,2025-11-12,KR,ios,organic,45-54,true
5815,2025-11-12,KR,android,social,35-44,true
5816,2025-11-12,KR,android,referral,35-44,false
5817,2025-11-12,KR,android,referral,18-24,true
5818,2025-11-12,KR,web,organic,45-54,true
5819,2025-11-12,US,web,social,55+,false
5820,2025-11-12,VN,android,paid_search,18-24,true
5821,2025-11-12,KR,ios,email,25-34,true
5822,2025-11-12,KR,ios,organic,35-44,true
5823,2025-11-12,US,android,social,35-44,true
5824,2025-11-12,KR,web,social,18-24,false
5825,2025-11-12,KR,ios,organic,35-44,true
5826,2025-11-12,KR,ios,organic,25-34,true
5827,2025-11-12,US,android,organic,18-24,true
5828,2025-11-12,US,android,referral,25-34,false
5829,2025-11-13,KR,android,paid_search,25-34,true
5830,2025-11-13,TW,ios,social,55+,false
5831,2025-11-13,KR,ios,social,45-54,false
5832,2025-11-13,KR,web,paid_search,35-44,true
5833,2025-11-13,KR,android,paid_search,55+,true
5834,2025-11-13,US,android,organic,25-34,false
5835,2025-11-13,US,ios,paid_search,25-34,false
5836,2025-11-13,KR,web,organic,18-24,true
5837,2025-11-13,VN,android,organic,35-44,false
5838,2025-11-13,KR,ios,social,35-44,true
5839,2025-11-13,KR,ios,social,25-34,true
5840,2025-11-13,KR,web,paid_search,25-34,true
5841,2025-11-13,JP,web,email,25-34,true
5842,2025-11-13,KR,android,social,25-34,true
5843,2025-11-13,KR,android,organic,25-34,true
5844,2025-11-13,KR,ios,social,35-44,true
5845,2025-11-13,KR,web,referral,35-44,false
5846,2025-11-13,JP,android,organic,25-34,true
5847,2025-11-13,US,android,email,18-24,true
5848,2025-11-13,JP,web,referral,25-34,false
5849,2025-11-13,TW,web,social,45-54,true
5850,2025-11-13,KR,ios,paid_search,55+,false
5851,2025-11-14,KR,android,paid_search,25-34,false
5852,2025-11-14,KR,android,referral,25-34,true
5853,2025-11-14,KR,web,paid_search,45-54,false
5854,2025-11-14,KR,android,organic,18-24,true
5855,2025-11-14,JP,android,paid_search,25-34,true
5856,2025-11-14,US,web,social,25-34,false
5857,2025-11-14,US,ios,organic,25-34,false
5858,2025-11-14,KR,ios,organic,25-34,false
5859,2025-11-14,KR,ios,social,55+,true
5860,2025-11-14,KR,ios,organic,45-54,false
5861,2025-11-14,KR,ios,organic,35-44,true
5862,2025-11-14,KR,ios,social,55+,true
5863,2025-11-14,JP,web,organic,55+,false
5864,2025-11-14,KR,android,organic,18-24,true
5865,2025-11-14,JP,web,paid_search,25-34,true
5866,2025-11-14,VN,ios,referral,25-34,true
5867,2025-11-15,KR,android,organic,45-54,true
5868,2025-11-15,KR,android,paid_search,35-44,false
5869,2025-11-15,TW,android,paid_search,25-34,true
5870,2025-11-15,KR,ios,organic,55+,false
5871,2025-11-15,KR,web,social,18-24,false
5872,2025-11-15,TW,android,social,25-34,false
5873,2025-11-15,JP,android,organic,35-44,false
5874,2025-11-15,US,ios,paid_search,18-24,false
5875,2025-11-15,KR,web,social,25-34,false
5876,2025-11-15,KR,ios,organic,35-44,false
5877,2025-11-15,KR,android,organic,25-34,false
5878,2025-11-16,US,web,social,25-34,true
5879,2025-11-16,KR,web,paid_search,25-34,true
5880,2025-11-16,KR,android,paid_search,55+,true
5881,2025-11-16,US,ios,organic,25-34,true
5882,2025-11-16,TW,web,organic,25-34,true
5883,2025-11-16,KR,ios,organic,18-24,false
5884,2025-11-16,KR,android,email,25-34,true
5885,2025-11-16,KR,android,paid_search,18-24,true
5886,2025-11-16,JP,android,organic,45-54,true
5887,2025-11-16,KR,ios,social,35-44,true
5888,2025-11-16,KR,android,paid_search,25-34,true
5889,2025-11-16,KR,ios,organic,18-24,false
5890,2025-11-16,KR,android,organic,25-34,true
5891,2025-11-16,KR,android,organic,18-24,true
5892,2025-11-16,KR,web,email,25-34,true
5893,2025-11-16,KR,android,paid_search,18-24,true
5894,2025-11-16,KR,ios,paid_search,45-54,true
5895,2025-11-16,JP,ios,organic,35-44,true
5896,2025-11-16,VN,web,organic,25-34,true
5897,2025-11-16,VN,ios,social,25-34,false
5898,2025-11-16,KR,web,social,18-24,true
5899,2025-11-16,KR,android,referral,25-34,false
5900,2025-11-17,KR,web,referral,35-44,false
5901,2025-11-17,KR,android,organic,25-34,false
5902,2025-11-17,US,web,paid_search,45-54,false
5903,2025-11-17,JP,ios,paid_search,25-34,false
5904,2025-11-17,KR,web,email,35-44,false
5905,2025-11-17,KR,android,paid_search,55+,false
5906,2025-11-17,JP,ios,paid_search,45-54,false
5907,2025-11-17,TW,android,social,18-24,false
5908,2025-11-17,KR,web,organic,55+,true
5909,2025-11-17,KR,android,social,35-44,false
5910,2025-11-17,KR,ios,referral,55+,false
5911,2025-11-17,KR,android,organic,55+,true
5912,2025-11-17,KR,ios,social,35-44,false
5913,2025-11-17,KR,web,paid_search,18-24,false
5914,2025-11-17,KR,android,paid_search,35-44,true
5915,2025-11-17,KR,android,social,25-34,true
5916,2025-11-17,KR,android,organic,35-44,true
5917,2025-11-17,KR,android,paid_search,35-44,false
5918,2025-11-17,JP,android,paid_search,25-34,true
5919,2025-11-17,US,ios,organic,35-44,false
5920,2025-11-18,VN,ios,referral,35-44,false
5921,2025-11-18,KR,ios,organic,35-44,true
5922,2025-11-18,KR,ios,referral,25-34,true
5923,2025-11-18,JP,web,social,25-34,true
5924,2025-11-18,KR,ios,paid_search,25-34,true
5925,2025-11-18,KR,android,organic,55+,false
5926,2025-11-18,KR,android,email,55+,true
5927,2025-11-18,KR,web,social,35-44,true
5928,2025-11-18,US,android,paid_search,35-44,true
5929,2025-11-18,KR,android,social,55+,false
5930,2025-11-18,KR,ios,paid_search,18-24,false
5931,2025-11-18,KR,ios,organic,25-34,true
5932,2025-11-18,KR,ios,referral,25-34,false
5933,2025-11-18,US,web,referral,25-34,true
5934,2025-11-18,JP,android,social,35-44,true
5935,2025-11-18,KR,android,social,45-54,false
5936,2025-11-18,KR,ios,paid_search,25-34,false
5937,2025-11-18,KR,web,paid_search,25-34,true
5938,2025-11-18,KR,ios,paid_search,25-34,true
5939,2025-11-18,JP,android,organic,35-44,true
5940,2025-11-18,KR,android,paid_search,35-44,true
5941,2025-11-18,KR,android,organic,18-24,true
5942,2025-11-18,KR,android,paid_search,35-44,false
5943,2025-11-18,KR,web,paid_search,35-44,false
5944,2025-11-18,US,android,referral,25-34,false
5945,2025-11-19,KR,ios,organic,35-44,true
5946,2025-11-19,KR,ios,social,18-24,false
5947,2025-11-19,KR,android,social,25-34,false
5948,2025-11-19,US,ios,organic,25-34,false
5949,2025-11-19,US,web,email,35-44,true
5950,2025-11-19,KR,ios,organic,18-24,true
5951,2025-11-19,JP,ios,referral,55+,true
5952,2025-11-19,KR,android,referral,35-44,true
5953,2025-11-19,KR,web,organic,35-44,true
5954,2025-11-19,KR,web,organic,45-54,false
5955,2025-11-19,KR,android,organic,25-34,true
5956,2025-11-19,US,web,organic,25-34,false
5957,2025-11-19,KR,ios,paid_search,25-34,true
5958,2025-11-19,KR,android,social,25-34,false
5959,2025-11-19,KR,android,organic,25-34,true
5960,2025-11-19,KR,android,paid_search,25-34,true
5961,2025-11-19,JP,android,social,45-54,false
5962,2025-11-19,KR,web,organic,35-44,false
5963,2025-11-19,KR,ios,organic,55+,true
5964,2025-11-19,JP,ios,organic,18-24,false
5965,2025-11-20,KR,web,social,45-54,true
5966,2025-11-20,KR,ios,paid_search,35-44,true
5967,2025-11-20,TW,ios,organic,35-44,true
5968,2025-11-20,KR,web,organic,35-44,true
5969,2025-11-20,KR,android,referral,25-34,true
5970,2025-11-20,KR,web,organic,35-44,true
5971,2025-11-20,KR,ios,organic,25-34,true
5972,2025-11-20,US,ios,paid_search,25-34,true
5973,2025-11-20,KR,ios,organic,25-34,true
5974,2025-11-20,KR,android,paid_search,25-34,true
5975,2025-11-20,KR,web,organic,18-24,false
5976,2025-11-20,KR,ios,referral,25-34,false
5977,2025-11-20,KR,ios,organic,35-44,true
5978,2025-11-20,KR,web,email,18-24,false
5979,2025-11-20,JP,android,email,35-44,false
5980,2025-11-20,KR,android,paid_search,35-44,false
5981,2025-11-20,KR,android,email,25-34,false
5982,2025-11-20,KR,android,paid_search,25-34,false
5983,2025-11-21,KR,web,social,25-34,true
5984,2025-11-21,KR,ios,organic,18-24,false
5985,2025-11-21,KR,web,paid_search,35-44,false
5986,2025-11-21,KR,android,referral,55+,true
5987,2025-11-21,US,android,organic,25-34,true
5988,2025-11-21,KR,ios,organic,45-54,false
5989,2025-11-21,US,android,email,25-34,true
5990,2025-11-21,KR,ios,social,25-34,false
5991,2025-11-21,KR,ios,organic,25-34,false
5992,2025-11-21,KR,ios,social,25-34,true
5993,2025-11-21,KR,ios,social,45-54,true
5994,2025-11-21,KR,android,paid_search,25-34,true
5995,2025-11-21,KR,android,organic,25-34,false
5996,2025-11-21,KR,web,organic,25-34,false
5997,2025-11-21,KR,web,organic,25-34,false
5998,2025-11-21,KR,android,social,18-24,false
5999,2025-11-21,JP,android,organic,45-54,false
6000,2025-11-21,KR,ios,social,45-54,true
6001,2025-11-21,US,android,paid_search,35-44,true
6002,2025-11-21,KR,android,organic,18-24,true
6003,2025-11-21,KR,ios,organic,55+,false
6004,2025-11-21,JP,ios,organic,45-54,false
6005,2025-11-21,US,ios,paid_search,25-34,true
6006,2025-11-21,US,ios,paid_search,18-24,false
6007,2025-11-22,JP,android,email,25-34,false
6008,2025-11-22,JP,web,social,25-34,true
6009,2025-11-22,US,web,paid_search,35-44,true
6010,2025-11-22,KR,ios,social,35-44,false
6011,2025-11-22,KR,ios,organic,18-24,true
6012,2025-11-22,KR,android,referral,18-24,false
6013,2025-11-22,KR,ios,social,55+,true
6014,2025-11-22,KR,ios,organic,18-24,true
6015,2025-11-22,JP,ios,social,45-54,false
6016,2025-11-22,KR,ios,paid_search,25-34,true
6017,2025-11-22,KR,android,organic,25-34,false
6018,2025-11-22,VN,android,paid_search,35-44,true
6019,2025-11-23,VN,ios,social,25-34,false
6020,2025-11-23,JP,android,paid_search,35-44,false
6021,2025-11-23,JP,android,paid_search,35-44,true
6022,2025-11-23,KR,ios,social,25-34,false
6023,2025-11-23,KR,android,organic,45-54,true
6024,2025-11-23,KR,ios,social,25-34,false
6025,2025-11-23,KR,ios,organic,35-44,true
6026,2025-11-23,TW,android,social,25-34,true
6027,2025-11-23,US,android,social,35-44,true
6028,2025-11-23,VN,android,referral,35-44,true
6029,2025-11-23,KR,web,organic,25-34,false
6030,2025-11-23,KR,ios,social,45-54,true
6031,2025-11-23,VN,ios,organic,18-24,true
6032,2025-11-23,KR,ios,paid_search,35-44,false
6033,2025-11-23,KR,android,email,35-44,false
6034,2025-11-23,TW,web,organic,25-34,true
6035,2025-11-23,KR,android,organic,35-44,false
6036,2025-11-23,KR,web,social,45-54,true
6037,2025-11-23,VN,ios,referral,18-24,true
6038,2025-11-23,KR,android,referral,35-44,false
6039,2025-11-24,KR,web,paid_search,45-54,false
6040,2025-11-24,KR,ios,social,55+,false
6041,2025-11-24,US,web,organic,25-34,false
6042,2025-11-24,KR,android,organic,35-44,true
6043,2025-11-24,US,android,paid_search,25-34,false
6044,2025-11-24,KR,android,referral,25-34,true
6045,2025-11-24,KR,android,organic,25-34,true
6046,2025-11-24,KR,android,paid_search,35-44,false
6047,2025-11-24,KR,web,paid_search,45-54,false
6048,2025-11-24,KR,android,organic,55+,false
6049,2025-11-24,KR,android,social,18-24,true
6050,2025-11-24,VN,ios,organic,18-24,false
6051,2025-11-24,KR,android,email,18-24,true
6052,2025-11-24,KR,android,organic,25-34,false
6053,2025-11-24,KR,web,referral,25-34,false
6054,2025-11-24,JP,ios,paid_search,18-24,true
6055,2025-11-24,US,android,paid_search,35-44,false
6056,2025-11-24,KR,ios,organic,55+,true
6057,2025-11-24,KR,android,paid_search,18-24,false
6058,2025-11-24,JP,ios,email,18-24,true
6059,2025-11-24,KR,ios,paid_search,25-34,true
6060,2025-11-24,TW,ios,paid_search,25-34,false
6061,2025-11-25,KR,ios,referral,25-34,false
6062,2025-11-25,KR,web,organic,55+,true
6063,2025-11-25,KR,android,organic,25-34,false
6064,2025-11-25,KR,ios,paid_search,25-34,false
6065,2025-11-25,JP,ios,paid_search,25-34,true
6066,2025-11-25,KR,android,organic,35-44,true
6067,2025-11-25,KR,ios,paid_search,35-44,false
6068,2025-11-25,TW,ios,organic,45-54,false
6069,2025-11-25,KR,ios,paid_search,25-34,false
6070,2025-11-25,KR,web,paid_search,35-44,true
6071,2025-11-25,KR,web,organic,25-34,true
6072,2025-11-25,KR,web,social,35-44,true
6073,2025-11-25,US,android,organic,45-54,true
6074,2025-11-25,KR,web,organic,18-24,true
6075,2025-11-25,US,ios,paid_search,25-34,true
6076,2025-11-25,KR,web,social,45-54,false
6077,2025-11-25,KR,ios,paid_search,25-34,false
6078,2025-11-25,KR,android,organic,25-34,false
6079,2025-11-25,KR,ios,organic,25-34,true
6080,2025-11-25,TW,web,social,35-44,true
6081,2025-11-25,VN,android,organic,55+,true
6082,2025-11-26,KR,android,organic,25-34,true
6083,2025-11-26,KR,ios,organic,25-34,true
6084,2025-11-26,KR,android,organic,25-34,true
6085,2025-11-26,KR,web,organic,18-24,true
6086,2025-11-26,KR,ios,social,35-44,true
6087,2025-11-26,KR,web,organic,25-34,true
6088,2025-11-26,KR,android,organic,25-34,false
6089,2025-11-26,VN,ios,social,18-24,false
6090,2025-11-26,KR,android,email,35-44,true
6091,2025-11-26,TW,ios,social,35-44,false
6092,2025-11-26,KR,android,social,25-34,false
6093,2025-11-26,KR,ios,social,25-34,false
6094,2025-11-26,KR,android,social,45-54,false
6095,2025-11-26,KR,ios,social,45-54,false
6096,2025-11-26,KR,ios,paid_search,25-34,true
6097,2025-11-26,KR,android,paid_search,25-34,false
6098,2025-11-26,KR,android,social,45-54,false
6099,2025-11-26,JP,android,social,45-54,true
6100,2025-11-26,KR,ios,paid_search,18-24,false
6101,2025-11-27,KR,ios,paid_search,35-44,false
6102,2025-11-27,KR,ios,social,35-44,true
6103,2025-11-27,KR,web,organic,25-34,true
6104,2025-11-27,VN,web,paid_search,55+,true
6105,2025-11-27,JP,android,referral,35-44,true
6106,2025-11-27,KR,ios,referral,25-34,true
6107,2025-11-27,KR,android,paid_search,25-34,true
6108,2025-11-27,KR,ios,email,35-44,false
6109,2025-11-27,VN,android,social,25-34,true
6110,2025-11-27,KR,web,paid_search,25-34,false
6111,2025-11-27,KR,android,social,25-34,true
6112,2025-11-27,KR,android,referral,45-54,true
6113,2025-11-27,KR,android,social,18-24,true
6114,2025-11-27,KR,ios,social,55+,true
6115,2025-11-27,KR,ios,paid_search,18-24,true
6116,2025-11-27,KR,android,social,35-44,true
6117,2025-11-27,KR,ios,organic,18-24,true
6118,2025-11-27,TW,web,social,35-44,false
6119,2025-11-27,KR,android,organic,55+,false
6120,2025-11-27,KR,android,social,45-54,true
6121,2025-11-27,KR,ios,paid_search,25-34,true
6122,2025-11-28,KR,android,social,25-34,true
6123,2025-11-28,KR,android,paid_search,35-44,true
6124,2025-11-28,KR,web,organic,25-34,true
6125,2025-11-28,KR,android,social,45-54,true
6126,2025-11-28,KR,web,paid_search,45-54,false
6127,2025-11-28,KR,web,organic,35-44,true
6128,2025-11-28,KR,android,organic,55+,true
6129,2025-11-28,KR,ios,social,25-34,false
6130,2025-11-28,JP,android,email,45-54,true
6131,2025-11-28,JP,ios,organic,25-34,true
6132,2025-11-28,KR,android,social,55+,true
6133,2025-11-28,KR,ios,organic,55+,true
6134,2025-11-28,KR,android,organic,35-44,false
6135,2025-11-28,JP,android,social,45-54,true
6136,2025-11-28,JP,android,social,18-24,false
6137,2025-11-28,JP,android,organic,18-24,false
6138,2025-11-28,KR,web,paid_search,25-34,false
6139,2025-11-28,JP,android,social,25-34,true
6140,2025-11-28,KR,ios,social,25-34,false
6141,2025-11-28,KR,android,paid_search,25-34,false
6142,2025-11-28,TW,web,organic,25-34,true
6143,2025-11-28,KR,ios,email,35-44,true
6144,2025-11-28,TW,android,organic,45-54,false
6145,2025-11-28,KR,ios,organic,18-24,false
6146,2025-11-28,KR,android,email,55+,false
6147,2025-11-29,JP,web,social,25-34,true
6148,2025-11-29,KR,android,organic,25-34,true
6149,2025-11-29,KR,ios,organic,35-44,true
6150,2025-11-29,KR,ios,social,45-54,true
6151,2025-11-29,US,web,email,45-54,false
6152,2025-11-29,KR,ios,organic,25-34,false
6153,2025-11-29,KR,android,email,18-24,true
6154,2025-11-29,KR,ios,paid_search,25-34,false
6155,2025-11-29,KR,android,organic,25-34,true
6156,2025-11-29,JP,android,organic,35-44,true
6157,2025-11-29,US,web,organic,25-34,true
6158,2025-11-29,JP,ios,paid_search,45-54,true
6159,2025-11-29,US,ios,referral,45-54,true
6160,2025-11-29,KR,android,social,18-24,false
6161,2025-11-29,JP,web,organic,25-34,true
6162,2025-11-29,KR,ios,organic,35-44,true
6163,2025-11-29,KR,android,social,35-44,false
6164,2025-11-29,KR,android,social,25-34,true
6165,2025-11-29,VN,ios,organic,25-34,false
6166,2025-11-29,KR,web,referral,35-44,true
6167,2025-11-29,KR,web,email,45-54,false
6168,2025-11-29,KR,android,paid_search,25-34,true
6169,2025-11-29,KR,ios,organic,25-34,false
6170,2025-11-29,KR,android,social,25-34,true
6171,2025-11-30,KR,ios,paid_search,35-44,true
6172,2025-11-30,US,ios,paid_search,45-54,false
6173,2025-11-30,KR,android,organic,35-44,false
6174,2025-11-30,KR,ios,email,18-24,false
6175,2025-11-30,KR,android,paid_search,35-44,true
6176,2025-11-30,KR,android,social,25-34,true
6177,2025-11-30,KR,ios,organic,25-34,false
6178,2025-11-30,TW,ios,organic,55+,true
6179,2025-11-30,KR,android,organic,25-34,false
6180,2025-11-30,KR,android,organic,25-34,false
6181,2025-11-30,VN,web,organic,45-54,true
6182,2025-11-30,KR,android,paid_search,25-34,false
6183,2025-11-30,VN,ios,organic,35-44,true
6184,2025-11-30,KR,ios,organic,25-34,false
6185,2025-11-30,US,android,organic,35-44,true
6186,2025-11-30,JP,android,social,25-34,false
6187,2025-11-30,JP,ios,email,18-24,true
6188,2025-11-30,JP,android,organic,18-24,true
6189,2025-11-30,KR,android,organic,25-34,false
6190,2025-11-30,JP,web,organic,18-24,true
6191,2025-12-01,KR,android,organic,35-44,false
6192,2025-12-01,KR,ios,social,35-44,true
6193,2025-12-01,KR,ios,social,35-44,true
6194,2025-12-01,KR,android,paid_search,45-54,true
6195,2025-12-01,JP,android,social,25-34,true
6196,2025-12-01,KR,ios,organic,18-24,false
6197,2025-12-01,JP,web,email,35-44,true
6198,2025-12-01,KR,android,referral,45-54,true
6199,2025-12-01,JP,android,paid_search,25-34,true
6200,2025-12-01,KR,android,organic,45-54,true
6201,2025-12-01,KR,android,organic,18-24,true
6202,2025-12-01,KR,ios,paid_search,18-24,true
6203,2025-12-01,KR,ios,social,25-34,false
6204,2025-12-01,US,ios,referral,35-44,false
6205,2025-12-01,US,ios,paid_search,25-34,false
6206,2025-12-01,KR,ios,email,25-34,true
6207,2025-12-01,KR,android,organic,25-34,false
6208,2025-12-01,KR,ios,social,25-34,true
6209,2025-12-01,KR,android,paid_search,35-44,false
6210,2025-12-01,KR,android,referral,18-24,true
6211,2025-12-01,KR,ios,email,18-24,true
6212,2025-12-01,KR,android,referral,25-34,false
6213,2025-12-01,KR,web,referral,18-24,false
6214,2025-12-01,KR,android,organic,25-34,false
6215,2025-12-01,JP,android,email,25-34,true
6216,2025-12-01,US,ios,referral,18-24,true
6217,2025-12-02,KR,ios,organic,18-24,true
6218,2025-12-02,JP,android,organic,18-24,true
6219,2025-12-02,KR,android,organic,55+,true
6220,2025-12-02,KR,android,organic,18-24,true
6221,2025-12-02,KR,web,paid_search,45-54,true
6222,2025-12-02,JP,ios,referral,25-34,true
6223,2025-12-02,KR,web,organic,25-34,false
6224,2025-12-02,US,android,paid_search,25-34,false
6225,2025-12-02,KR,android,social,55+,false
6226,2025-12-02,KR,android,email,45-54,true
6227,2025-12-02,KR,android,paid_search,18-24,true
6228,2025-12-02,KR,ios,organic,55+,false
6229,2025-12-02,KR,android,paid_search,35-44,false
6230,2025-12-02,KR,web,organic,35-44,false
6231,2025-12-02,JP,ios,organic,18-24,true
6232,2025-12-02,KR,ios,paid_search,18-24,true
6233,2025-12-02,JP,ios,social,35-44,true
6234,2025-12-02,KR,android,paid_search,25-34,false
6235,2025-12-02,US,ios,paid_search,45-54,true
6236,2025-12-02,JP,ios,organic,25-34,false
6237,2025-12-02,KR,web,social,35-44,false
6238,2025-12-02,KR,ios,organic,25-34,true
6239,2025-12-02,JP,web,organic,25-34,false
6240,2025-12-02,JP,web,organic,25-34,false
6241,2025-12-02,KR,android,organic,25-34,false
6242,2025-12-02,JP,ios,referral,45-54,false
6243,2025-12-02,VN,web,social,35-44,false
6244,2025-12-02,TW,android,organic,25-34,false
6245,2025-12-02,TW,ios,email,25-34,true
6246,2025-12-03,VN,web,paid_search,55+,false
6247,2025-12-03,US,web,paid_search,18-24,true
6248,2025-12-03,KR,ios,organic,25-34,false
6249,2025-12-03,KR,ios,organic,18-24,false
6250,2025-12-03,VN,android,social,55+,false
6251,2025-12-03,KR,ios,social,35-44,false
6252,2025-12-03,KR,web,paid_search,55+,true
6253,2025-12-03,KR,ios,organic,25-34,false
6254,2025-12-03,KR,ios,paid_search,35-44,true
6255,2025-12-03,KR,web,organic,55+,true
6256,2025-12-03,KR,android,organic,35-44,true
6257,2025-12-03,KR,web,email,18-24,false
6258,2025-12-03,KR,ios,organic,35-44,false
6259,2025-12-03,KR,web,social,18-24,true
6260,2025-12-03,KR,ios,organic,18-24,true
6261,2025-12-03,KR,android,social,55+,false
6262,2025-12-03,KR,android,organic,55+,true
6263,2025-12-04,KR,android,paid_search,55+,true
6264,2025-12-04,KR,web,paid_search,25-34,false
6265,2025-12-04,KR,ios,organic,25-34,true
6266,2025-12-04,KR,ios,social,35-44,true
6267,2025-12-04,KR,android,organic,55+,true
6268,2025-12-04,US,android,referral,45-54,false
6269,2025-12-04,KR,ios,social,18-24,true
6270,2025-12-04,US,android,organic,45-54,true
6271,2025-12-04,US,android,organic,18-24,false
6272,2025-12-04,KR,web,paid_search,25-34,false
6273,2025-12-04,KR,android,social,25-34,true
6274,2025-12-04,US,android,social,35-44,false
6275,2025-12-04,KR,web,paid_search,55+,false
6276,2025-12-04,JP,android,organic,25-34,false
6277,2025-12-04,KR,ios,paid_search,18-24,true
6278,2025-12-04,KR,ios,organic,25-34,false
6279,2025-12-04,VN,ios,social,25-34,false
6280,2025-12-04,KR,web,social,35-44,true
6281,2025-12-04,US,ios,paid_search,35-44,false
6282,2025-12-04,US,android,social,25-34,true
6283,2025-12-04,KR,android,social,35-44,false
6284,2025-12-04,KR,android,referral,25-34,true
6285,2025-12-04,JP,ios,paid_search,35-44,true
6286,2025-12-04,VN,web,paid_search,55+,true
6287,2025-12-04,KR,android,paid_search,25-34,true
6288,2025-12-04,KR,ios,paid_search,55+,false
6289,2025-12-04,KR,android,organic,25-34,false
6290,2025-12-04,JP,ios,referral,45-54,true
6291,2025-12-04,VN,ios,email,35-44,true
6292,2025-12-04,KR,android,referral,45-54,true
6293,2025-12-04,US,android,paid_search,25-34,false
6294,2025-12-04,KR,android,social,45-54,true
6295,2025-12-04,KR,android,organic,25-34,false
6296,2025-12-04,KR,web,email,25-34,true
6297,2025-12-05,KR,android,paid_search,35-44,false
6298,2025-12-05,JP,android,referral,55+,false
6299,2025-12-05,KR,android,referral,35-44,false
6300,2025-12-05,KR,android,social,45-54,true
6301,2025-12-05,KR,ios,paid_search,35-44,true
6302,2025-12-05,JP,android,social,25-34,false
6303,2025-12-05,KR,ios,social,25-34,true
6304,2025-12-05,VN,android,organic,35-44,true
6305,2025-12-05,KR,ios,organic,25-34,false
6306,2025-12-05,KR,ios,organic,25-34,false
6307,2025-12-05,KR,android,paid_search,25-34,false
6308,2025-12-05,KR,android,paid_search,25-34,false
6309,2025-12-05,TW,android,social,25-34,false
6310,2025-12-05,KR,android,paid_search,35-44,false
6311,2025-12-05,JP,android,paid_search,18-24,false
6312,2025-12-05,KR,ios,organic,25-34,true
6313,2025-12-05,KR,android,organic,25-34,false
6314,2025-12-05,JP,web,organic,45-54,false
6315,2025-12-05,KR,android,organic,35-44,false
6316,2025-12-05,KR,ios,paid_search,35-44,false
6317,2025-12-05,KR,web,organic,18-24,true
6318,2025-12-05,US,android,social,45-54,true
6319,2025-12-05,KR,android,paid_search,25-34,true
6320,2025-12-05,KR,android,organic,55+,true
6321,2025-12-05,VN,ios,referral,35-44,true
6322,2025-12-05,KR,ios,social,18-24,true
6323,2025-12-05,JP,android,paid_search,18-24,false
6324,2025-12-05,KR,android,organic,55+,false
6325,2025-12-05,KR,web,email,35-44,false
6326,2025-12-05,US,ios,social,35-44,false
6327,2025-12-05,US,android,social,45-54,false
6328,2025-12-05,KR,ios,paid_search,25-34,false
6329,2025-12-05,US,ios,referral,35-44,false
6330,2025-12-06,KR,android,social,35-44,false
6331,2025-12-06,VN,ios,paid_search,35-44,true
6332,2025-12-06,TW,android,referral,45-54,true
6333,2025-12-06,KR,android,referral,35-44,true
6334,2025-12-06,KR,ios,paid_search,55+,true
6335,2025-12-06,KR,android,referral,18-24,true
6336,2025-12-06,KR,android,organic,45-54,false
6337,2025-12-06,KR,ios,paid_search,25-34,true
6338,2025-12-06,JP,ios,organic,18-24,true
6339,2025-12-06,KR,android,social,18-24,true
6340,2025-12-06,VN,android,referral,25-34,true
6341,2025-12-06,KR,android,referral,25-34,true
6342,2025-12-06,KR,ios,organic,55+,true
6343,2025-12-06,KR,android,paid_search,55+,true
6344,2025-12-06,US,ios,organic,25-34,false
6345,2025-12-06,KR,ios,paid_search,18-24,false
6346,2025-12-06,VN,android,paid_search,35-44,false
6347,2025-12-06,KR,android,social,45-54,true
6348,2025-12-06,US,android,email,55+,true
6349,2025-12-06,KR,android,referral,18-24,false
6350,2025-12-06,VN,ios,organic,25-34,true
6351,2025-12-06,KR,ios,social,18-24,false
6352,2025-12-06,KR,android,organic,35-44,true
6353,2025-12-06,KR,ios,organic,35-44,true
6354,2025-12-06,VN,android,organic,55+,true
6355,2025-12-06,US,ios,paid_search,45-54,true
6356,2025-12-06,JP,ios,social,18-24,true
6357,2025-12-06,KR,android,email,55+,false
6358,2025-12-06,US,web,paid_search,25-34,false
6359,2025-12-07,KR,web,paid_search,25-34,false
6360,2025-12-07,KR,web,email,35-44,false
6361,2025-12-07,KR,android,referral,18-24,true
6362,2025-12-07,KR,android,social,18-24,true
6363,2025-12-07,US,ios,organic,18-24,false
6364,2025-12-07,KR,ios,paid_search,18-24,false
6365,2025-12-07,US,android,paid_search,18-24,false
6366,2025-12-07,KR,android,organic,35-44,true
6367,2025-12-07,KR,ios,organic,25-34,true
6368,2025-12-07,TW,ios,organic,25-34,true
6369,2025-12-07,US,ios,referral,35-44,true
6370,2025-12-07,KR,android,paid_search,25-34,false
6371,2025-12-07,JP,android,social,45-54,true
6372,2025-12-07,KR,ios,organic,25-34,true
6373,2025-12-07,JP,ios,social,18-24,true
6374,2025-12-07,KR,android,organic,18-24,false
6375,2025-12-07,KR,android,organic,25-34,true
6376,2025-12-07,KR,android,paid_search,45-54,false
6377,2025-12-07,KR,ios,referral,25-34,true
6378,2025-12-07,KR,android,organic,25-34,true
6379,2025-12-07,KR,ios,social,25-34,true
6380,2025-12-07,KR,web,organic,25-34,false
6381,2025-12-08,KR,ios,organic,55+,false
6382,2025-12-08,KR,web,paid_search,25-34,true
6383,2025-12-08,KR,android,social,18-24,true
6384,2025-12-08,KR,ios,email,25-34,true
6385,2025-12-08,KR,android,paid_search,25-34,false
6386,2025-12-08,KR,android,social,45-54,false
6387,2025-12-08,VN,ios,referral,35-44,true
6388,2025-12-08,VN,web,social,18-24,true
6389,2025-12-08,VN,web,organic,25-34,false
6390,2025-12-08,KR,android,email,25-34,false
6391,2025-12-08,KR,ios,paid_search,35-44,false
6392,2025-12-08,KR,web,organic,55+,false
6393,2025-12-08,KR,ios,organic,25-34,false
6394,2025-12-08,JP,ios,organic,25-34,false
6395,2025-12-08,JP,ios,organic,18-24,true
6396,2025-12-08,KR,ios,referral,25-34,false
6397,2025-12-08,JP,ios,organic,25-34,false
6398,2025-12-08,KR,web,social,25-34,true
6399,2025-12-08,KR,android,organic,45-54,true
6400,2025-12-08,KR,android,social,25-34,true
6401,2025-12-08,JP,android,organic,35-44,false
6402,2025-12-08,KR,ios,social,25-34,false
6403,2025-12-08,KR,android,email,25-34,false
6404,2025-12-08,KR,android,email,55+,true
6405,2025-12-09,US,web,organic,45-54,true
6406,2025-12-09,TW,web,paid_search,25-34,false
6407,2025-12-09,KR,android,paid_search,25-34,true
6408,2025-12-09,KR,web,referral,45-54,true
6409,2025-12-09,KR,android,social,45-54,true
6410,2025-12-09,TW,web,paid_search,55+,false
6411,2025-12-09,KR,ios,social,35-44,true
6412,2025-12-09,KR,android,paid_search,18-24,true
6413,2025-12-09,US,ios,social,35-44,false
6414,2025-12-09,TW,web,paid_search,18-24,true
6415,2025-12-09,KR,ios,organic,25-34,true
6416,2025-12-09,KR,web,paid_search,18-24,true
6417,2025-12-09,KR,web,paid_search,25-34,false
6418,2025-12-09,KR,android,organic,25-34,true
6419,2025-12-09,JP,ios,organic,35-44,false
6420,2025-12-09,KR,web,social,55+,true
6421,2025-12-09,KR,android,paid_search,18-24,true
6422,2025-12-09,US,web,organic,18-24,true
6423,2025-12-09,KR,ios,social,18-24,false
6424,2025-12-09,US,ios,referral,45-54,true
6425,2025-12-10,KR,android,organic,55+,true
6426,2025-12-10,JP,android,organic,25-34,false
6427,2025-12-10,KR,ios,email,25-34,false
6428,2025-12-10,KR,android,social,18-24,true
6429,2025-12-10,KR,android,paid_search,25-34,false
6430,2025-12-10,TW,ios,social,45-54,true
6431,2025-12-10,TW,android,social,45-54,true
6432,2025-12-10,KR,android,organic,25-34,false
6433,2025-12-10,KR,android,organic,18-24,true
6434,2025-12-10,KR,android,organic,55+,false
6435,2025-12-10,KR,ios,organic,18-24,false
6436,2025-12-10,KR,android,referral,45-54,true
6437,2025-12-10,KR,android,social,18-24,true
6438,2025-12-10,KR,ios,paid_search,35-44,true
6439,2025-12-10,TW,ios,email,25-34,true
6440,2025-12-10,KR,ios,organic,35-44,true
6441,2025-12-10,KR,ios,social,25-34,true
6442,2025-12-10,KR,android,social,25-34,true
6443,2025-12-10,KR,android,social,35-44,true
6444,2025-12-10,KR,android,social,35-44,false
6445,2025-12-11,KR,ios,organic,25-34,true
6446,2025-12-11,KR,android,paid_search,35-44,true
6447,2025-12-11,KR,ios,social,18-24,true
6448,2025-12-11,KR,android,email,45-54,true
6449,2025-12-11,KR,ios,social,25-34,true
6450,2025-12-11,KR,android,email,18-24,false
6451,2025-12-11,KR,ios,social,25-34,false
6452,2025-12-11,KR,android,organic,55+,false
6453,2025-12-11,KR,android,organic,45-54,true
6454,2025-12-11,US,android,paid_search,35-44,false
6455,2025-12-11,KR,android,paid_search,45-54,false
6456,2025-12-11,KR,ios,organic,35-44,false
6457,2025-12-11,JP,web,paid_search,25-34,false
6458,2025-12-11,KR,android,organic,18-24,false
6459,2025-12-11,KR,android,organic,25-34,true
6460,2025-12-11,VN,android,social,25-34,true
6461,2025-12-11,JP,ios,paid_search,35-44,false
6462,2025-12-11,VN,ios,social,25-34,false
6463,2025-12-11,VN,android,organic,45-54,true
6464,2025-12-11,US,android,email,18-24,false
6465,2025-12-11,KR,android,email,35-44,false
6466,2025-12-11,KR,ios,paid_search,25-34,true
6467,2025-12-11,JP,android,organic,18-24,true
6468,2025-12-11,KR,web,paid_search,18-24,false
6469,2025-12-12,KR,android,paid_search,45-54,false
6470,2025-12-12,KR,ios,organic,25-34,true
6471,2025-12-12,KR,android,organic,25-34,false
6472,2025-12-12,KR,android,social,35-44,true
6473,2025-12-12,TW,ios,organic,25-34,true
6474,2025-12-12,KR,ios,social,25-34,false
6475,2025-12-12,KR,android,organic,18-24,false
6476,2025-12-12,KR,android,social,35-44,false
6477,2025-12-12,US,ios,email,18-24,true
6478,2025-12-12,VN,ios,referral,35-44,false
6479,2025-12-12,KR,android,organic,18-24,false
6480,2025-12-12,JP,android,social,45-54,true
6481,2025-12-12,KR,android,social,25-34,true
6482,2025-12-12,KR,android,organic,35-44,false
6483,2025-12-12,TW,android,referral,35-44,true
6484,2025-12-12,KR,android,organic,25-34,true
6485,2025-12-12,US,ios,organic,35-44,false
6486,2025-12-12,VN,web,referral,25-34,true
6487,2025-12-12,KR,web,organic,35-44,true
6488,2025-12-12,US,ios,referral,55+,true
6489,2025-12-12,JP,ios,paid_search,25-34,false
6490,2025-12-12,KR,android,social,25-34,true
6491,2025-12-12,KR,ios,email,25-34,false
6492,2025-12-12,VN,ios,paid_search,45-54,false
6493,2025-12-12,KR,android,referral,35-44,false
6494,2025-12-12,JP,android,organic,45-54,true
6495,2025-12-12,US,ios,social,45-54,false
6496,2025-12-12,KR,android,organic,18-24,true
6497,2025-12-12,TW,web,paid_search,35-44,true
6498,2025-12-13,KR,android,social,35-44,true
6499,2025-12-13,KR,ios,social,25-34,true
6500,2025-12-13,KR,ios,organic,35-44,true
6501,2025-12-13,KR,web,organic,25-34,false
6502,2025-12-13,KR,web,organic,45-54,true
6503,2025-12-13,KR,android,paid_search,18-24,true
6504,2025-12-13,KR,android,organic,18-24,true
6505,2025-12-13,JP,web,organic,55+,false
6506,2025-12-13,VN,android,paid_search,35-44,false
6507,2025-12-13,VN,web,paid_search,35-44,true
6508,2025-12-13,JP,android,social,18-24,false
6509,2025-12-13,KR,ios,organic,18-24,true
6510,2025-12-13,KR,ios,organic,18-24,false
6511,2025-12-13,KR,ios,paid_search,35-44,true
6512,2025-12-13,KR,android,organic,25-34,false
6513,2025-12-13,KR,ios,organic,35-44,true
6514,2025-12-13,KR,ios,organic,25-34,true
6515,2025-12-13,KR,ios,email,35-44,true
6516,2025-12-13,KR,android,social,25-34,true
6517,2025-12-13,KR,ios,organic,25-34,false
6518,2025-12-13,KR,ios,organic,35-44,true
6519,2025-12-13,KR,android,paid_search,25-34,false
6520,2025-12-13,US,android,social,18-24,true
6521,2025-12-13,KR,android,email,35-44,false
6522,2025-12-13,KR,web,organic,55+,true
6523,2025-12-13,KR,android,organic,18-24,false
6524,2025-12-13,JP,ios,paid_search,35-44,true
6525,2025-12-14,KR,android,referral,25-34,false
6526,2025-12-14,KR,android,social,25-34,true
6527,2025-12-14,US,android,social,25-34,true
6528,2025-12-14,KR,android,paid_search,18-24,false
6529,2025-12-14,KR,android,organic,25-34,true
6530,2025-12-14,JP,android,paid_search,55+,true
6531,2025-12-14,KR,android,paid_search,35-44,false
6532,2025-12-14,JP,ios,organic,45-54,true
6533,2025-12-14,KR,web,social,18-24,false
6534,2025-12-14,KR,web,paid_search,35-44,true
6535,2025-12-14,KR,android,social,25-34,false
6536,2025-12-14,KR,ios,paid_search,35-44,true
6537,2025-12-14,KR,ios,social,45-54,false
6538,2025-12-14,JP,android,social,35-44,true
6539,2025-12-14,KR,web,referral,35-44,true
6540,2025-12-14,JP,ios,organic,25-34,false
6541,2025-12-14,KR,android,social,25-34,true
6542,2025-12-14,JP,web,referral,18-24,false
6543,2025-12-14,US,ios,social,25-34,false
6544,2025-12-14,KR,ios,organic,25-34,true
6545,2025-12-14,KR,android,organic,25-34,true
6546,2025-12-14,TW,ios,social,25-34,true
6547,2025-12-14,US,android,social,18-24,true
6548,2025-12-14,KR,android,email,25-34,true
6549,2025-12-14,KR,android,organic,25-34,false
6550,2025-12-14,KR,ios,organic,35-44,true
6551,2025-12-14,VN,android,paid_search,35-44,true
6552,2025-12-14,KR,android,organic,18-24,false
6553,2025-12-14,JP,ios,referral,18-24,false
6554,2025-12-15,KR,android,social,18-24,false
6555,2025-12-15,KR,web,organic,18-24,true
6556,2025-12-15,KR,android,social,45-54,true
6557,2025-12-15,KR,ios,social,45-54,true
6558,2025-12-15,KR,ios,organic,35-44,true
6559,2025-12-15,US,ios,organic,18-24,true
6560,2025-12-15,JP,web,paid_search,25-34,false
6561,2025-12-15,JP,android,paid_search,35-44,true
6562,2025-12-15,KR,web,organic,25-34,true
6563,2025-12-15,KR,web,organic,25-34,false
6564,2025-12-15,KR,ios,organic,18-24,true
6565,2025-12-15,KR,ios,social,45-54,true
6566,2025-12-15,KR,ios,organic,25-34,true
6567,2025-12-15,KR,ios,organic,35-44,true
6568,2025-12-15,JP,android,paid_search,35-44,true
6569,2025-12-15,JP,ios,paid_search,25-34,false
6570,2025-12-15,JP,ios,paid_search,18-24,true
6571,2025-12-15,KR,android,social,45-54,true
6572,2025-12-15,JP,web,organic,35-44,true
6573,2025-12-15,KR,web,organic,45-54,false
6574,2025-12-15,US,android,paid_search,25-34,true
6575,2025-12-15,US,android,paid_search,55+,true
6576,2025-12-15,US,ios,organic,35-44,true
6577,2025-12-15,JP,ios,organic,45-54,true
6578,2025-12-15,KR,ios,email,45-54,true
6579,2025-12-15,KR,web,referral,25-34,false
6580,2025-12-15,KR,ios,social,35-44,true
6581,2025-12-15,US,android,referral,25-34,false
6582,2025-12-16,KR,ios,social,18-24,true
6583,2025-12-16,JP,ios,referral,18-24,true
6584,2025-12-16,KR,android,paid_search,25-34,true
6585,2025-12-16,KR,android,paid_search,25-34,true
6586,2025-12-16,VN,ios,email,25-34,false
6587,2025-12-16,KR,android,organic,55+,true
6588,2025-12-16,JP,ios,paid_search,35-44,true
6589,2025-12-16,KR,android,paid_search,25-34,true
6590,2025-12-16,JP,ios,social,18-24,false
6591,2025-12-16,KR,android,referral,45-54,true
6592,2025-12-16,KR,android,organic,25-34,true
6593,2025-12-16,KR,ios,organic,18-24,true
6594,2025-12-16,KR,ios,referral,35-44,false
6595,2025-12-16,TW,android,social,18-24,false
6596,2025-12-16,KR,android,organic,55+,true
6597,2025-12-16,JP,web,referral,25-34,true
6598,2025-12-16,KR,android,paid_search,35-44,false
6599,2025-12-16,KR,ios,social,35-44,false
6600,2025-12-16,JP,android,social,45-54,true
6601,2025-12-16,KR,android,organic,55+,true
6602,2025-12-16,KR,web,organic,18-24,true
6603,2025-12-16,TW,web,paid_search,35-44,false
6604,2025-12-16,KR,ios,referral,18-24,true
6605,2025-12-16,KR,android,organic,25-34,true
6606,2025-12-16,TW,ios,paid_search,25-34,true
6607,2025-12-16,JP,ios,social,35-44,false
6608,2025-12-16,US,ios,social,45-54,false
6609,2025-12-16,TW,android,paid_search,25-34,false
6610,2025-12-16,VN,ios,paid_search,18-24,true
6611,2025-12-16,KR,ios,social,18-24,false
6612,2025-12-16,KR,android,organic,25-34,false
6613,2025-12-16,JP,android,paid_search,55+,true
6614,2025-12-16,KR,web,referral,25-34,false
6615,2025-12-16,KR,web,social,25-34,false
6616,2025-12-17,US,ios,social,35-44,true
6617,2025-12-17,KR,ios,email,25-34,true
6618,2025-12-17,KR,ios,organic,25-34,true
6619,2025-12-17,VN,ios,organic,25-34,false
6620,2025-12-17,KR,ios,social,25-34,false
6621,2025-12-17,KR,web,paid_search,45-54,false
6622,2025-12-17,JP,ios,social,35-44,true
6623,2025-12-17,KR,ios,email,45-54,false
6624,2025-12-17,JP,android,referral,25-34,true
6625,2025-12-17,KR,web,referral,55+,false
6626,2025-12-17,KR,ios,paid_search,35-44,true
6627,2025-12-17,KR,android,referral,25-34,false
6628,2025-12-17,KR,android,social,25-34,false
6629,2025-12-17,KR,ios,referral,35-44,true
6630,2025-12-17,KR,android,organic,25-34,false
6631,2025-12-17,VN,ios,social,35-44,false
6632,2025-12-17,US,ios,paid_search,25-34,true
6633,2025-12-17,KR,ios,organic,18-24,true
6634,2025-12-17,KR,ios,organic,35-44,false
6635,2025-12-17,VN,web,referral,35-44,true
6636,2025-12-17,KR,web,email,25-34,true
6637,2025-12-17,KR,ios,paid_search,25-34,true
6638,2025-12-17,JP,web,referral,25-34,true
6639,2025-12-17,KR,android,email,25-34,true
6640,2025-12-17,KR,android,paid_search,25-34,true
6641,2025-12-17,KR,android,organic,45-54,false
6642,2025-12-17,KR,ios,organic,18-24,false
6643,2025-12-17,VN,ios,organic,45-54,true
6644,2025-12-17,KR,android,organic,25-34,false
6645,2025-12-18,KR,ios,email,25-34,true
6646,2025-12-18,TW,android,social,18-24,true
6647,2025-12-18,VN,ios,referral,35-44,true
6648,2025-12-18,US,web,referral,25-34,false
6649,2025-12-18,KR,ios,referral,55+,true
6650,2025-12-18,JP,web,social,18-24,true
6651,2025-12-18,KR,web,organic,25-34,false
6652,2025-12-18,US,web,referral,35-44,false
6653,2025-12-18,KR,android,organic,25-34,true
6654,2025-12-18,VN,ios,organic,55+,false
6655,2025-12-18,JP,android,organic,25-34,false
6656,2025-12-18,VN,ios,organic,25-34,true
6657,2025-12-18,KR,ios,paid_search,35-44,false
6658,2025-12-18,KR,ios,organic,35-44,true
6659,2025-12-18,VN,ios,social,25-34,false
6660,2025-12-18,JP,ios,paid_search,18-24,true
6661,2025-12-18,VN,android,social,25-34,true
6662,2025-12-18,JP,ios,organic,25-34,true
6663,2025-12-18,TW,ios,organic,18-24,true
6664,2025-12-18,KR,ios,organic,18-24,false
6665,2025-12-18,KR,android,organic,25-34,false
6666,2025-12-18,KR,android,organic,18-24,false
6667,2025-12-18,KR,ios,paid_search,25-34,true
6668,2025-12-19,US,android,organic,25-34,false
6669,2025-12-19,KR,web,referral,25-34,false
6670,2025-12-19,KR,ios,email,35-44,true
6671,2025-12-19,US,ios,social,55+,false
6672,2025-12-19,KR,ios,referral,25-34,false
6673,2025-12-19,KR,ios,organic,25-34,true
6674,2025-12-19,KR,web,organic,35-44,true
6675,2025-12-19,KR,android,referral,25-34,true
6676,2025-12-19,KR,android,organic,35-44,true
6677,2025-12-19,JP,android,social,18-24,false
6678,2025-12-19,TW,android,organic,35-44,true
6679,2025-12-19,KR,ios,paid_search,45-54,true
6680,2025-12-19,KR,ios,organic,35-44,false
6681,2025-12-19,US,ios,organic,25-34,false
6682,2025-12-19,JP,android,referral,18-24,false
6683,2025-12-19,TW,ios,organic,35-44,true
6684,2025-12-19,KR,ios,paid_search,45-54,false
6685,2025-12-19,VN,android,social,18-24,true
6686,2025-12-19,VN,web,social,18-24,true
6687,2025-12-19,KR,ios,organic,45-54,true
6688,2025-12-19,KR,ios,organic,25-34,true
6689,2025-12-20,KR,android,paid_search,45-54,true
6690,2025-12-20,KR,android,paid_search,25-34,false
6691,2025-12-20,KR,android,paid_search,45-54,true
6692,2025-12-20,KR,android,social,25-34,false
6693,2025-12-20,US,ios,organic,45-54,true
6694,2025-12-20,KR,ios,organic,25-34,false
6695,2025-12-20,KR,ios,paid_search,25-34,false
6696,2025-12-20,KR,web,referral,35-44,true
6697,2025-12-20,KR,android,social,45-54,false
6698,2025-12-20,KR,android,paid_search,18-24,false
6699,2025-12-20,VN,web,referral,25-34,false
6700,2025-12-20,KR,android,organic,35-44,true
6701,2025-12-20,JP,web,social,25-34,true
6702,2025-12-20,KR,android,organic,25-34,false
6703,2025-12-20,KR,android,referral,45-54,false
6704,2025-12-20,JP,android,paid_search,18-24,true
6705,2025-12-20,KR,ios,organic,45-54,true
6706,2025-12-20,KR,android,organic,25-34,true
6707,2025-12-20,JP,android,social,25-34,false
6708,2025-12-20,KR,android,organic,18-24,true
6709,2025-12-20,KR,ios,organic,45-54,false
6710,2025-12-20,KR,ios,organic,55+,true
6711,2025-12-21,US,android,paid_search,35-44,false
6712,2025-12-21,US,android,organic,35-44,true
6713,2025-12-21,KR,android,organic,45-54,false
6714,2025-12-21,KR,ios,paid_search,18-24,true
6715,2025-12-21,VN,ios,organic,25-34,true
6716,2025-12-21,US,web,paid_search,25-34,false
6717,2025-12-21,KR,android,paid_search,25-34,true
6718,2025-12-21,KR,android,paid_search,35-44,false
6719,2025-12-21,JP,android,organic,35-44,false
6720,2025-12-21,KR,web,email,35-44,true
6721,2025-12-21,KR,ios,organic,18-24,false
6722,2025-12-21,KR,android,paid_search,25-34,true
6723,2025-12-21,KR,ios,paid_search,18-24,false
6724,2025-12-21,KR,android,paid_search,18-24,true
6725,2025-12-21,KR,android,social,18-24,true
6726,2025-12-21,KR,android,paid_search,18-24,true
6727,2025-12-21,JP,android,organic,35-44,true
6728,2025-12-21,US,android,paid_search,25-34,true
6729,2025-12-21,JP,ios,social,25-34,false
6730,2025-12-21,TW,ios,paid_search,35-44,false
6731,2025-12-21,KR,android,social,55+,false
6732,2025-12-21,KR,ios,organic,35-44,false
6733,2025-12-21,US,android,organic,25-34,true
6734,2025-12-21,KR,ios,organic,25-34,true
6735,2025-12-21,TW,web,organic,35-44,true
6736,2025-12-21,VN,android,organic,25-34,false
6737,2025-12-21,VN,android,paid_search,35-44,false
6738,2025-12-21,KR,ios,organic,35-44,true
6739,2025-12-21,US,web,organic,45-54,false
6740,2025-12-21,KR,ios,paid_search,55+,false
6741,2025-12-21,KR,ios,organic,25-34,false
6742,2025-12-22,US,android,organic,25-34,true
6743,2025-12-22,KR,ios,social,25-34,false
6744,2025-12-22,VN,ios,social,18-24,true
6745,2025-12-22,KR,ios,social,35-44,false
6746,2025-12-22,KR,android,social,45-54,false
6747,2025-12-22,KR,android,paid_search,18-24,false
6748,2025-12-22,VN,web,organic,18-24,true
6749,2025-12-22,US,android,social,45-54,true
6750,2025-12-22,KR,android,organic,25-34,true
6751,2025-12-22,KR,web,organic,25-34,false
6752,2025-12-22,KR,android,email,25-34,true
6753,2025-12-22,KR,ios,organic,18-24,true
6754,2025-12-22,JP,ios,paid_search,18-24,false
6755,2025-12-22,KR,ios,email,35-44,false
6756,2025-12-22,JP,android,organic,25-34,false
6757,2025-12-22,TW,android,paid_search,35-44,false
6758,2025-12-23,KR,android,organic,25-34,false
6759,2025-12-23,KR,android,organic,18-24,false
6760,2025-12-23,KR,web,social,45-54,true
6761,2025-12-23,KR,ios,social,35-44,true
6762,2025-12-23,KR,android,organic,35-44,false
6763,2025-12-23,KR,android,referral,18-24,true
6764,2025-12-23,KR,android,social,35-44,false
6765,2025-12-23,KR,ios,paid_search,18-24,false
6766,2025-12-23,KR,ios,social,18-24,true
6767,2025-12-23,VN,android,organic,25-34,false
6768,2025-12-23,KR,ios,organic,45-54,true
6769,2025-12-23,JP,ios,paid_search,25-34,true
6770,2025-12-23,KR,ios,referral,35-44,true
6771,2025-12-23,KR,web,paid_search,25-34,false
6772,2025-12-23,KR,android,organic,35-44,true
6773,2025-12-23,KR,web,paid_search,25-34,false
6774,2025-12-23,KR,ios,social,55+,true
6775,2025-12-23,US,android,organic,35-44,true
6776,2025-12-23,JP,android,organic,18-24,true
6777,2025-12-23,KR,web,referral,45-54,true
6778,2025-12-23,KR,android,organic,18-24,true
6779,2025-12-23,VN,android,organic,45-54,false
6780,2025-12-23,KR,ios,organic,25-34,false
6781,2025-12-23,KR,ios,organic,25-34,false
6782,2025-12-23,KR,android,email,35-44,true
6783,2025-12-23,JP,web,social,18-24,true
6784,2025-12-23,KR,ios,social,25-34,false
6785,2025-12-23,KR,android,organic,25-34,true
6786,2025-12-23,VN,ios,organic,18-24,false
6787,2025-12-24,KR,web,organic,18-24,false
6788,2025-12-24,KR,ios,referral,35-44,true
6789,2025-12-24,TW,ios,organic,25-34,true
6790,2025-12-24,KR,web,email,35-44,false
6791,2025-12-24,KR,ios,organic,25-34,true
6792,2025-12-24,KR,web,organic,35-44,true
6793,2025-12-24,KR,android,organic,18-24,false
6794,2025-12-24,KR,ios,paid_search,18-24,true
6795,2025-12-24,US,ios,paid_search,35-44,false
6796,2025-12-24,KR,android,social,25-34,true
6797,2025-12-24,US,android,organic,35-44,true
6798,2025-12-24,KR,ios,organic,35-44,true
6799,2025-12-24,KR,android,social,25-34,true
6800,2025-12-24,KR,web,organic,25-34,false
6801,2025-12-24,JP,web,paid_search,55+,true
6802,2025-12-24,US,ios,email,45-54,false
6803,2025-12-24,KR,ios,paid_search,18-24,false
6804,2025-12-24,KR,ios,organic,35-44,true
6805,2025-12-24,KR,ios,organic,25-34,true
6806,2025-12-24,JP,android,email,25-34,true
6807,2025-12-24,VN,web,paid_search,18-24,true
6808,2025-12-25,KR,ios,organic,25-34,true
6809,2025-12-25,US,ios,email,25-34,false
6810,2025-12-25,JP,ios,organic,18-24,false
6811,2025-12-25,KR,android,referral,25-34,false
6812,2025-12-25,VN,android,organic,25-34,true
6813,2025-12-25,KR,android,email,25-34,true
6814,2025-12-25,KR,web,organic,25-34,false
6815,2025-12-25,KR,android,paid_search,35-44,true
6816,2025-12-25,KR,android,paid_search,55+,true
6817,2025-12-25,KR,android,paid_search,18-24,true
6818,2025-12-25,TW,android,organic,18-24,true
6819,2025-12-25,KR,web,email,55+,true
6820,2025-12-25,KR,ios,organic,35-44,true
6821,2025-12-25,KR,web,social,55+,true
6822,2025-12-25,US,android,organic,25-34,false
6823,2025-12-25,KR,android,organic,55+,true
6824,2025-12-25,JP,web,paid_search,45-54,false
6825,2025-12-25,KR,android,social,18-24,true
6826,2025-12-25,KR,ios,email,55+,false
6827,2025-12-25,KR,android,organic,25-34,false
6828,2025-12-25,KR,android,organic,45-54,true
6829,2025-12-25,KR,ios,organic,35-44,false
6830,2025-12-25,KR,ios,email,35-44,false
6831,2025-12-26,KR,web,social,25-34,true
6832,2025-12-26,KR,web,paid_search,35-44,false
6833,2025-12-26,JP,android,referral,25-34,false
6834,2025-12-26,KR,ios,organic,45-54,false
6835,2025-12-26,KR,ios,social,25-34,true
6836,2025-12-26,JP,ios,organic,25-34,false
6837,2025-12-26,KR,ios,paid_search,25-34,true
6838,2025-12-26,KR,ios,social,18-24,false
6839,2025-12-26,TW,ios,social,35-44,true
6840,2025-12-26,KR,web,organic,35-44,false
6841,2025-12-26,KR,android,referral,18-24,true
6842,2025-12-26,KR,android,paid_search,25-34,false
6843,2025-12-26,TW,ios,referral,25-34,true
6844,2025-12-26,KR,android,referral,25-34,false
6845,2025-12-26,KR,ios,email,45-54,true
6846,2025-12-26,KR,ios,email,18-24,true
6847,2025-12-26,JP,web,organic,35-44,true
6848,2025-12-26,KR,ios,referral,35-44,false
6849,2025-12-26,KR,web,paid_search,25-34,true
6850,2025-12-26,US,android,social,35-44,false
6851,2025-12-27,KR,android,paid_search,35-44,true
6852,2025-12-27,JP,web,paid_search,18-24,true
6853,2025-12-27,US,web,organic,55+,true
6854,2025-12-27,VN,web,paid_search,55+,true
6855,2025-12-27,KR,web,organic,25-34,true
6856,2025-12-27,KR,android,referral,45-54,false
6857,2025-12-27,JP,web,organic,35-44,true
6858,2025-12-27,KR,ios,organic,55+,true
6859,2025-12-27,VN,android,social,25-34,false
6860,2025-12-27,KR,android,email,35-44,false
6861,2025-12-27,KR,android,organic,25-34,true
6862,2025-12-27,JP,web,social,45-54,true
6863,2025-12-27,KR,android,organic,25-34,false
6864,2025-12-27,KR,ios,organic,35-44,true
6865,2025-12-27,KR,ios,social,45-54,true
6866,2025-12-27,JP,ios,organic,25-34,true
6867,2025-12-27,TW,web,referral,18-24,false
6868,2025-12-27,KR,ios,social,45-54,false
6869,2025-12-27,VN,ios,referral,55+,false
6870,2025-12-27,KR,android,organic,18-24,false
6871,2025-12-27,TW,web,organic,35-44,true
6872,2025-12-27,KR,android,email,45-54,false
6873,2025-12-27,KR,android,paid_search,35-44,false
6874,2025-12-27,KR,ios,referral,25-34,true
6875,2025-12-27,VN,android,social,25-34,false
6876,2025-12-27,KR,android,paid_search,18-24,true
6877,2025-12-27,KR,android,organic,45-54,true
6878,2025-12-27,KR,android,social,25-34,true
6879,2025-12-27,KR,ios,organic,35-44,true
6880,2025-12-28,KR,android,organic,45-54,false
6881,2025-12-28,KR,ios,paid_search,25-34,false
6882,2025-12-28,KR,android,social,35-44,false
6883,2025-12-28,VN,ios,organic,55+,true
6884,2025-12-28,JP,ios,organic,25-34,false
6885,2025-12-28,KR,ios,organic,18-24,true
6886,2025-12-28,VN,android,organic,25-34,true
6887,2025-12-28,KR,ios,referral,25-34,true
6888,2025-12-28,JP,ios,social,35-44,true
6889,2025-12-28,US,ios,organic,35-44,false
6890,2025-12-28,KR,ios,referral,35-44,true
6891,2025-12-28,KR,android,social,18-24,true
6892,2025-12-28,KR,android,social,35-44,false
6893,2025-12-28,KR,web,referral,45-54,false
6894,2025-12-28,VN,ios,paid_search,25-34,true
6895,2025-12-28,US,ios,organic,25-34,true
6896,2025-12-28,KR,ios,organic,25-34,false
6897,2025-12-28,KR,ios,email,18-24,false
6898,2025-12-28,US,web,paid_search,25-34,false
6899,2025-12-28,KR,android,paid_search,45-54,false
6900,2025-12-28,JP,web,paid_search,25-34,false
6901,2025-12-28,KR,android,organic,35-44,true
6902,2025-12-28,JP,web,organic,45-54,true
6903,2025-12-29,KR,web,organic,18-24,false
6904,2025-12-29,KR,ios,paid_search,18-24,true
6905,2025-12-29,US,android,paid_search,35-44,true
6906,2025-12-29,KR,web,social,35-44,true
6907,2025-12-29,US,android,organic,25-34,true
6908,2025-12-29,TW,android,paid_search,25-34,false
6909,2025-12-29,KR,android,referral,45-54,true
6910,2025-12-29,JP,ios,email,18-24,false
6911,2025-12-29,KR,web,organic,18-24,false
6912,2025-12-29,KR,ios,organic,55+,false
6913,2025-12-29,JP,web,referral,25-34,true
6914,2025-12-29,KR,android,organic,45-54,true
6915,2025-12-29,KR,android,referral,18-24,true
6916,2025-12-29,KR,web,paid_search,25-34,false
6917,2025-12-29,KR,ios,organic,35-44,true
6918,2025-12-29,KR,android,email,35-44,false
6919,2025-12-29,KR,ios,email,35-44,true
6920,2025-12-29,JP,ios,paid_search,25-34,false
6921,2025-12-29,JP,android,paid_search,45-54,true
6922,2025-12-29,KR,web,referral,25-34,true
6923,2025-12-29,JP,ios,social,35-44,false
6924,2025-12-29,KR,web,email,35-44,true
6925,2025-12-29,TW,android,organic,25-34,true
6926,2025-12-29,KR,android,organic,25-34,false
6927,2025-12-29,KR,android,email,18-24,true
6928,2025-12-29,KR,android,paid_search,55+,false
6929,2025-12-29,KR,web,organic,35-44,false
6930,2025-12-29,KR,android,organic,45-54,false
6931,2025-12-29,JP,web,paid_search,55+,true
6932,2025-12-29,KR,ios,organic,35-44,true
6933,2025-12-30,JP,web,social,25-34,false
6934,2025-12-30,JP,web,organic,35-44,true
6935,2025-12-30,KR,ios,social,18-24,true
6936,2025-12-30,KR,ios,paid_search,45-54,false
6937,2025-12-30,US,android,organic,18-24,true
6938,2025-12-30,VN,ios,organic,35-44,false
6939,2025-12-30,KR,web,paid_search,55+,true
6940,2025-12-30,KR,ios,paid_search,18-24,true
6941,2025-12-30,KR,android,organic,18-24,true
6942,2025-12-30,KR,ios,email,25-34,false
6943,2025-12-30,KR,android,organic,25-34,false
6944,2025-12-30,VN,android,organic,35-44,false
6945,2025-12-30,KR,android,paid_search,25-34,true
6946,2025-12-30,KR,android,paid_search,25-34,true
6947,2025-12-30,KR,android,organic,25-34,true
6948,2025-12-30,KR,android,paid_search,25-34,true
6949,2025-12-30,KR,ios,email,35-44,false
6950,2025-12-30,KR,web,paid_search,25-34,false
6951,2025-12-30,KR,web,organic,45-54,false
6952,2025-12-30,KR,web,organic,35-44,true
6953,2025-12-30,KR,android,paid_search,35-44,true
6954,2025-12-30,KR,ios,social,18-24,true
6955,2025-12-30,TW,web,paid_search,25-34,false
6956,2025-12-30,KR,ios,email,25-34,true
6957,2025-12-30,KR,web,social,25-34,false
6958,2025-12-30,US,android,organic,25-34,false
6959,2025-12-30,KR,android,social,35-44,true
6960,2025-12-30,KR,android,organic,25-34,true
6961,2025-12-30,KR,android,email,25-34,true
6962,2025-12-30,KR,android,paid_search,45-54,false
6963,2025-12-31,KR,android,paid_search,25-34,true
6964,2025-12-31,KR,android,paid_search,45-54,true
6965,2025-12-31,VN,android,social,35-44,false
6966,2025-12-31,KR,ios,paid_search,55+,true
6967,2025-12-31,US,web,organic,45-54,true
6968,2025-12-31,KR,android,referral,25-34,true
6969,2025-12-31,KR,android,social,25-34,true
6970,2025-12-31,KR,ios,referral,18-24,true
6971,2025-12-31,US,android,social,25-34,true
6972,2025-12-31,JP,web,social,25-34,true
6973,2025-12-31,US,android,organic,25-34,true
6974,2025-12-31,KR,web,paid_search,25-34,false
6975,2025-12-31,TW,web,social,55+,true
6976,2025-12-31,US,ios,organic,18-24,true
6977,2025-12-31,JP,web,organic,45-54,false
6978,2025-12-31,KR,android,organic,25-34,true
6979,2025-12-31,VN,ios,organic,35-44,false
6980,2025-12-31,VN,android,referral,35-44,true
6981,2025-12-31,KR,ios,social,25-34,true
6982,2025-12-31,VN,web,paid_search,35-44,false
6983,2025-12-31,KR,android,organic,45-54,true
6984,2025-12-31,JP,ios,paid_search,45-54,true
6985,2025-12-31,VN,ios,paid_search,35-44,true
6986,2025-12-31,KR,android,paid_search,35-44,true
6987,2025-12-31,KR,ios,email,25-34,true
6988,2025-12-31,KR,android,paid_search,25-34,false
6989,2025-12-31,VN,web,paid_search,25-34,true
6990,2025-12-31,KR,android,organic,25-34,false
6991,2025-12-31,JP,ios,referral,25-34,false
6992,2025-12-31,VN,ios,referral,45-54,false
6993,2025-12-31,KR,ios,organic,45-54,true
6994,2025-12-31,KR,web,paid_search,25-34,false
6995,2025-12-31,KR,android,organic,25-34,true
6996,2025-12-31,JP,ios,organic,55+,false
6997,2025-12-31,KR,web,organic,35-44,false
6998,2025-12-31,KR,ios,referral,18-24,true
6999,2025-12-31,JP,ios,organic,25-34,true
7000,2025-12-31,KR,android,paid_search,35-44,true
